Date,Open,High,Low,Close,Volume
1998-01-02,350.7386,352.6399,349.6238,351.0496,96111599.0
1998-01-05,351.5378,356.5517,349.803,355.106,61278509.0
1998-01-06,355.5698,357.9296,355.2843,356.9229,71315133.0
1998-01-07,358.1844,361.3142,357.4158,360.945,42788164.0
1998-01-08,362.5934,369.716,361.4671,367.5541,86774120.0
1998-01-09,367.8868,368.6017,365.1665,368.3821,61978010.0
1998-01-12,370.0136,373.0593,369.8676,373.0593,77195650.0
1998-01-13,373.488,378.3682,372.7528,376.4046,73286190.0
1998-01-14,375.2627,376.0262,372.9685,373.1677,77577857.0
1998-01-15,373.2692,379.1405,372.513,377.7844,40026562.0
1998-01-16,377.9696,381.4339,377.7592,379.3655,54229729.0
1998-01-19,378.1587,379.1707,376.702,376.9803,83239698.0
1998-01-20,376.8425,379.1597,375.2701,376.2283,87116142.0
1998-01-21,374.9564,375.0753,371.5955,372.0983,70939416.0
1998-01-22,372.2875,377.1794,371.8337,375.3118,51567846.0
1998-01-23,374.221,375.8721,373.056,373.056,45115952.0
1998-01-26,373.1118,374.4641,371.8091,373.5041,76954718.0
1998-01-27,372.0789,372.6061,369.8283,370.0957,138377411.0
1998-01-28,370.6967,373.0159,368.1614,372.5652,81878652.0
1998-01-29,374.0508,376.5147,373.9866,374.8247,90044952.0
1998-01-30,377.4794,379.8067,377.1529,378.9812,39713760.0
1998-02-02,379.3215,381.8056,378.359,381.1745,99487635.0
1998-02-03,381.3652,386.0689,381.2263,382.1923,46728450.0
1998-02-04,381.0317,381.0486,376.37,376.4396,27660518.0
1998-02-05,376.6697,382.3564,375.5231,378.5908,58035305.0
1998-02-06,370.8599,371.3384,365.1276,365.1276,42726144.0
1998-02-09,366.1171,371.4104,364.6205,371.4104,61195424.0
1998-02-10,371.5877,374.0555,369.4255,372.1923,79282855.0
1998-02-11,372.4164,374.8673,370.8398,372.8139,41745236.0
1998-02-12,373.2795,378.1814,371.7054,375.5945,90575913.0
1998-02-13,374.8228,377.8587,372.5057,373.183,55571674.0
1998-02-16,372.9668,375.5358,371.0285,372.3995,39372548.0
1998-02-17,372.5201,376.7529,370.4214,373.3216,44586274.0
1998-02-18,372.5854,372.5854,368.9164,370.2783,51633263.0
1998-02-19,369.9264,371.1589,368.1575,368.9474,32286577.0
1998-02-20,368.2349,368.828,365.965,367.6145,48529709.0
1998-02-23,367.6301,376.6811,367.4134,373.0619,45746782.0
1998-02-24,372.1749,372.6548,368.4127,370.3812,71015029.0
1998-02-25,368.8182,370.5278,366.798,367.7539,37368275.0
1998-02-26,368.139,369.7037,365.5892,369.4824,44383384.0
1998-02-27,369.6883,380.0062,368.3282,379.8806,72507932.0
1998-03-02,379.5029,381.9717,378.3232,378.916,97833183.0
1998-03-03,378.2812,380.5474,377.5388,377.6041,50562036.0
1998-03-04,377.3742,379.0561,376.45,377.2283,82440996.0
1998-03-05,377.2267,380.3659,376.6326,377.2242,42870060.0
1998-03-06,377.5293,380.7255,377.4124,378.5235,35947780.0
1998-03-09,377.673,379.5855,376.1532,376.9234,101498102.0
1998-03-10,378.0649,382.2365,377.916,380.6251,57545343.0
1998-03-11,380.6721,382.8575,379.0628,381.0283,80371911.0
1998-03-12,381.4187,382.9823,380.6196,382.5017,122040340.0
1998-03-13,381.7856,382.7062,380.7059,381.3685,51784951.0
1998-03-16,381.9525,384.8343,381.2787,383.7637,38323067.0
1998-03-17,384.5548,386.1233,382.8761,385.2513,80966311.0
1998-03-18,385.9207,387.2315,384.7883,386.7849,41774616.0
1998-03-19,386.9283,389.7056,385.9811,387.5837,44018593.0
1998-03-20,387.8929,392.753,387.5651,390.7192,39474606.0
1998-03-23,391.5687,392.8033,390.4414,392.7299,42731988.0
1998-03-24,392.9575,395.5228,392.745,394.1423,65473661.0
1998-03-25,392.1176,392.7211,390.0136,390.2051,139818581.0
1998-03-26,389.6546,390.2453,387.5328,387.8693,70365245.0
1998-03-27,388.4768,389.7333,387.334,389.052,81194793.0
1998-03-30,388.2842,388.4608,384.5792,385.0925,55382221.0
1998-03-31,385.0073,386.4578,383.4238,383.6693,33821682.0
1998-04-01,383.4963,383.5168,380.1716,381.7473,84378127.0
1998-04-02,379.3861,379.7495,370.2058,370.2058,35774466.0
1998-04-03,370.0316,371.6804,366.8011,369.4121,82689346.0
1998-04-06,369.2044,371.4076,367.2456,368.1359,64462829.0
1998-04-07,368.64,370.2486,366.1385,369.8482,64631273.0
1998-04-08,370.2902,372.9781,369.0425,371.7798,231754844.0
1998-04-09,372.5227,374.5864,372.378,373.7506,66037719.0
1998-04-10,375.8795,382.813,375.6018,382.6114,71466856.0
1998-04-13,384.9964,388.1822,384.5272,387.9836,139774993.0
1998-04-14,387.5182,388.3927,385.4643,387.1616,54487990.0
1998-04-15,386.8047,388.7203,385.3227,385.7766,100152115.0
1998-04-16,384.1667,384.964,381.252,381.4765,73123871.0
1998-04-17,381.6045,383.5615,379.6569,381.7758,63744796.0
1998-04-20,381.7441,381.7441,376.6282,381.5931,46858744.0
1998-04-21,381.7442,383.5924,379.703,382.7628,35408115.0
1998-04-22,384.3554,386.5386,383.788,386.214,53355086.0
1998-04-23,388.8585,395.0156,388.8482,394.7499,45729477.0
1998-04-24,394.7947,397.0011,393.2229,395.1078,57884974.0
1998-04-27,392.971,393.6254,390.6353,390.6353,71877209.0
1998-04-28,390.4175,391.3766,385.5581,387.4428,90562005.0
1998-04-29,387.5366,388.4889,383.8353,388.0233,70929551.0
1998-04-30,385.4279,385.572,381.5315,382.0063,61621886.0
1998-05-01,382.3072,385.0424,381.6109,384.3458,46593191.0
1998-05-04,384.2926,384.9776,381.4259,383.7409,54737232.0
1998-05-05,383.5628,386.2739,381.6926,381.6926,108215775.0
1998-05-06,381.959,384.0735,381.7244,382.5369,70857834.0
1998-05-07,384.5753,388.0026,384.0227,387.385,60661250.0
1998-05-08,387.6374,391.0429,386.957,389.0934,58407204.0
1998-05-11,390.5844,395.9593,390.5193,393.8897,48856639.0
1998-05-12,394.1441,396.7632,392.302,394.7526,59006236.0
1998-05-13,395.5566,398.0835,395.1814,396.9522,49357683.0
1998-05-14,396.7502,397.1094,394.0336,394.3747,57376932.0
1998-05-15,393.4196,394.9078,391.4745,392.0857,55687605.0
1998-05-18,392.0982,392.5242,389.8143,392.3022,42420136.0
1998-05-19,392.1734,395.0081,391.6667,391.6927,70030890.0
1998-05-20,391.8971,394.7707,388.6415,392.959,25057313.0
1998-05-21,392.7687,394.4484,390.8634,391.4787,77299111.0
1998-05-22,391.5894,395.0098,390.8286,392.6781,98189854.0
1998-05-25,394.6654,399.6549,393.7526,398.7748,49601220.0
1998-05-26,399.0102,400.6251,397.8767,400.2566,38407050.0
1998-05-27,399.6125,400.3383,398.1272,399.0986,104890976.0
1998-05-28,399.1282,400.9661,398.9971,399.2201,59856176.0
1998-05-29,399.6727,402.9432,399.4438,400.9454,34118861.0
1998-06-01,401.0437,402.8561,398.8477,402.2585,90358976.0
1998-06-02,401.974,402.4882,400.0249,400.4224,76970426.0
1998-06-03,400.2827,400.7056,397.4288,399.2725,45588437.0
1998-06-04,398.8462,399.3665,396.7375,397.4765,58693900.0
1998-06-05,398.2295,402.2303,397.9666,401.5304,69107402.0
1998-06-08,400.9132,401.4341,395.9601,396.2088,40382018.0
1998-06-09,396.3159,398.2493,395.7504,396.7236,56976946.0
1998-06-10,396.497,397.4286,392.646,394.1572,56461638.0
1998-06-11,393.1747,393.4709,390.0866,390.1233,39018096.0
1998-06-12,389.7155,390.4417,387.8328,388.8846,38933270.0
1998-06-15,388.8009,391.2236,387.0449,388.3757,53260484.0
1998-06-16,387.3728,388.513,385.9898,386.4949,82127280.0
1998-06-17,386.6403,387.6499,383.3782,387.6499,72832329.0
1998-06-18,387.8684,389.8661,387.3245,388.2968,66650869.0
1998-06-19,390.9838,393.5764,390.6109,392.9683,44213459.0
1998-06-22,392.8848,394.2665,391.033,392.7104,56806232.0
1998-06-23,393.3515,395.1713,392.015,394.9714,63374304.0
1998-06-24,394.7417,395.362,392.92,394.0904,39567310.0
1998-06-25,394.803,402.5158,394.803,402.1375,164068689.0
1998-06-26,401.4877,402.6867,400.369,400.4887,81772102.0
1998-06-29,398.8512,399.2671,393.7308,395.0188,96239011.0
1998-06-30,394.7533,395.0883,392.1374,392.7277,67680377.0
1998-07-01,392.8801,394.2873,391.5224,393.3132,54184641.0
1998-07-02,394.0867,399.7764,393.992,399.7764,66758729.0
1998-07-03,399.6696,400.8444,398.6848,399.5872,37025807.0
1998-07-06,399.8688,401.9386,397.777,401.4043,59397040.0
1998-07-07,401.5021,401.9673,398.8585,401.6313,81447570.0
1998-07-08,400.9503,402.0105,399.3859,400.0,66205307.0
1998-07-09,399.8032,400.536,395.9416,397.8136,191739780.0
1998-07-10,397.1271,397.6055,392.9292,394.7359,67133816.0
1998-07-13,394.7931,396.3663,394.3259,394.9182,38792669.0
1998-07-14,394.5124,394.6245,392.0012,392.8121,84438644.0
1998-07-15,391.8495,394.1564,389.8092,390.2067,79115334.0
1998-07-16,392.586,397.0507,392.586,394.568,60131694.0
1998-07-17,394.963,399.1656,393.8829,397.8692,66377723.0
1998-07-20,397.8785,399.9318,397.3134,397.9067,53530552.0
1998-07-21,398.7598,400.8839,398.1827,400.4532,65226032.0
1998-07-22,400.7445,402.6938,400.3797,401.4776,66848236.0
1998-07-23,401.524,401.7159,399.0744,401.559,55827057.0
1998-07-24,401.3459,403.4921,400.9553,401.1186,46937899.0
1998-07-27,401.0122,401.4874,397.5298,399.8777,83334542.0
1998-07-28,399.7362,402.2583,398.8565,399.0453,68685493.0
1998-07-29,399.6416,403.5652,398.822,403.3317,59181617.0
1998-07-30,403.9636,407.3622,403.9399,407.3622,93366222.0
1998-07-31,407.6267,408.6812,405.1086,408.6204,106621245.0
1998-08-03,408.0472,408.8612,405.5329,405.9176,63204847.0
1998-08-04,406.0073,407.8349,405.763,406.9059,84357044.0
1998-08-05,406.7627,408.8519,405.799,406.4129,47371757.0
1998-08-06,405.374,406.607,403.8598,404.0567,82725470.0
1998-08-07,404.954,407.6824,404.3679,406.6446,67173377.0
1998-08-10,406.2646,406.3181,402.3372,403.5805,50328299.0
1998-08-11,404.8033,411.4989,404.2732,409.1137,83798940.0
1998-08-12,409.0748,409.7996,406.7978,408.9358,60829488.0
1998-08-13,408.8752,409.1172,406.1015,408.6718,75501568.0
1998-08-14,408.8008,411.2856,407.728,410.9901,61308326.0
1998-08-17,407.9574,407.9574,405.6367,406.1765,74523587.0
1998-08-18,406.267,408.7551,404.7194,406.8173,50508091.0
1998-08-19,406.5834,408.1308,404.9037,406.0814,57146667.0
1998-08-20,406.7497,410.4899,405.6503,409.9694,116006052.0
1998-08-21,409.5146,410.7061,407.7737,408.8047,60136384.0
1998-08-24,408.6421,409.4664,406.737,407.5616,50536649.0
1998-08-25,408.0436,410.861,407.6808,409.0118,79327306.0
1998-08-26,408.3656,409.6785,407.9907,408.0208,68090637.0
1998-08-27,408.7709,410.8955,408.1402,409.7054,158907693.0
1998-08-28,408.9045,409.0899,405.5474,406.6955,46199660.0
1998-08-31,407.3812,413.6519,406.9446,413.1706,85572625.0
1998-09-01,412.505,412.7827,410.3322,411.0569,43503510.0
1998-09-02,411.7438,414.0719,411.0224,413.8487,115722818.0
1998-09-03,413.2754,413.9734,411.6691,412.2009,80464599.0
1998-09-04,411.4353,412.5168,409.7876,409.7876,50034230.0
1998-09-07,411.0848,418.8307,410.9425,418.4225,59682709.0
1998-09-08,419.0159,422.098,419.0159,420.508,112437626.0
1998-09-09,419.667,421.2412,415.0714,415.0714,69804933.0
1998-09-10,415.0065,415.9208,411.3395,414.205,54726264.0
1998-09-11,414.1992,415.5379,410.9097,414.1124,39468301.0
1998-09-14,415.8849,419.1443,414.6464,418.5969,50928802.0
1998-09-15,419.4125,421.9606,418.7841,421.0035,71757450.0
1998-09-16,421.9624,423.4866,421.3544,423.0588,39981511.0
1998-09-17,422.7721,424.2187,421.3079,421.4107,50857248.0
1998-09-18,421.5703,423.3501,420.684,421.713,37215895.0
1998-09-21,421.2443,422.2065,418.5435,419.2515,67028842.0
1998-09-22,419.3385,419.8091,417.9496,419.436,49501842.0
1998-09-23,419.4423,420.2414,416.4616,419.472,90327452.0
1998-09-24,419.7737,423.7223,419.1796,423.0457,37476008.0
1998-09-25,423.2279,425.4107,422.1211,423.9613,92031086.0
1998-09-28,423.9425,426.9806,423.0364,423.7841,72125387.0
1998-09-29,423.7768,425.889,422.484,423.6837,33760574.0
1998-09-30,422.4498,422.7193,411.9989,411.9989,72620547.0
1998-10-01,407.8213,408.9542,405.3195,405.5374,56387256.0
1998-10-02,405.5565,408.2699,402.7,405.734,55467884.0
1998-10-05,404.5914,404.5914,398.4353,398.4353,55156712.0
1998-10-06,398.6326,403.3144,398.3609,399.5657,42287505.0
1998-10-07,398.1349,399.1772,395.0898,396.5557,36983906.0
1998-10-08,395.781,396.7657,392.0552,393.7289,90896769.0
1998-10-09,395.081,396.6665,392.8173,395.5273,83535630.0
1998-10-12,395.5323,400.6057,393.3395,395.5661,36181037.0
1998-10-13,395.8434,397.2895,394.9128,396.0407,68624627.0
1998-10-14,394.4693,395.1573,392.7923,393.2022,126769186.0
1998-10-15,393.0682,393.8932,390.2512,392.7813,60152481.0
1998-10-16,389.5414,390.0515,386.6773,387.1213,40154028.0
1998-10-19,386.6162,388.9873,384.6166,385.4055,35939635.0
1998-10-20,389.7231,394.2977,389.4762,392.8486,84612136.0
1998-10-21,391.1419,391.1454,384.226,386.0462,43096039.0
1998-10-22,384.945,384.945,380.8955,382.1056,51111878.0
1998-10-23,382.5335,387.0548,380.395,386.4112,68382425.0
1998-10-26,385.7833,387.8924,381.2251,382.0379,36359104.0
1998-10-27,380.565,381.4626,376.6409,378.2033,89262899.0
1998-10-28,379.0586,380.1181,376.8997,379.8637,39593506.0
1998-10-29,381.0756,385.143,377.0394,384.4866,46168242.0
1998-10-30,383.9089,384.7262,380.0151,382.0,63738690.0
1998-11-02,382.7328,386.4777,381.9802,383.7436,70898838.0
1998-11-03,383.7991,384.3385,379.8048,383.8779,49876898.0
1998-11-04,383.3537,386.1217,380.2877,381.4041,66663297.0
1998-11-05,381.9151,385.6836,381.6159,384.11,37918079.0
1998-11-06,383.23,385.925,378.991,378.991,48153926.0
1998-11-09,378.2424,379.1222,377.0225,377.3819,85874355.0
1998-11-10,377.2481,378.2158,374.0558,376.3443,52881057.0
1998-11-11,376.2463,377.0536,374.3676,376.1257,70733753.0
1998-11-12,374.8597,377.9765,373.225,373.2516,51014635.0
1998-11-13,371.8991,373.1412,369.257,370.1671,96019281.0
1998-11-16,371.3748,376.1124,368.2534,374.5489,67755139.0
1998-11-17,373.186,374.9897,369.9272,370.4909,84705199.0
1998-11-18,370.3732,371.4378,369.0304,369.9369,39062189.0
1998-11-19,368.8878,370.8745,367.1642,367.4234,61668160.0
1998-11-20,367.5004,369.3798,365.2588,368.6172,45903256.0
1998-11-23,369.4829,373.9549,368.3801,373.3771,61308811.0
1998-11-24,374.1243,375.7678,372.4127,375.1226,86829164.0
1998-11-25,374.6782,376.7348,373.5707,373.5838,55743784.0
1998-11-26,372.7389,373.5252,370.0272,371.0667,61106336.0
1998-11-27,371.1811,376.28,369.851,375.3976,57197102.0
1998-11-30,373.6049,374.3518,367.2489,367.3016,123365955.0
1998-12-01,366.6131,367.4596,360.7601,363.4123,65006393.0
1998-12-02,362.4535,363.5759,359.3682,361.2042,138864708.0
1998-12-03,361.6098,366.6054,361.3266,366.2051,48389590.0
1998-12-04,366.3189,368.6626,364.4067,366.625,48260237.0
1998-12-07,367.1262,369.8944,366.4558,368.8544,100364233.0
1998-12-08,377.6742,385.1215,376.5726,383.6853,37871711.0
1998-12-09,383.7826,384.8038,379.626,384.0124,50894025.0
1998-12-10,381.9113,382.5356,379.453,380.3648,59641932.0
1998-12-11,384.4091,387.6192,382.4528,387.07,113826056.0
1998-12-14,385.6942,386.739,382.8956,383.8823,96100883.0
1998-12-15,383.8116,386.4737,382.5061,383.5013,35548611.0
1998-12-16,383.5144,387.2838,382.6557,383.8311,47348775.0
1998-12-17,380.1585,380.4263,375.3035,376.1422,65148323.0
1998-12-18,375.0932,375.886,371.3788,372.576,61409061.0
1998-12-21,372.9137,375.9086,372.1171,373.4714,90997788.0
1998-12-22,374.3282,377.281,371.5826,376.2012,84198712.0
1998-12-23,377.2426,384.465,376.805,381.8784,69894563.0
1998-12-24,381.2382,381.7849,375.2824,375.2824,136627730.0
1998-12-25,374.5796,374.5873,370.4345,373.9012,41954654.0
1998-12-28,371.1589,371.1589,365.888,366.8972,146318331.0
1998-12-29,366.2839,368.5581,362.8331,365.4071,55230616.0
1998-12-30,365.8525,368.5838,362.6908,367.1802,36979369.0
1998-12-31,367.8418,375.6726,366.316,374.8836,81137063.0
1999-01-01,372.9936,374.2003,367.1999,369.1568,54416473.0
1999-01-04,369.0274,374.1394,368.7767,368.8323,42019629.0
1999-01-05,369.1392,373.9442,369.1392,370.8125,104851257.0
1999-01-06,370.551,370.551,367.8129,370.3529,33301608.0
1999-01-07,370.2993,370.6855,367.0319,370.2314,51821006.0
1999-01-08,371.1887,375.9782,370.7027,373.2008,34253442.0
1999-01-11,372.5207,373.0919,369.7231,371.7427,48028119.0
1999-01-12,371.9515,376.8966,370.8761,372.7075,98737762.0
1999-01-13,372.6768,373.6399,370.7484,372.5433,41799691.0
1999-01-14,372.5356,373.5139,370.1027,372.3797,79236383.0
1999-01-15,373.0188,375.2058,372.9399,374.4165,60422337.0
1999-01-18,375.367,377.5154,374.7342,376.6198,60532348.0
1999-01-19,378.3823,381.0802,377.9928,379.606,44772660.0
1999-01-20,377.39,377.7042,373.8746,374.8686,48839394.0
1999-01-21,376.0361,380.715,374.8324,378.7841,51233425.0
1999-01-22,380.124,382.9607,380.0336,381.5769,54303393.0
1999-01-25,381.6575,385.701,380.6923,383.7335,134144018.0
1999-01-26,382.7974,383.1318,380.2942,380.711,55330378.0
1999-01-27,380.5844,382.6869,379.6366,380.2353,88866111.0
1999-01-28,380.4203,383.6143,378.9545,381.8732,68148880.0
1999-01-29,381.6046,382.9391,378.4291,380.5562,76901109.0
1999-02-01,379.5215,379.5215,376.482,376.8848,61837092.0
1999-02-02,377.0804,377.4779,374.9123,377.2528,40381344.0
1999-02-03,377.8048,383.8496,377.5796,382.7307,65775230.0
1999-02-04,382.973,384.5263,381.7515,383.5934,66838390.0
1999-02-05,382.8675,383.7371,380.5054,381.3249,116751225.0
1999-02-08,380.2547,381.8694,376.6196,376.7505,78585263.0
1999-02-09,376.0917,376.912,373.6827,375.0952,109569576.0
1999-02-10,375.1199,377.4142,373.5824,375.7224,46402984.0
1999-02-11,375.4821,376.0581,370.8876,374.1892,42227539.0
1999-02-12,374.0568,375.4473,372.7956,373.8463,75247104.0
1999-02-15,375.5792,378.947,374.7943,378.8904,137380657.0
1999-02-16,378.5461,378.7889,375.6116,376.4722,43634149.0
1999-02-17,376.4943,376.9436,374.3055,376.549,83741861.0
1999-02-18,377.3504,383.9005,377.2534,383.372,33391708.0
1999-02-19,384.2138,388.5376,383.434,386.8803,38634189.0
1999-02-22,388.0271,391.177,387.9376,391.142,58366769.0
1999-02-23,391.6629,394.1027,388.4071,394.1027,76768006.0
1999-02-24,394.1767,396.1831,393.1821,395.5734,72991924.0
1999-02-25,395.5837,396.439,394.2253,395.6224,79897911.0
1999-02-26,395.141,397.8031,394.2251,394.6568,157980427.0
1999-03-01,394.6852,397.5692,394.2848,394.7754,61075277.0
1999-03-02,394.2243,394.897,391.8429,392.4183,42341404.0
1999-03-03,392.5394,396.9928,390.8605,395.7461,22513821.0
1999-03-04,394.5769,394.5769,390.0931,391.8164,105201944.0
1999-03-05,391.6119,391.7396,387.9601,390.7374,90056790.0
1999-03-08,390.8637,393.1374,388.9655,391.7865,62575425.0
1999-03-09,392.6264,397.9879,391.7144,397.5409,97715626.0
1999-03-10,397.9314,401.307,397.5883,399.076,86151282.0
1999-03-11,400.9259,404.9636,400.6008,404.3474,57763566.0
1999-03-12,405.3676,407.6303,405.3676,406.3806,67652463.0
1999-03-15,406.7437,411.0424,405.6457,410.5533,82967147.0
1999-03-16,409.8021,412.0108,408.7093,408.7093,120161346.0
1999-03-17,406.7277,406.8544,405.0363,405.6934,52634978.0
1999-03-18,405.6347,405.8023,402.0506,404.3425,74818203.0
1999-03-19,405.8447,406.9333,404.2703,406.9086,49665171.0
1999-03-22,406.0125,406.2855,403.8226,404.3349,58952649.0
1999-03-23,405.601,409.6199,404.3685,408.1705,64058610.0
1999-03-24,408.8705,411.7843,407.5948,411.7558,62894750.0
1999-03-25,411.21,412.1413,409.0131,410.4157,51356787.0
1999-03-26,410.4427,411.8382,408.3404,410.8134,89809573.0
1999-03-29,410.4174,410.639,407.1257,409.23,42394642.0
1999-03-30,410.2815,412.0475,410.1085,411.0503,98302434.0
1999-03-31,411.8749,418.2911,411.6333,418.0802,53923215.0
1999-04-01,418.2635,421.3499,417.7541,420.8216,72139316.0
1999-04-02,421.4556,424.1146,421.2535,422.968,81112522.0
1999-04-05,424.6947,425.6684,422.8332,425.6567,41885995.0
1999-04-06,424.8245,425.3112,422.3262,422.8045,18390413.0
1999-04-07,422.9524,424.401,421.7223,423.8475,50345586.0
1999-04-08,425.0925,426.9461,424.5038,426.8394,44414592.0
1999-04-09,426.9661,429.0803,424.7624,427.9752,59261493.0
1999-04-12,428.1333,429.8213,424.8365,429.4212,96807721.0
1999-04-13,431.3199,433.0286,430.6673,432.4385,77646853.0
1999-04-14,432.5678,434.7876,432.0224,432.7778,59204231.0
1999-04-15,432.4269,432.7583,429.8176,429.9342,46762158.0
1999-04-16,430.0809,432.1561,429.2334,431.5287,32956631.0
1999-04-19,432.8722,435.1876,432.7239,434.7956,91133546.0
1999-04-20,434.7359,435.2559,431.4172,432.6163,57888395.0
1999-04-21,432.7128,435.9682,432.0967,433.8722,66322007.0
1999-04-22,432.6362,433.0281,430.0415,430.5702,58870144.0
1999-04-23,431.2356,433.8577,429.9353,432.098,95506519.0
1999-04-26,432.1556,433.6892,431.2149,432.3191,63329036.0
1999-04-27,432.0759,432.8679,427.7836,430.6097,80388657.0
1999-04-28,429.2171,430.6945,427.3993,427.4716,79662316.0
1999-04-29,426.6967,426.7966,425.0623,425.4765,107066614.0
1999-04-30,425.4156,426.6366,424.4123,425.3171,68730972.0
1999-05-03,425.5531,426.8634,425.1391,426.4541,78870363.0
1999-05-04,426.6231,428.1245,425.4652,426.8493,60980539.0
1999-05-05,427.0888,429.2945,426.2184,427.8079,76600706.0
1999-05-06,425.4415,425.9612,423.4116,423.7777,63244085.0
1999-05-07,425.0832,427.935,425.0832,426.8714,87028889.0
1999-05-10,427.3849,431.8942,427.1975,430.4355,56369120.0
1999-05-11,430.6057,431.6973,428.685,431.0317,44210633.0
1999-05-12,431.8997,434.2192,431.0254,432.726,72997509.0
1999-05-13,434.2446,437.6824,434.2446,437.6824,39017063.0
1999-05-14,436.7385,438.9516,435.8563,435.9854,59130113.0
1999-05-17,436.7636,440.5294,435.3969,440.5294,89931760.0
1999-05-18,439.5226,440.0111,435.9357,436.101,52409705.0
1999-05-19,438.7543,443.3173,438.7543,442.8037,107507800.0
1999-05-20,443.5512,449.3964,443.469,448.8881,96747016.0
1999-05-21,448.8878,449.0934,446.2516,448.8826,32691106.0
1999-05-24,449.0988,450.8723,447.5715,449.3859,64644117.0
1999-05-25,451.0779,452.4723,450.1487,451.9421,78460097.0
1999-05-26,450.8957,451.6295,448.735,449.7517,66432572.0
1999-05-27,449.7639,450.6719,446.5339,449.8695,38914214.0
1999-05-28,449.9019,450.5823,448.7183,450.1512,58773604.0
1999-05-31,451.1864,453.3594,449.7678,453.033,118906328.0
1999-06-01,453.2067,456.2757,452.7293,454.0158,45866602.0
1999-06-02,454.7378,457.025,453.7212,456.706,79022453.0
1999-06-03,456.7843,458.6132,455.3228,456.8686,58886021.0
1999-06-04,456.1276,456.7303,454.8962,454.8968,39919712.0
1999-06-07,454.2596,454.63,452.5022,453.6157,44825469.0
1999-06-08,453.7579,455.6361,451.5313,454.7713,72290148.0
1999-06-09,455.1962,458.8777,455.1962,458.8777,61157766.0
1999-06-10,459.0245,461.4053,457.8492,460.6924,76705346.0
1999-06-11,460.5605,462.4732,460.2327,460.2327,55083699.0
1999-06-14,459.6878,460.5577,457.5566,458.8828,84784559.0
1999-06-15,459.444,461.8674,456.8234,461.5091,79910054.0
1999-06-16,461.0249,461.063,458.523,460.2833,71142336.0
1999-06-17,460.4452,463.3543,459.9049,461.8232,42642500.0
1999-06-18,460.574,461.1211,458.4119,458.7682,74468509.0
1999-06-21,460.9107,462.6352,460.4039,462.5808,42155045.0
1999-06-22,462.6181,465.2364,461.3163,462.7912,68476137.0
1999-06-23,462.8719,465.1137,461.9973,463.2153,35144051.0
1999-06-24,463.5689,465.0489,462.3111,464.3985,48650155.0
1999-06-25,464.4708,465.1777,462.9843,464.7072,85556699.0
1999-06-28,465.4228,473.0389,464.2288,472.3292,45039065.0
1999-06-29,472.5142,477.9166,472.4053,475.9214,40825391.0
1999-06-30,477.1951,481.4918,476.0346,481.3309,70187593.0
1999-07-01,482.1742,483.8866,481.5562,483.2059,87265826.0
1999-07-02,483.5545,484.5511,481.8126,484.2139,101013882.0
1999-07-05,482.0118,482.0118,478.1227,478.1227,171683605.0
1999-07-06,476.8349,477.0295,470.5886,471.6856,87151211.0
1999-07-07,471.4883,472.0535,469.0906,471.224,76491772.0
1999-07-08,475.4401,486.8649,475.0265,486.7137,63805742.0
1999-07-09,485.5481,487.0176,484.4849,484.7017,52339065.0
1999-07-12,485.3532,486.9685,482.9506,485.7874,58802777.0
1999-07-13,486.8065,490.7774,486.2578,488.5605,77604802.0
1999-07-14,487.745,489.5651,485.6086,486.0531,55260509.0
1999-07-15,485.429,487.2596,483.3037,483.7658,97521531.0
1999-07-16,484.1215,486.4075,482.0025,485.2416,59623543.0
1999-07-19,484.3391,484.3391,480.0915,482.093,66973898.0
1999-07-20,481.422,483.2877,477.1731,477.1937,79009962.0
1999-07-21,476.985,476.985,473.4406,473.4406,50003988.0
1999-07-22,473.9551,478.722,473.8942,475.2231,50238689.0
1999-07-23,476.1954,478.6971,474.3115,477.8962,76891332.0
1999-07-26,477.0243,478.0382,474.6907,475.7118,44992465.0
1999-07-27,476.0481,481.4645,473.0022,480.1148,99313579.0
1999-07-28,480.736,485.1951,480.6046,482.13,70360119.0
1999-07-29,481.0256,481.161,478.468,479.6803,50339510.0
1999-07-30,481.0619,484.2254,480.7205,483.2605,62713498.0
1999-08-02,484.8532,487.9598,484.8532,486.3159,144185146.0
1999-08-03,485.6308,485.8234,480.4775,482.5984,75316953.0
1999-08-04,486.4432,487.9669,483.713,487.9669,89027764.0
1999-08-05,488.3187,491.7096,486.1197,491.6479,48237187.0
1999-08-06,492.0027,494.6435,486.84,493.336,68233624.0
1999-08-09,495.4269,499.0303,494.3818,498.708,76095230.0
1999-08-10,498.6126,500.8348,496.7707,498.2416,77637500.0
1999-08-11,500.2043,504.3457,499.8184,502.0832,32677976.0
1999-08-12,500.0096,500.3482,496.6807,498.3904,117997937.0
1999-08-13,498.1868,500.6037,495.3787,495.8229,52761879.0
1999-08-16,496.5337,500.0196,496.1312,498.9221,75039621.0
1999-08-17,499.7691,504.259,498.4621,503.5342,104510869.0
1999-08-18,504.1153,505.649,503.3435,504.9249,75686151.0
1999-08-19,503.2032,503.5742,499.4074,500.47,46119275.0
1999-08-20,499.6159,501.1727,497.69,497.8727,77001495.0
1999-08-23,495.7093,496.7924,492.2738,493.2783,35759473.0
1999-08-24,493.1762,495.3137,489.2563,492.9552,73650036.0
1999-08-25,493.7623,498.9756,493.627,498.7019,107712043.0
1999-08-26,499.492,502.2053,499.2307,500.2406,87057859.0
1999-08-27,499.7456,503.9051,496.7108,496.9271,75692456.0
1999-08-30,498.4001,503.0054,497.3649,502.9945,92019326.0
1999-08-31,504.1932,505.7588,501.9754,505.2662,48431158.0
1999-09-01,506.6117,509.9301,506.0934,509.0213,32570475.0
1999-09-02,510.5315,513.9357,509.7997,513.2072,82512281.0
1999-09-03,512.5006,513.824,510.0872,511.4365,117378748.0
1999-09-06,512.0308,514.4307,511.6414,512.2665,71458457.0
1999-09-07,512.123,512.9104,508.3561,511.2218,59929490.0
1999-09-08,511.0316,512.3963,507.8053,508.1226,63280429.0
1999-09-09,509.2184,511.5253,507.4542,510.696,68795108.0
1999-09-10,510.9858,513.3492,510.743,511.3369,95073497.0
1999-09-13,511.1777,513.8126,510.1577,510.6579,91696351.0
1999-09-14,509.5134,509.5737,507.3704,508.894,53659261.0
1999-09-15,508.722,508.9569,506.296,508.3069,118670319.0
1999-09-16,508.4348,511.1587,507.5413,508.8598,103957301.0
1999-09-17,508.9876,511.8581,507.6978,510.7211,97470484.0
1999-09-20,510.5561,511.7471,509.0432,509.7377,79956407.0
1999-09-21,509.2828,510.5619,506.7846,507.5502,58334857.0
1999-09-22,507.1971,509.2759,506.9598,507.0538,70405265.0
1999-09-23,506.8668,509.1842,506.0943,506.4168,119025677.0
1999-09-24,506.5176,509.601,505.9603,509.1715,76801773.0
1999-09-27,510.1948,512.9992,509.9873,512.3843,100282604.0
1999-09-28,512.2006,513.7921,511.1497,511.5371,41386437.0
1999-09-29,512.5548,515.7438,512.2463,514.1725,57685299.0
1999-09-30,515.0144,517.1899,513.9725,516.7681,71056930.0
1999-10-01,516.0968,517.3595,513.2532,513.7776,61933192.0
1999-10-04,514.7428,516.6261,514.3747,515.9639,81216331.0
1999-10-05,513.6299,514.8196,512.4366,512.6441,77542314.0
1999-10-06,513.1298,516.458,512.2434,516.1567,92053178.0
1999-10-07,516.8583,519.7109,516.6755,518.1816,49221152.0
1999-10-08,519.9314,521.9364,519.242,521.5774,93776722.0
1999-10-11,522.1998,523.8426,521.9774,523.0003,58019015.0
1999-10-12,522.7992,525.7677,521.692,522.1953,43153916.0
1999-10-13,521.5442,522.1528,515.3079,515.645,76406956.0
1999-10-14,515.6138,516.37,509.83,515.0619,85286747.0
1999-10-15,515.2807,516.4174,512.6084,516.4174,56197591.0
1999-10-18,516.7606,520.4832,515.7942,517.3043,74062047.0
1999-10-19,517.3804,519.3268,514.6998,518.9754,68630384.0
1999-10-20,516.6902,518.8222,514.7995,515.1658,63986821.0
1999-10-21,515.0634,517.2328,513.5222,514.2075,69139009.0
1999-10-22,513.6942,514.9531,510.3242,512.6703,80500832.0
1999-10-25,512.9227,516.3633,510.9976,513.7377,50580897.0
1999-10-26,514.3836,517.8029,512.3398,516.6641,76705136.0
1999-10-27,515.5438,515.5438,511.5259,511.5259,49667851.0
1999-10-28,511.5674,513.1669,508.3576,511.904,71875132.0
1999-10-29,509.9526,511.9358,506.5368,506.9244,61533310.0
1999-11-01,506.1187,506.1187,502.2489,503.1257,72586535.0
1999-11-02,502.705,504.7812,498.7922,500.7784,49678690.0
1999-11-03,502.5772,506.6464,501.1832,506.2842,49759903.0
1999-11-04,506.3299,508.8529,505.1186,506.6278,69585125.0
1999-11-05,506.0362,506.042,501.1949,502.77,51604040.0
1999-11-08,502.8551,506.7662,502.8551,503.0711,180722694.0
1999-11-09,503.0852,504.7685,501.026,503.1276,131595256.0
1999-11-10,504.2949,506.6664,503.7767,504.8663,48858219.0
1999-11-11,507.0067,511.5123,506.193,510.2579,61032431.0
1999-11-12,511.6344,515.5985,510.9586,515.2185,55310226.0
1999-11-15,516.3648,519.3105,515.8917,519.0333,56322554.0
1999-11-16,518.8717,521.8107,518.2848,518.4766,57014623.0
1999-11-17,519.0546,521.0797,515.8404,520.3619,40934934.0
1999-11-18,517.2307,518.3138,514.1269,514.4442,59721038.0
1999-11-19,515.2682,520.3832,515.0939,516.686,91767086.0
1999-11-22,518.8554,523.3381,518.6655,521.408,83873112.0
1999-11-23,521.0633,523.828,519.6623,520.4031,92255577.0
1999-11-24,519.5679,521.1552,517.8642,518.7652,87424540.0
1999-11-25,520.6066,527.292,520.1854,526.8768,66962184.0
1999-11-26,526.1453,527.1057,521.8294,521.9305,75349236.0
1999-11-29,523.6107,525.9817,521.714,525.4284,36580404.0
1999-11-30,524.8093,525.1034,519.4417,521.9787,115777279.0
1999-12-01,525.0579,529.3834,524.2085,528.2703,69764788.0
1999-12-02,528.4478,530.8351,527.3537,529.2766,39705565.0
1999-12-03,529.8419,533.1536,529.6762,531.7322,114313612.0
1999-12-06,531.3287,531.4834,525.5794,529.661,117575905.0
1999-12-07,528.9023,529.6074,525.5106,527.9229,74024815.0
1999-12-08,527.4551,528.3382,524.8893,526.1274,86745698.0
1999-12-09,525.7658,525.977,523.5028,524.5007,43738509.0
1999-12-10,526.2865,529.111,525.6057,527.7643,124387077.0
1999-12-13,527.8259,528.9294,526.2233,528.1581,46504584.0
1999-12-14,530.0614,537.4433,530.0614,536.0268,108080008.0
1999-12-15,536.4375,540.8301,535.9091,537.34,30622968.0
1999-12-16,536.6355,537.3041,535.6858,536.4487,50282845.0
1999-12-17,537.6749,542.5059,537.3698,540.5441,71733191.0
1999-12-20,539.4196,539.594,534.7809,536.1513,58669800.0
1999-12-21,535.6209,538.1349,531.6054,532.6291,73991214.0
1999-12-22,530.7909,530.7909,524.5391,527.7637,143641395.0
1999-12-23,527.4197,529.8556,524.9749,526.5555,52700706.0
1999-12-24,518.6665,519.5223,514.5464,515.8733,62293738.0
1999-12-27,516.9342,522.114,513.6847,521.6863,47253931.0
1999-12-28,522.171,527.0153,519.1302,525.6025,87746767.0
1999-12-29,526.5548,530.4169,526.3895,529.1674,57868583.0
1999-12-30,530.6924,535.6284,530.4471,533.1835,81214962.0
1999-12-31,532.9036,533.2414,529.5776,532.6362,80186447.0
2000-01-03,530.9789,532.2644,527.5762,529.9155,121203731.0
2000-01-04,530.1646,534.6408,528.6446,531.3268,54505164.0
2000-01-05,533.3216,534.8882,530.1828,534.6347,117181460.0
2000-01-06,537.1432,543.0049,534.0335,543.0049,107504196.0
2000-01-07,542.3145,542.3972,538.8717,541.641,54947067.0
2000-01-10,539.8979,540.1506,536.4174,537.6768,48733862.0
2000-01-11,536.0286,538.1901,534.8578,534.8578,66780796.0
2000-01-12,535.4006,537.9865,534.1481,537.7593,41414252.0
2000-01-13,537.6186,541.0218,535.8268,536.7931,67786749.0
2000-01-14,533.4913,534.3911,531.3743,531.9702,52781054.0
2000-01-17,532.2406,539.0889,532.2406,532.9643,75453169.0
2000-01-18,535.28,540.0087,534.9703,538.3508,73203293.0
2000-01-19,537.0926,537.0926,532.5892,535.0131,59340612.0
2000-01-20,535.38,536.378,532.4781,536.1552,162065158.0
2000-01-21,534.62,535.4093,529.5918,530.1942,74775985.0
2000-01-24,529.6902,531.09,526.1241,526.616,30088833.0
2000-01-25,525.7083,527.231,520.4915,522.3469,85685572.0
2000-01-26,521.0355,521.6729,518.8602,519.8365,41061551.0
2000-01-27,518.9965,522.1773,518.0657,518.4295,33192651.0
2000-01-28,514.1877,515.0339,505.8253,509.3359,36739178.0
2000-01-31,510.1228,514.9615,508.0476,513.1048,65987396.0
2000-02-01,512.7927,514.0096,510.1066,511.5751,46893759.0
2000-02-02,512.9498,515.6876,508.5401,515.288,60833078.0
2000-02-03,512.8786,515.1065,504.9087,505.7695,68307364.0
2000-02-04,506.5869,509.5041,503.7947,507.4647,46338605.0
2000-02-07,507.8774,511.3082,507.1238,509.1091,96674690.0
2000-02-08,509.6304,514.6767,507.6665,513.8337,50859447.0
2000-02-09,511.8395,513.3916,508.6824,508.9628,53219307.0
2000-02-10,507.9843,508.5129,503.7671,504.7892,45447272.0
2000-02-11,504.896,507.7797,503.1124,505.8304,27295333.0
2000-02-14,514.1735,519.6546,513.7367,519.3207,52584690.0
2000-02-15,520.4894,524.9216,518.4839,523.0631,91447436.0
2000-02-16,521.344,521.3813,511.1268,511.2447,75811344.0
2000-02-17,511.4546,514.7613,505.675,513.0577,67758575.0
2000-02-18,510.2059,510.7564,506.6424,508.4349,89626757.0
2000-02-21,508.8156,513.2607,508.1726,512.2281,42280662.0
2000-02-22,509.6267,510.9193,498.5568,498.5568,76674424.0
2000-02-23,501.3323,505.5291,498.0875,504.7304,142789016.0
2000-02-24,504.8032,507.6254,499.0696,505.6072,95090930.0
2000-02-25,502.4475,503.7188,496.9829,498.6338,125851822.0
2000-02-28,499.2429,503.4457,495.9217,502.5342,102992218.0
2000-02-29,502.7266,509.4059,501.6223,504.6952,55396775.0
2000-03-01,504.8067,513.0747,503.5113,512.9306,61419402.0
2000-03-02,516.9341,535.8711,516.9341,534.2025,92920153.0
2000-03-03,531.6229,532.3161,522.6641,524.5146,39880938.0
2000-03-06,519.558,519.8752,516.4866,517.5987,58879558.0
2000-03-07,515.6651,516.335,511.226,512.144,48401796.0
2000-03-08,512.4836,515.9747,510.7346,514.5801,71931411.0
2000-03-09,516.9599,519.7952,513.691,519.2895,72381563.0
2000-03-10,520.0799,524.318,517.4593,523.4073,66422426.0
2000-03-13,523.3529,525.4346,517.7615,521.9032,46285266.0
2000-03-14,521.8752,524.8731,519.9011,521.838,42612857.0
2000-03-15,519.0969,520.701,517.0109,517.057,68241296.0
2000-03-16,517.5998,519.613,514.2311,519.4791,82873525.0
2000-03-17,522.4332,527.3602,520.5417,525.9839,42242356.0
2000-03-20,524.5434,525.8376,519.296,522.162,133537753.0
2000-03-21,521.8766,524.3665,517.0136,518.8343,70511431.0
2000-03-22,518.8576,520.884,515.0136,518.9993,52908876.0
2000-03-23,520.483,523.459,519.552,522.3684,54878432.0
2000-03-24,521.9771,524.357,520.0261,521.6026,40277190.0
2000-03-27,521.7376,528.5518,521.3327,525.8214,55191171.0
2000-03-28,527.5814,534.1093,527.3991,532.0782,61773538.0
2000-03-29,532.0561,534.3392,531.3207,532.0082,65946190.0
2000-03-30,532.5993,535.7469,530.9082,535.4299,34630824.0
2000-03-31,535.4447,538.873,533.0074,535.6267,54336832.0
2000-04-03,535.0204,536.1362,532.0365,532.6769,81343369.0
2000-04-04,528.5155,530.5694,523.7349,524.3542,29334528.0
2000-04-05,524.0855,524.0855,517.6622,521.0671,70670080.0
2000-04-06,518.8639,519.7943,516.9609,516.9609,55080967.0
2000-04-07,518.2126,523.1919,516.9458,521.811,61720880.0
2000-04-10,519.5838,519.5838,512.5374,513.2034,88983116.0
2000-04-11,509.4541,510.6208,503.2332,504.3226,64924786.0
2000-04-12,505.0443,509.4319,502.0323,509.0487,45033816.0
2000-04-13,509.286,513.8883,505.1982,510.4286,54301794.0
2000-04-14,508.2582,508.9799,504.4775,505.6427,46428744.0
2000-04-17,505.6214,507.5669,498.5556,502.5233,101264775.0
2000-04-18,502.5339,505.9126,499.7993,502.5493,55844873.0
2000-04-19,505.8692,513.7368,505.7575,511.6652,92292241.0
2000-04-20,509.3392,510.9208,504.784,506.7236,91677477.0
2000-04-21,508.4928,514.8503,508.4928,513.8583,58876503.0
2000-04-24,514.2564,517.3644,512.5611,514.6371,65323570.0
2000-04-25,515.1144,519.2294,514.3389,516.3201,107652627.0
2000-04-26,518.5429,523.7071,518.1559,522.3653,44897255.0
2000-04-27,522.7971,530.8957,522.5945,529.9518,106278624.0
2000-04-28,529.3866,531.8036,526.2331,527.7999,61120854.0
2000-05-01,528.7265,530.0537,525.2079,529.9275,38793920.0
2000-05-02,529.7773,530.1264,525.6818,529.0603,69458693.0
2000-05-03,528.7542,529.5253,526.4234,526.9339,73179206.0
2000-05-04,526.0101,527.9126,520.6043,522.7499,73900755.0
2000-05-05,523.8562,526.411,522.5595,525.4101,61216041.0
2000-05-08,526.6249,530.1805,525.5794,528.0305,77081173.0
2000-05-09,527.158,527.8292,520.957,522.7284,57497105.0
2000-05-10,522.8342,528.7582,520.8992,525.7333,74897278.0
2000-05-11,525.0135,525.6916,520.0041,521.0239,78934465.0
2000-05-12,521.9475,526.1222,521.2083,524.7514,50328494.0
2000-05-15,524.1762,525.5604,520.5449,523.2811,58339423.0
2000-05-16,522.8832,523.3653,512.4,514.5602,67223682.0
2000-05-17,514.4343,515.384,511.8692,514.379,73723149.0
2000-05-18,514.2174,517.1414,512.1527,513.816,66444817.0
2000-05-19,512.8439,518.9596,510.2059,510.2059,37286212.0
2000-05-22,509.7719,510.1995,506.0936,507.8056,75859769.0
2000-05-23,507.4055,509.1381,505.8598,506.9497,52846906.0
2000-05-24,507.0673,508.4655,503.6183,507.1949,56936043.0
2000-05-25,507.727,511.1965,504.3634,510.7299,59457168.0
2000-05-26,511.634,513.9216,511.2127,512.6108,106905781.0
2000-05-29,512.9258,517.2094,510.8141,516.6513,80588601.0
2000-05-30,516.859,520.6608,514.9235,519.7214,111588039.0
2000-05-31,520.1951,523.457,518.7917,521.879,70592252.0
2000-06-01,522.1532,525.4815,521.8204,524.8497,88500956.0
2000-06-02,527.7884,530.8101,526.3837,530.1321,70281621.0
2000-06-05,527.5217,527.8428,518.9848,520.3297,87940105.0
2000-06-06,521.092,523.6764,519.1387,522.058,83091851.0
2000-06-07,524.2522,533.0075,522.7771,532.2556,53485666.0
2000-06-08,531.1858,532.8616,527.8205,529.33,49965256.0
2000-06-09,529.5705,533.0911,527.7854,529.9868,32813987.0
2000-06-12,530.5264,539.1719,530.5264,534.2788,48545711.0
2000-06-13,535.2066,538.0145,533.2723,537.5118,39829301.0
2000-06-14,537.5813,538.2221,535.4633,537.6852,83374164.0
2000-06-15,537.9039,540.3875,536.9389,538.6395,51656672.0
2000-06-16,539.7258,543.0993,539.5008,541.3891,30566352.0
2000-06-19,540.6622,541.3125,537.6228,539.1607,27495166.0
2000-06-20,538.8293,541.0643,537.3149,538.4673,64215748.0
2000-06-21,533.482,534.7202,528.0169,528.7875,45522462.0
2000-06-22,529.2941,533.4465,528.1776,531.9034,109088727.0
2000-06-23,532.281,534.5145,529.6306,533.3141,116425019.0
2000-06-26,533.429,535.7969,531.1707,533.6023,51229042.0
2000-06-27,533.9723,534.8629,531.4169,534.2771,57883014.0
2000-06-28,531.8039,532.5919,527.9411,528.107,86835980.0
2000-06-29,527.1154,532.0819,523.8598,524.4282,70872698.0
2000-06-30,524.3742,525.8989,521.2372,524.1391,71316799.0
2000-07-03,523.9131,523.9131,521.1701,523.3934,83312477.0
2000-07-04,523.703,527.0847,522.5728,526.8807,100142159.0
2000-07-05,526.5191,527.9245,519.5444,521.1733,78967758.0
2000-07-06,521.4121,524.7627,520.2568,522.6342,56228276.0
2000-07-07,521.4971,523.0621,517.7356,519.6769,55228871.0
2000-07-10,519.4415,523.1206,515.1859,516.0861,104877874.0
2000-07-11,517.7163,524.5339,517.2055,523.1516,81510761.0
2000-07-12,524.7475,531.3722,523.0472,531.3722,57816964.0
2000-07-13,532.561,533.5065,530.6524,533.4599,76475085.0
2000-07-14,534.3604,537.1757,533.9144,536.6776,56656592.0
2000-07-17,536.5988,537.2342,532.8847,536.3651,92954365.0
2000-07-18,537.8921,542.2706,536.9891,541.6663,47333351.0
2000-07-19,541.2391,545.2632,539.3789,539.57,76853012.0
2000-07-20,539.6476,540.1726,535.9205,539.9221,44562119.0
2000-07-21,539.5371,542.1647,537.7338,538.4914,32709253.0
2000-07-24,537.1287,538.4119,535.7815,535.9875,97242016.0
2000-07-25,536.952,543.4658,536.952,539.6782,54987695.0
2000-07-26,539.8398,542.4984,538.0739,540.3457,52185609.0
2000-07-27,540.0346,542.2718,536.6,537.0685,43466690.0
2000-07-28,539.6952,542.4263,538.8321,541.6429,79480986.0
2000-07-31,540.7301,541.4126,537.1081,538.7227,56165970.0
2000-08-01,539.8582,544.306,539.8065,543.5605,99109756.0
2000-08-02,543.6619,544.0448,540.2102,543.8075,113907705.0
2000-08-03,543.5836,546.23,540.7208,542.0775,145972617.0
2000-08-04,541.7795,543.3218,539.0519,540.1548,79773628.0
2000-08-07,539.5573,541.0765,537.1759,537.9898,47623874.0
2000-08-08,538.6262,542.2399,538.6262,539.4475,56257808.0
2000-08-09,539.0452,539.9478,537.0977,538.0542,66495481.0
2000-08-10,538.1125,540.8032,537.4976,538.178,100035295.0
2000-08-11,538.3404,540.4968,537.4155,539.003,50436036.0
2000-08-14,538.4179,540.711,535.0941,536.136,103115110.0
2000-08-15,534.229,534.69,528.9461,530.5616,44959509.0
2000-08-16,530.3001,530.4366,526.9558,529.4756,61625522.0
2000-08-17,529.2183,529.6236,526.2061,528.783,45354173.0
2000-08-18,530.9939,535.9733,530.663,535.478,62524770.0
2000-08-21,534.9293,534.9293,531.6117,534.0159,64436233.0
2000-08-22,535.9274,538.7514,534.0976,537.8892,53178420.0
2000-08-23,537.1089,537.746,535.5326,535.9772,86324880.0
2000-08-24,535.8429,538.1952,534.8587,535.4843,84177241.0
2000-08-25,534.2457,534.9299,532.6349,533.2903,44737630.0
2000-08-28,533.3036,533.7921,530.6271,533.3336,77792053.0
2000-08-29,533.1734,534.2906,530.5641,531.8446,37917015.0
2000-08-30,532.0607,533.1997,530.2979,532.4027,43950796.0
2000-08-31,532.6284,533.7075,531.354,532.9848,151234061.0
2000-09-01,529.6901,529.6981,524.228,524.4629,82511592.0
2000-09-04,523.6434,524.5607,520.078,521.8097,44262049.0
2000-09-05,523.899,530.6755,523.4827,529.6263,60036313.0
2000-09-06,528.2229,528.3878,523.6601,523.6601,50578868.0
2000-09-07,523.5732,525.3709,521.654,523.1519,51490273.0
2000-09-08,522.4236,524.4162,519.5364,520.1074,53259102.0
2000-09-11,517.3909,519.2642,511.3707,511.4467,25549213.0
2000-09-12,513.8525,518.7132,513.8525,517.1648,121849973.0
2000-09-13,516.4939,521.5244,515.5597,515.5597,93010381.0
2000-09-14,516.5945,519.7078,513.5936,518.5194,32087192.0
2000-09-15,520.4252,524.8357,520.4252,523.5821,129517548.0
2000-09-18,524.3748,527.5872,523.7372,527.0731,62292875.0
2000-09-19,527.5473,535.8293,526.4892,533.4487,39752361.0
2000-09-20,531.617,532.7967,528.7729,530.9358,57833994.0
2000-09-21,530.8521,531.7766,526.6118,529.5463,52598268.0
2000-09-22,530.2595,534.5536,530.2447,531.8385,112084578.0
2000-09-25,531.1173,534.0019,524.2263,526.9726,68992366.0
2000-09-26,528.7543,531.7071,527.6829,531.0955,56671102.0
2000-09-27,530.4473,531.7446,527.6659,529.049,71133340.0
2000-09-28,528.9303,530.7803,528.0166,528.6744,68428479.0
2000-09-29,529.3527,532.4149,526.574,532.308,52421521.0
2000-10-02,531.298,531.6885,525.0378,526.9359,97643569.0
2000-10-03,526.2347,526.4734,520.2069,522.6441,71884411.0
2000-10-04,523.6771,528.1851,523.3655,526.6489,86117792.0
2000-10-05,527.6665,535.1939,525.7599,533.9063,62142222.0
2000-10-06,532.9195,533.7669,529.555,531.4592,90782453.0
2000-10-09,529.4783,531.7398,528.8034,528.8034,54961497.0
2000-10-10,528.017,528.2818,524.0698,525.0446,66298209.0
2000-10-11,524.4755,526.3276,521.4872,522.9273,59608081.0
2000-10-12,522.1658,523.6961,520.7971,521.6428,60809093.0
2000-10-13,522.6018,528.7333,522.5988,525.2158,88969336.0
2000-10-16,525.2155,526.2673,521.9136,525.2122,79380519.0
2000-10-17,524.905,525.3946,522.6568,522.9763,82825964.0
2000-10-18,523.5602,526.3123,522.2046,526.0166,105772280.0
2000-10-19,526.2609,530.7216,526.1449,530.7048,47646311.0
2000-10-20,530.3402,533.2015,529.7405,530.0322,53390985.0
2000-10-23,530.5399,531.9441,529.9008,530.9228,110455647.0
2000-10-24,530.1803,531.5692,527.7898,528.6779,70438139.0
2000-10-25,528.0975,529.477,524.4725,526.4032,58843741.0
2000-10-26,522.4796,522.4796,516.7948,517.378,54166162.0
2000-10-27,513.3933,513.4647,503.0135,503.1409,52774554.0
2000-10-30,505.1249,508.9204,501.7708,507.4944,76404575.0
2000-10-31,507.3027,509.9992,499.1097,499.4113,50424439.0
2000-11-01,504.7321,508.2701,503.4362,508.2483,76975669.0
2000-11-02,514.8845,520.7011,514.2395,518.9249,99920323.0
2000-11-03,518.814,524.087,515.0062,515.3062,41776081.0
2000-11-06,516.7895,527.2238,512.3196,527.2238,66597421.0
2000-11-07,527.1762,532.5263,525.6473,526.9647,64879144.0
2000-11-08,527.5074,529.5877,525.1656,528.3653,65752577.0
2000-11-09,527.9704,530.7016,525.9768,527.3361,55456614.0
2000-11-10,528.0313,537.3944,528.0313,534.2554,68365486.0
2000-11-13,535.3402,539.0278,534.6719,536.3512,38058354.0
2000-11-14,537.0804,539.1168,535.4165,538.382,70862337.0
2000-11-15,539.1796,540.307,532.5128,540.307,75576639.0
2000-11-16,539.0562,541.2441,535.2727,536.9514,82701746.0
2000-11-17,537.1912,543.1259,536.6088,539.4311,71418144.0
2000-11-20,539.2637,540.9165,536.6815,538.2922,94752034.0
2000-11-21,537.7225,538.2658,534.5178,537.0781,102110619.0
2000-11-22,537.4432,540.3027,535.4367,539.8401,135268872.0
2000-11-23,539.8573,545.1335,538.0486,539.9358,57198372.0
2000-11-24,540.0274,540.432,534.3444,540.432,93339722.0
2000-11-27,540.5059,541.1264,538.3161,540.5708,45040235.0
2000-11-28,540.1356,540.2318,534.7893,537.4866,80858136.0
2000-11-29,538.849,546.5695,538.466,546.1614,85125546.0
2000-11-30,546.0261,549.0601,544.0678,545.8043,67900757.0
2000-12-01,546.0851,547.9601,543.0785,546.9131,70607605.0
2000-12-04,547.3949,550.3463,545.549,550.1121,56131169.0
2000-12-05,551.0098,553.1735,547.9791,552.1176,99400178.0
2000-12-06,552.1713,555.578,551.2517,552.8367,105837752.0
2000-12-07,553.0402,557.6261,551.4676,556.1616,46562904.0
2000-12-08,552.7484,554.2562,546.9897,547.3648,58785440.0
2000-12-11,547.0351,547.7628,543.7163,546.1683,113030903.0
2000-12-12,547.3627,551.2235,546.0277,549.9912,71651746.0
2000-12-13,550.6499,553.2599,547.9847,553.054,62179860.0
2000-12-14,553.2755,554.8202,551.5316,553.5898,60201126.0
2000-12-15,554.534,555.8773,552.0009,555.8773,75488619.0
2000-12-18,556.1352,560.4567,554.3843,558.6996,40577586.0
2000-12-19,559.4788,563.5794,557.9849,561.9543,45265450.0
2000-12-20,563.5522,565.9138,561.6739,565.4804,77393273.0
2000-12-21,567.8054,569.4318,566.1347,569.4318,52440010.0
2000-12-22,568.7839,568.8851,561.9526,564.2766,106705992.0
2000-12-25,564.3014,565.3609,559.2805,564.9675,60284955.0
2000-12-26,564.8286,565.7486,562.2228,564.2102,93016638.0
2000-12-27,564.8275,567.1039,561.8816,567.0337,67052746.0
2000-12-28,567.1838,568.2293,566.2857,567.2327,82566438.0
2000-12-29,566.1185,566.1482,558.7789,559.7464,73723193.0
2001-01-01,557.8303,558.6969,555.3399,556.468,51100089.0
2001-01-02,559.6122,566.6512,558.7557,566.6512,61300632.0
2001-01-03,565.6873,566.2104,558.4171,559.8576,79176249.0
2001-01-04,558.3572,558.4217,552.5092,554.1215,76898781.0
2001-01-05,553.0726,554.8825,550.594,550.594,43016320.0
2001-01-08,552.3696,554.7066,549.2163,554.4474,101795416.0
2001-01-09,555.3059,562.0985,551.1583,561.7621,74590850.0
2001-01-10,559.1493,560.1419,553.8239,554.6815,35347756.0
2001-01-11,554.51,556.2312,551.6444,552.3026,39093131.0
2001-01-12,547.642,548.6531,545.2858,545.8178,77210667.0
2001-01-15,545.223,547.0068,540.5514,542.571,56546082.0
2001-01-16,542.8428,551.3416,542.3141,544.8207,38235755.0
2001-01-17,544.3801,547.0873,540.2282,541.8097,65036571.0
2001-01-18,544.1411,552.1334,543.1954,547.046,56890361.0
2001-01-19,547.1531,549.3235,543.0446,547.3713,52411787.0
2001-01-22,547.2237,548.1089,543.97,546.8422,59019516.0
2001-01-23,545.9132,545.9132,537.7044,540.5556,109732906.0
2001-01-24,540.014,541.5668,537.7164,539.3553,87660326.0
2001-01-25,538.7347,542.6751,535.1594,535.5857,55470928.0
2001-01-26,536.168,539.9015,534.1669,538.5377,35610707.0
2001-01-29,540.4166,543.84,539.5065,541.69,47358625.0
2001-01-30,540.6731,541.7348,535.5533,538.0052,78608378.0
2001-01-31,539.3733,542.9556,539.1178,541.05,73428243.0
2001-02-01,540.8229,541.823,535.2083,539.3,85709863.0
2001-02-02,539.7801,544.6202,538.0448,544.6202,71293738.0
2001-02-05,543.5057,543.5057,533.057,533.057,111013196.0
2001-02-06,532.8287,534.1209,528.2629,532.0014,69889127.0
2001-02-07,531.4306,533.8188,527.6058,528.34,55471678.0
2001-02-08,528.1787,531.461,527.8577,528.0352,77069775.0
2001-02-09,526.2027,527.2623,523.0615,524.7486,90875269.0
2001-02-12,524.6508,525.2784,520.0746,521.9184,34254312.0
2001-02-13,521.2409,522.3641,517.1236,519.3931,38378335.0
2001-02-14,520.3036,522.8296,518.9777,522.7754,102472796.0
2001-02-15,522.3621,524.4121,520.8645,521.2714,53858296.0
2001-02-16,521.3722,524.016,519.9941,521.953,94291781.0
2001-02-19,520.4332,521.0032,514.6131,516.1246,79779810.0
2001-02-20,512.6018,513.6282,507.8525,508.3739,27460627.0
2001-02-21,510.8343,513.725,510.2008,512.2692,47394708.0
2001-02-22,512.9035,513.7762,510.8936,513.6613,74627091.0
2001-02-23,515.3503,520.5122,515.3503,518.7724,36036286.0
2001-02-26,518.9147,522.5888,518.4547,520.506,77710764.0
2001-02-27,521.9109,524.4784,520.1168,524.3008,59787216.0
2001-02-28,526.7607,528.5926,525.4921,528.0858,65229036.0
2001-03-01,528.2396,531.0793,527.0617,528.7499,73550920.0
2001-03-02,527.6894,529.0055,522.461,522.461,73578681.0
2001-03-05,519.139,521.4364,516.7137,516.7137,66527960.0
2001-03-06,516.9723,523.6554,516.9013,518.164,92033166.0
2001-03-07,520.5416,526.0672,519.897,525.8364,69836965.0
2001-03-08,528.8767,531.0534,527.6961,531.0271,111791876.0
2001-03-09,531.2588,533.2893,527.5192,533.1598,85046591.0
2001-03-12,533.2785,535.7771,531.9263,534.0136,84752235.0
2001-03-13,532.9685,535.2558,529.3949,529.585,74392327.0
2001-03-14,529.4914,532.3226,526.6781,529.0222,32463104.0
2001-03-15,529.1478,531.349,526.9825,529.7776,36364000.0
2001-03-16,528.6008,528.6008,522.3089,523.4999,84347572.0
2001-03-19,522.41,523.1147,519.9907,521.1442,46867521.0
2001-03-20,521.8587,528.1605,521.6305,527.1038,86719309.0
2001-03-21,523.9958,523.9958,514.7096,515.3994,45272651.0
2001-03-22,515.9155,523.7045,514.0098,522.9823,48257061.0
2001-03-23,522.0754,524.1814,512.976,516.5584,92585099.0
2001-03-26,516.7749,520.8384,513.7931,517.429,54220932.0
2001-03-27,518.201,527.3301,516.1221,522.4113,75225766.0
2001-03-28,522.8566,528.1321,521.5036,527.7061,62238005.0
2001-03-29,527.7283,532.4982,527.3803,527.9923,96944908.0
2001-03-30,529.6609,530.7903,528.2361,530.5829,35647779.0
2001-04-02,531.212,533.6702,527.8523,533.0219,44458652.0
2001-04-03,532.7265,536.2877,530.5302,531.1999,78388105.0
2001-04-04,531.2194,536.924,530.4525,531.2931,44196368.0
2001-04-05,531.4579,533.897,527.3223,533.2717,139477002.0
2001-04-06,532.453,533.3115,529.5647,529.6886,66535438.0
2001-04-09,529.945,537.6055,529.945,534.7579,67503234.0
2001-04-10,535.141,540.0977,534.2378,538.3392,67188326.0
2001-04-11,537.4594,537.6232,532.4706,534.8115,62319393.0
2001-04-12,534.7647,538.9229,532.3785,533.2053,78696782.0
2001-04-13,532.8243,535.3913,529.4358,530.3714,36864875.0
2001-04-16,530.7435,533.8629,528.2858,532.4698,57020946.0
2001-04-17,532.8543,536.8763,531.3659,534.1151,75842266.0
2001-04-18,533.4086,536.847,531.9369,532.4897,115952509.0
2001-04-19,532.8157,534.5326,531.3923,533.3377,44630853.0
2001-04-20,533.3985,533.9925,532.0391,533.4401,53010224.0
2001-04-23,533.8074,535.8191,531.9993,534.1534,58613113.0
2001-04-24,531.1247,531.6733,527.8754,529.3366,64596989.0
2001-04-25,529.5588,533.87,527.0577,531.1861,32290784.0
2001-04-26,530.9395,531.6099,529.2447,530.35,50275151.0
2001-04-27,529.7548,529.7893,525.7175,527.017,45499644.0
2001-04-30,527.527,529.8409,526.0413,528.4878,61479632.0
2001-05-01,528.1629,531.2077,526.7571,527.2278,88187388.0
2001-05-02,526.2283,527.5893,523.4804,524.3316,57427681.0
2001-05-03,523.978,526.7556,521.9739,522.2747,97304994.0
2001-05-04,521.6709,522.1841,517.5021,519.1315,100291211.0
2001-05-07,518.348,518.5425,511.8429,513.5833,78819212.0
2001-05-08,514.1711,515.8465,512.0923,515.4594,51428955.0
2001-05-09,515.4114,517.6239,514.1724,515.3307,66242266.0
2001-05-10,516.2674,518.6924,513.7773,518.5828,51687154.0
2001-05-11,515.8126,517.4462,510.4864,511.941,47705313.0
2001-05-14,516.7119,521.9732,515.7805,521.5118,45507921.0
2001-05-15,520.9346,521.1268,515.2295,519.9844,71415725.0
2001-05-16,519.0486,519.7492,511.5074,512.5454,113474693.0
2001-05-17,513.2847,516.2758,511.1556,515.4955,83081214.0
2001-05-18,513.7835,515.0938,511.7852,512.7302,64708176.0
2001-05-21,511.4561,512.5264,508.601,508.901,95451953.0
2001-05-22,509.9117,512.9403,508.7835,512.3103,53540208.0
2001-05-23,522.3606,526.3981,522.0428,526.3981,57651583.0
2001-05-24,527.7189,528.5169,525.5096,528.4467,42695318.0
2001-05-25,528.3801,531.8016,527.3345,527.8381,74798173.0
2001-05-28,528.2001,530.6519,526.5629,528.4106,31862474.0
2001-05-29,528.527,531.9361,526.7432,530.4741,110403128.0
2001-05-30,531.6688,533.821,531.5618,532.4697,76827713.0
2001-05-31,531.9222,533.0702,523.7787,525.0931,38733720.0
2001-06-01,524.5141,524.6435,519.1419,521.5508,56622493.0
2001-06-04,521.8254,525.1441,520.6923,522.4179,55321273.0
2001-06-05,522.0999,523.9152,515.8419,518.0139,124809215.0
2001-06-06,520.9102,528.0626,520.9102,524.8388,51966301.0
2001-06-07,525.3185,530.0018,522.6474,528.0994,81712390.0
2001-06-08,530.0096,535.1263,528.3186,534.6375,53893494.0
2001-06-11,530.8154,531.9993,521.4024,522.2415,62426069.0
2001-06-12,521.114,521.9982,514.8932,517.0523,68885902.0
2001-06-13,517.1837,521.3083,514.5998,518.3107,37518585.0
2001-06-14,517.3227,520.6312,514.0612,515.2838,29121879.0
2001-06-15,515.2873,519.4113,514.8517,515.2983,51667691.0
2001-06-18,513.4868,514.59,508.2599,509.1876,89577451.0
2001-06-19,510.4873,516.1657,509.35,515.6862,45325325.0
2001-06-20,514.5605,517.3495,511.1561,511.3467,53830170.0
2001-06-21,509.7899,511.5129,504.9853,508.22,93167171.0
2001-06-22,510.728,518.5756,510.6061,514.5505,32537653.0
2001-06-25,515.6979,522.2764,514.5489,520.1927,54067217.0
2001-06-26,520.4389,522.1372,516.889,520.9615,54911878.0
2001-06-27,521.4289,527.2841,520.9679,524.3183,84109981.0
2001-06-28,523.6988,525.8135,520.5751,521.9065,56915314.0
2001-06-29,522.8199,525.6168,520.2258,523.8674,75805739.0
2001-07-02,523.3215,523.3215,520.0134,521.9757,44219383.0
2001-07-03,518.2353,519.3471,508.2096,508.6643,58613182.0
2001-07-04,508.0179,509.0151,504.3479,506.3664,51208418.0
2001-07-05,506.6375,510.2455,503.7603,509.5901,94307518.0
2001-07-06,509.5271,511.6331,507.776,509.3196,105877750.0
2001-07-09,509.9765,515.5928,509.9458,512.6941,82562393.0
2001-07-10,513.8703,518.9652,511.6124,516.5809,78411477.0
2001-07-11,517.1854,521.8313,516.3528,518.8464,77739623.0
2001-07-12,516.9993,518.7609,513.3959,514.0984,32956623.0
2001-07-13,514.1791,514.9609,510.6722,514.2388,69910547.0
2001-07-16,514.9426,518.9204,513.106,517.4673,65341223.0
2001-07-17,518.0722,523.5249,515.8899,520.9415,58782673.0
2001-07-18,518.2474,519.0452,512.484,514.346,82690878.0
2001-07-19,515.6964,521.0012,513.9902,519.9974,94530120.0
2001-07-20,518.9207,520.6542,513.9059,514.4646,80178882.0
2001-07-23,515.8664,521.2834,515.2563,519.8102,52097223.0
2001-07-24,520.9031,524.905,519.1699,522.9392,95987611.0
2001-07-25,523.1091,526.2408,522.8693,523.9425,36362687.0
2001-07-26,522.8005,523.1835,517.9553,519.2745,57605068.0
2001-07-27,520.904,524.6329,519.7744,523.6815,85719879.0
2001-07-30,522.7713,524.5909,519.1502,520.217,75890869.0
2001-07-31,520.8233,523.8616,518.9896,523.2639,68578072.0
2001-08-01,523.0228,525.4877,521.5039,522.1598,104718025.0
2001-08-02,522.2351,527.3453,521.2229,524.9094,62267318.0
2001-08-03,524.4239,526.1056,522.3564,523.1834,75895425.0
2001-08-06,523.2738,528.1109,522.5766,525.2379,81524176.0
2001-08-07,523.7871,524.0298,519.3297,520.8663,83430324.0
2001-08-08,522.707,527.5608,520.349,527.1257,41732454.0
2001-08-09,527.3269,532.9667,526.1447,529.2217,93886845.0
2001-08-10,529.5158,536.3879,528.9253,534.2732,63414246.0
2001-08-13,533.4009,535.7646,530.0247,531.5459,92147995.0
2001-08-14,531.5697,534.8565,530.2145,531.8371,69470142.0
2001-08-15,531.4613,532.7161,529.3021,530.74,45748079.0
2001-08-16,529.2828,531.9385,527.707,527.8209,69207884.0
2001-08-17,527.5559,528.2587,522.5954,524.6616,55528226.0
2001-08-20,524.7137,526.2939,523.0641,525.0623,52317493.0
2001-08-21,525.1815,528.9441,524.1564,525.4677,120357531.0
2001-08-22,525.2242,526.9705,523.6129,524.3572,30323277.0
2001-08-23,524.1159,526.4246,523.2216,523.4094,64700289.0
2001-08-24,523.4745,527.3815,522.9339,523.6873,92931966.0
2001-08-27,525.193,529.8806,524.8408,528.9324,21313601.0
2001-08-28,529.9246,532.342,528.4156,531.8152,80355753.0
2001-08-29,532.7852,536.015,530.4547,535.6034,46338627.0
2001-08-30,535.6322,538.0291,534.834,536.288,66080379.0
2001-08-31,535.3766,536.4316,531.5078,532.8878,43635104.0
2001-09-03,532.6943,535.2422,530.4573,530.6964,64689553.0
2001-09-04,531.2501,537.1434,529.8369,535.5425,80729320.0
2001-09-05,536.3724,540.6156,534.9129,539.3939,147281836.0
2001-09-06,539.7064,542.288,537.7088,541.9887,94504487.0
2001-09-07,542.2894,544.0887,541.1284,543.7157,99152921.0
2001-09-10,543.3113,543.3493,540.5856,542.2919,136235766.0
2001-09-11,543.4016,546.0959,543.2756,544.7375,62141446.0
2001-09-12,544.3118,545.0333,541.9955,543.6176,80067070.0
2001-09-13,543.5995,547.6953,542.6943,543.5617,77140451.0
2001-09-14,541.978,542.7783,540.0384,540.6678,106061485.0
2001-09-17,542.4295,548.7323,542.2197,548.4191,82136605.0
2001-09-18,548.1297,549.197,546.9866,547.534,46168914.0
2001-09-19,547.1426,547.267,544.196,546.2687,48244898.0
2001-09-20,545.9975,546.2421,542.4081,544.6676,99599487.0
2001-09-21,544.688,546.8879,543.1411,544.8127,92481442.0
2001-09-24,545.0509,546.7033,543.1268,546.4597,67616385.0
2001-09-25,548.5371,552.1029,548.2991,550.4464,76256031.0
2001-09-26,549.8605,550.3111,547.4425,548.0996,76603638.0
2001-09-27,547.9305,548.5663,545.8888,547.4219,77681868.0
2001-09-28,547.8198,551.5459,546.8146,549.2223,73300087.0
2001-10-01,548.5042,549.9314,543.0594,543.1198,54495055.0
2001-10-02,543.7173,548.0942,543.2765,547.8156,57940424.0
2001-10-03,547.148,547.9433,542.7591,544.0883,66947902.0
2001-10-04,544.4528,547.4805,543.656,545.4653,60962590.0
2001-10-05,544.8908,545.2407,538.8366,542.5438,86376992.0
2001-10-08,543.0501,546.6981,541.3847,546.6309,44605396.0
2001-10-09,547.0196,548.6491,545.5575,547.7211,36515292.0
2001-10-10,547.1713,548.1661,541.7679,542.0253,67159676.0
2001-10-11,542.6998,546.7215,542.6018,543.2242,69093154.0
2001-10-12,543.6108,546.7119,540.3329,546.6045,69423213.0
2001-10-15,547.4748,550.2117,546.4421,549.2371,66558185.0
2001-10-16,550.0603,553.6626,547.5437,552.1005,73632372.0
2001-10-17,552.0979,554.3173,549.9312,552.0808,81496476.0
2001-10-18,552.4762,554.4485,549.56,553.9221,61062584.0
2001-10-19,553.2222,555.3402,548.9149,550.916,38799873.0
2001-10-22,551.7666,555.2488,550.1419,554.538,80540443.0
2001-10-23,554.7125,559.2168,554.6301,558.469,77418997.0
2001-10-24,558.5767,561.1008,558.2803,559.2543,63029637.0
2001-10-25,560.5691,564.099,558.8848,563.8142,93435954.0
2001-10-26,564.9049,568.1232,564.643,566.5003,41837811.0
2001-10-29,566.6303,568.3103,565.5021,566.7958,109083585.0
2001-10-30,567.5117,569.6121,567.128,569.418,78825599.0
2001-10-31,569.4715,571.7703,568.216,569.6466,60441236.0
2001-11-01,569.8893,572.1962,567.6751,571.189,57197490.0
2001-11-02,571.0405,571.4383,567.8535,570.4641,56597195.0
2001-11-05,570.4732,572.8785,568.4747,570.5209,52180841.0
2001-11-06,573.2202,575.7599,572.403,574.4983,64121921.0
2001-11-07,576.1374,578.0296,574.0083,577.3258,67258799.0
2001-11-08,576.7474,577.0748,571.1858,573.8859,117815606.0
2001-11-09,573.8649,575.7225,571.9999,573.746,72918152.0
2001-11-12,574.8313,580.9939,574.5256,577.8689,48888331.0
2001-11-13,577.4859,578.1269,574.0116,574.0116,37051580.0
2001-11-14,574.5559,579.6778,574.4649,579.2437,128638915.0
2001-11-15,577.5161,577.9672,571.5709,572.4727,41331873.0
2001-11-16,573.9452,583.4889,573.0512,582.9156,96793612.0
2001-11-19,583.902,587.2265,583.2669,585.5639,66796583.0
2001-11-20,586.1141,591.6311,586.1141,588.2867,54378640.0
2001-11-21,588.86,593.3543,586.4354,593.3543,92950664.0
2001-11-22,591.6869,592.4617,588.0458,590.5333,71126502.0
2001-11-23,591.5457,594.3444,589.4974,593.3706,87025018.0
2001-11-26,596.8529,603.0751,595.5288,602.4335,139791026.0
2001-11-27,602.8969,604.509,601.7517,603.4562,64324853.0
2001-11-28,603.6242,609.2166,602.8668,605.8285,63329579.0
2001-11-29,608.4508,611.6313,607.2643,610.545,96789113.0
2001-11-30,610.7294,615.3972,609.5301,613.4611,68917187.0
2001-12-03,613.8941,615.1715,611.2519,615.0429,68032155.0
2001-12-04,615.8283,619.7238,615.0642,618.3469,65599693.0
2001-12-05,617.2492,619.3307,614.2175,614.4046,50436476.0
2001-12-06,615.7921,616.6437,613.8233,616.5969,42923458.0
2001-12-07,616.7379,619.2416,615.8943,616.9134,107434182.0
2001-12-10,616.7255,617.794,613.2297,614.943,44914594.0
2001-12-11,614.1468,615.0968,610.5895,612.2402,58265155.0
2001-12-12,615.4211,618.3618,612.8297,618.2251,81042325.0
2001-12-13,618.2481,620.2488,616.9827,618.26,38665215.0
2001-12-14,619.8249,624.1318,617.9851,622.9019,73552347.0
2001-12-17,622.6328,626.1994,621.4597,621.9545,52321398.0
2001-12-18,621.6461,623.9253,619.814,620.8343,77125942.0
2001-12-19,621.478,622.3241,616.4987,622.3241,44989386.0
2001-12-20,625.2574,629.1553,625.0638,628.9409,33836779.0
2001-12-21,630.691,634.7487,630.5704,633.624,40231223.0
2001-12-24,633.6077,636.0361,632.4563,633.5663,63603189.0
2001-12-25,632.3243,633.5154,629.9925,631.0666,99887858.0
2001-12-26,631.5299,639.268,631.2425,637.7774,96049133.0
2001-12-27,637.4013,637.6358,633.2839,635.2305,51714416.0
2001-12-28,634.7441,635.6483,631.6822,633.2068,39638368.0
2001-12-31,632.2679,634.0442,629.4997,629.799,41834544.0
2002-01-01,627.4819,627.6684,623.4269,625.4476,48423987.0
2002-01-02,625.3358,626.0166,621.4679,625.1182,46703227.0
2002-01-03,625.2121,627.3151,624.8566,625.4017,72392328.0
2002-01-04,624.9116,626.5762,621.9035,622.6762,61917010.0
2002-01-07,622.9649,625.0369,619.5227,624.7139,59880363.0
2002-01-08,624.731,626.9654,622.0878,624.7622,85825018.0
2002-01-09,624.0886,624.2144,617.1779,617.3403,81981862.0
2002-01-10,617.1638,618.9416,614.7826,616.6574,140364975.0
2002-01-11,617.4665,621.224,616.7884,618.5901,63847171.0
2002-01-14,618.6865,619.2085,612.3461,619.2085,66883556.0
2002-01-15,620.0789,626.257,618.9206,624.7915,74894619.0
2002-01-16,625.0867,630.5218,624.2077,627.3013,72569164.0
2002-01-17,627.5375,631.2102,625.7536,630.8573,49948012.0
2002-01-18,630.6109,630.6109,623.6112,626.0929,58463788.0
2002-01-21,626.4141,629.3776,624.6128,627.6449,46241151.0
2002-01-22,629.0933,637.3201,629.0933,636.6363,132647767.0
2002-01-23,637.7754,641.9818,636.8427,640.5689,86771104.0
2002-01-24,639.8502,641.8459,636.3476,637.5913,72052747.0
2002-01-25,637.7206,641.7316,636.2973,639.4594,56280686.0
2002-01-28,639.4784,640.0982,634.0682,639.6876,36506189.0
2002-01-29,641.9312,644.2054,640.9458,642.954,35779132.0
2002-01-30,641.7593,642.4564,636.9845,639.2659,98218754.0
2002-01-31,639.6811,642.6043,637.7847,642.5565,53188086.0
2002-02-01,643.6432,648.3364,641.9289,646.2105,139479657.0
2002-02-04,642.6409,643.1903,640.5984,640.9393,75272206.0
2002-02-05,642.1033,645.2525,639.8454,644.7348,66701418.0
2002-02-06,645.6901,654.8999,645.4101,651.7806,80483799.0
2002-02-07,652.324,657.3781,652.2634,656.6749,90942727.0
2002-02-08,656.369,658.4566,653.6696,655.7137,63437346.0
2002-02-11,656.6714,660.8343,656.6714,658.1604,69361479.0
2002-02-12,659.3179,662.5393,657.0489,662.1841,85272644.0
2002-02-13,663.2736,670.3799,663.2736,668.9138,82411781.0
2002-02-14,667.9739,669.9605,666.2566,666.6923,63867178.0
2002-02-15,666.4007,667.2701,663.1584,663.3222,31354756.0
2002-02-18,660.1577,660.5074,657.1034,658.8173,91677930.0
2002-02-19,658.9687,666.9351,658.6239,662.4699,38176124.0
2002-02-20,660.7549,661.3171,654.1503,655.1834,56794416.0
2002-02-21,656.5429,661.9942,654.6442,660.4953,47258032.0
2002-02-22,660.4895,662.7086,657.0962,660.4778,40461321.0
2002-02-25,658.881,660.8176,655.4772,655.8841,56618549.0
2002-02-26,656.1904,660.8121,652.5101,660.8121,160012121.0
2002-02-27,661.1924,665.4541,660.4743,663.7059,87378765.0
2002-02-28,664.29,668.087,661.7573,665.5999,55630566.0
2002-03-01,666.1488,670.0225,665.5924,668.5693,79197941.0
2002-03-04,667.6896,667.9838,662.2557,665.1893,63875560.0
2002-03-05,665.7723,669.9301,665.2777,666.7414,50290584.0
2002-03-06,667.0047,670.8668,666.1469,669.0253,60402235.0
2002-03-07,669.0303,672.4306,667.5762,669.0736,63253287.0
2002-03-08,669.7143,671.739,667.4842,670.8009,48844380.0
2002-03-11,670.6012,671.3902,667.9879,669.8743,71107174.0
2002-03-12,670.3833,672.1582,669.6198,671.3199,39624106.0
2002-03-13,671.3394,672.1986,669.3669,671.3677,92336684.0
2002-03-14,672.9471,678.59,672.2707,678.4535,78718003.0
2002-03-15,677.6454,678.0539,672.6984,674.9519,75837849.0
2002-03-18,671.9876,672.4056,668.8576,670.8582,73860470.0
2002-03-19,671.4879,674.1865,669.5083,674.0227,51040022.0
2002-03-20,672.9118,673.4527,669.0746,671.4496,45628970.0
2002-03-21,671.0597,673.2319,666.3026,668.534,79339548.0
2002-03-22,669.2682,672.8028,668.5065,669.9628,63817380.0
2002-03-25,670.555,674.8287,670.1076,672.4003,57594723.0
2002-03-26,672.5633,673.7482,669.1036,673.2509,64934072.0
2002-03-27,673.3363,674.0725,669.5563,673.4607,40921683.0
2002-03-28,674.1997,677.0029,673.6147,676.4716,73748001.0
2002-03-29,678.2319,683.0189,677.4123,683.0189,116451803.0
2002-04-01,683.9964,686.5943,682.0206,686.0438,73463772.0
2002-04-02,687.894,690.136,686.1622,690.136,69986785.0
2002-04-03,690.7308,696.1927,690.7027,694.2088,93030838.0
2002-04-04,692.4724,694.4299,689.9495,691.5489,96965625.0
2002-04-05,690.6998,693.1475,684.8387,686.5923,56387153.0
2002-04-08,687.1567,691.9436,681.9508,691.602,55939573.0
2002-04-09,694.5995,697.4871,693.4209,697.3871,122436260.0
2002-04-10,696.1168,697.5582,692.7019,693.6928,91965968.0
2002-04-11,698.9284,705.5389,698.0801,703.4345,67167650.0
2002-04-12,704.3505,707.6784,702.6156,706.3883,62316745.0
2002-04-15,706.3414,707.7949,702.0039,702.4058,62995995.0
2002-04-16,704.2556,708.2543,703.8315,706.9863,46246227.0
2002-04-17,706.3823,706.7036,695.2108,700.569,44514796.0
2002-04-18,699.3854,701.5191,697.2021,697.4969,30107910.0
2002-04-19,697.7742,701.5439,695.2239,698.5264,78914319.0
2002-04-22,698.5686,701.6275,696.7423,698.7863,64759121.0
2002-04-23,698.5026,699.4687,696.0504,698.2094,42312115.0
2002-04-24,696.2668,696.2668,690.1556,691.4986,83708181.0
2002-04-25,691.7761,696.3816,689.5106,693.0863,86894340.0
2002-04-26,692.5831,693.1564,688.5383,690.9992,64187040.0
2002-04-29,690.6179,692.1433,688.2946,690.2481,58670878.0
2002-04-30,690.5273,692.3478,688.9577,691.2487,56466015.0
2002-05-01,691.91,694.9005,688.6708,694.8565,48909205.0
2002-05-02,695.898,702.045,695.7765,701.0177,47608144.0
2002-05-03,701.0437,703.5572,696.2974,701.2114,49763001.0
2002-05-06,700.1052,701.5248,692.6293,693.1588,66367696.0
2002-05-07,692.516,694.9911,690.0244,692.0296,61367912.0
2002-05-08,693.0479,694.0484,690.3633,693.958,57279146.0
2002-05-09,694.1205,697.2335,690.6445,695.2952,79046810.0
2002-05-10,692.5198,692.7017,687.0023,689.1344,112314868.0
2002-05-13,687.2179,687.3982,680.5726,681.3814,43549025.0
2002-05-14,682.4343,683.9785,676.8971,683.7962,94797891.0
2002-05-15,684.3941,689.7005,684.1321,686.8815,68343498.0
2002-05-16,687.077,695.1741,686.511,688.6854,57730014.0
2002-05-17,686.0769,686.0769,671.2734,673.9403,119645719.0
2002-05-20,673.2518,673.7631,663.6189,669.2215,35494325.0
2002-05-21,669.2924,673.1116,666.1876,672.0341,97700932.0
2002-05-22,672.5217,675.4773,669.4379,675.271,54417453.0
2002-05-23,676.5731,679.4966,676.1629,678.0045,42478156.0
2002-05-24,678.7522,688.7822,676.7964,687.1851,59318039.0
2002-05-27,689.1548,696.2517,689.1548,692.1207,111999843.0
2002-05-28,692.3563,695.3153,690.0096,693.2819,55780404.0
2002-05-29,692.1375,694.2996,685.0274,686.5955,89515847.0
2002-05-30,688.4702,694.1523,688.3119,691.591,81352412.0
2002-05-31,690.8101,691.582,686.7725,688.6389,60332998.0
2002-06-03,688.1493,690.4088,675.8787,677.7026,41078724.0
2002-06-04,678.5813,683.6843,672.5084,683.5771,67066763.0
2002-06-05,683.4264,685.3047,676.8128,679.0391,50750329.0
2002-06-06,679.2546,682.2457,676.5328,680.7687,76313767.0
2002-06-07,680.5497,681.6325,672.7523,679.9184,74861761.0
2002-06-10,680.0132,686.1558,679.9927,680.2046,100995523.0
2002-06-11,683.3854,690.1495,679.0209,687.9497,68581489.0
2002-06-12,688.6339,695.5826,688.6339,693.0991,97862231.0
2002-06-13,694.2424,698.6777,693.2701,696.7266,74363308.0
2002-06-14,697.0675,700.3185,694.1245,698.3287,45304960.0
2002-06-17,697.6645,702.3229,695.0906,695.6925,65409756.0
2002-06-18,695.6939,697.7678,690.4319,695.7251,65056161.0
2002-06-19,695.751,697.5641,691.8889,695.8503,111028798.0
2002-06-20,696.285,699.8052,695.7753,696.8662,82612293.0
2002-06-21,694.99,700.7187,691.3076,691.7682,58744295.0
2002-06-24,686.8165,687.5548,683.4386,684.3621,51454913.0
2002-06-25,686.5006,694.7723,685.9038,691.0481,55387670.0
2002-06-26,690.1433,691.8743,686.1364,689.128,66129310.0
2002-06-27,688.3821,688.757,684.9981,687.7009,51479113.0
2002-06-28,690.8617,694.7075,689.1414,694.0424,65260517.0
2002-07-01,694.4222,697.1581,692.8628,695.6225,73113907.0
2002-07-02,695.248,695.248,690.2235,694.1267,109035817.0
2002-07-03,694.5132,698.2547,688.1539,696.5795,59400485.0
2002-07-04,695.1613,695.7894,691.7382,693.2078,67896283.0
2002-07-05,693.5595,698.2135,692.9154,697.7299,109382843.0
2002-07-08,700.0849,704.4228,699.827,703.6154,111408560.0
2002-07-09,700.2003,700.2003,691.577,692.8669,67131545.0
2002-07-10,687.5254,688.0383,678.9706,680.2167,44962455.0
2002-07-11,680.8942,690.0858,680.8608,682.3802,71320650.0
2002-07-12,684.2682,687.9269,681.3766,687.3595,70891758.0
2002-07-15,686.6642,687.4114,682.9214,685.544,45600370.0
2002-07-16,684.1629,686.1501,679.0002,679.8249,76445771.0
2002-07-17,680.56,690.6191,678.4091,688.7348,70902432.0
2002-07-18,688.182,691.0264,680.3685,683.2344,180668856.0
2002-07-19,680.1064,680.4448,638.7942,638.9007,60054448.0
2002-07-22,646.6682,663.6565,643.2655,663.6565,49022928.0
2002-07-23,661.6288,663.689,641.938,653.8983,48895334.0
2002-07-24,654.949,663.3495,651.7552,657.9564,32949210.0
2002-07-25,658.194,663.4924,650.7696,661.3727,70516136.0
2002-07-26,657.878,658.9109,649.2696,649.9264,45538360.0
2002-07-29,648.6921,651.0923,637.8194,644.7962,60416311.0
2002-07-30,649.0147,664.7322,645.9525,658.73,44263604.0
2002-07-31,664.3084,680.9795,663.5978,675.5415,71896752.0
2002-08-01,668.1796,668.2688,648.7644,656.2062,40630628.0
2002-08-02,656.8216,676.1764,650.9877,662.7081,58025090.0
2002-08-05,656.2133,659.1887,639.4369,648.9214,41956025.0
2002-08-06,650.772,656.6098,642.9083,653.5327,56968375.0
2002-08-07,653.3153,662.1511,648.8725,651.0971,38738795.0
2002-08-08,651.1273,660.3094,648.4476,651.1798,70406505.0
2002-08-09,652.1289,658.6738,647.4647,653.9757,46654695.0
2002-08-12,653.4363,659.9839,648.9057,651.6998,98965851.0
2002-08-13,654.0536,669.018,650.2653,661.4066,90901978.0
2002-08-14,657.5909,660.2024,653.9297,654.3271,53937589.0
2002-08-15,655.3084,665.4171,654.0374,656.646,93182074.0
2002-08-16,649.4204,650.1491,642.4421,643.2233,42112329.0
2002-08-19,644.186,652.8707,640.009,651.2851,83003803.0
2002-08-20,652.3663,665.7405,650.475,656.3055,87997411.0
2002-08-21,659.2779,666.1371,656.6193,666.1371,77153315.0
2002-08-22,664.8204,665.7545,656.1617,661.7681,50340455.0
2002-08-23,654.6093,656.4071,635.6855,636.9193,53161742.0
2002-08-26,637.9136,655.5096,637.1321,643.7454,44684871.0
2002-08-27,643.0323,643.6088,634.5478,642.4713,64723827.0
2002-08-28,641.5263,645.7048,633.1335,636.5057,56954731.0
2002-08-29,636.8626,641.6146,630.0571,640.5427,93541205.0
2002-08-30,642.7281,653.5914,642.0929,649.1759,76026406.0
2002-09-02,650.0873,653.4564,645.3217,651.0622,89650302.0
2002-09-03,652.4991,655.7611,647.7568,655.7611,123764907.0
2002-09-04,662.9866,672.4892,662.1871,671.5735,103244765.0
2002-09-05,669.189,672.7548,658.5937,661.6608,41730189.0
2002-09-06,662.2596,670.3876,659.8863,663.642,79386275.0
2002-09-09,654.3352,656.9646,639.5952,639.5952,58927498.0
2002-09-10,641.9408,652.6269,634.3315,648.426,69034682.0
2002-09-11,647.6132,652.3285,643.1631,646.1932,63257017.0
2002-09-12,644.0881,656.8787,641.2032,641.4044,115485855.0
2002-09-13,640.8645,645.2649,634.7354,639.5121,26570847.0
2002-09-16,639.1892,642.1513,632.4527,638.7532,61356870.0
2002-09-17,638.5498,642.1151,633.5459,638.2469,83912335.0
2002-09-18,637.4852,640.8158,630.9129,636.075,43442700.0
2002-09-19,633.9056,635.5364,627.5753,627.5753,43809782.0
2002-09-20,624.4953,625.4815,616.4888,618.8314,61279145.0
2002-09-23,620.8063,622.7271,618.3086,622.3709,87332065.0
2002-09-24,621.3267,628.7024,613.8564,615.0272,62502078.0
2002-09-25,616.8784,622.1843,615.3242,619.0695,37625781.0
2002-09-26,620.564,627.1913,616.6712,626.9202,42079754.0
2002-09-27,618.4859,618.6078,598.2252,598.8733,70367429.0
2002-09-30,610.9043,621.8128,605.9413,620.405,79107967.0
2002-10-01,621.9077,625.4265,617.2072,624.3382,95923547.0
2002-10-02,632.6179,648.8147,628.058,648.8147,52773995.0
2002-10-03,642.2308,643.3635,631.7361,633.3397,108327665.0
2002-10-04,631.1819,631.1819,609.803,610.7649,56138736.0
2002-10-07,611.2281,620.3818,610.4152,614.9568,135059946.0
2002-10-08,618.0248,643.7531,615.9705,641.4469,130363528.0
2002-10-09,640.3071,648.1808,632.6996,636.4141,66202883.0
2002-10-10,642.635,661.7463,642.6253,660.6944,67457862.0
2002-10-11,655.3673,655.3673,631.9081,632.0109,77777608.0
2002-10-14,639.6327,644.8982,634.4718,643.4349,67952547.0
2002-10-15,635.6288,639.562,626.672,628.4953,98971756.0
2002-10-16,635.5592,647.378,634.1278,646.69,57667174.0
2002-10-17,645.3858,652.5648,631.4487,637.7841,99685209.0
2002-10-18,633.2724,638.6615,626.5771,631.113,46395362.0
2002-10-21,630.6266,633.5005,623.1934,629.0576,85133434.0
2002-10-22,628.1952,630.0819,609.3633,612.4458,80075018.0
2002-10-23,611.4606,617.4305,596.455,605.5844,95327398.0
2002-10-24,605.5823,609.9106,594.7783,605.5707,43382644.0
2002-10-25,606.0894,614.8577,602.3013,608.8324,59530060.0
2002-10-28,606.0757,607.9426,599.4432,603.4411,114707167.0
2002-10-29,602.2894,603.6264,595.6294,601.278,111335868.0
2002-10-30,605.0525,617.4301,603.0601,613.9638,82607227.0
2002-10-31,614.0743,619.5685,610.2727,614.2073,103422662.0
2002-11-01,619.8669,632.0179,617.468,626.4531,54913732.0
2002-11-04,627.0409,633.4691,625.4165,631.0061,69494142.0
2002-11-05,628.1266,630.8777,623.2732,623.9392,87935971.0
2002-11-06,623.8474,631.4483,620.1694,622.5053,69692192.0
2002-11-07,622.577,627.245,617.8596,622.758,48321545.0
2002-11-08,621.1968,625.6596,618.4146,618.465,82398223.0
2002-11-11,620.2294,625.965,617.6673,624.2887,55837037.0
2002-11-12,624.6048,631.8295,620.066,627.6425,73311578.0
2002-11-13,627.8078,628.6629,618.6978,628.0519,61367004.0
2002-11-14,628.0766,630.6008,621.1909,628.2054,75689343.0
2002-11-15,627.8685,630.5791,624.2798,627.2339,59185521.0
2002-11-18,624.9753,626.4445,610.7404,613.0142,58985071.0
2002-11-19,612.8289,614.1625,604.284,611.0749,28071076.0
2002-11-20,608.8352,609.9811,605.0695,607.9659,77804192.0
2002-11-21,605.6548,607.2516,599.1769,601.9384,74029640.0
2002-11-22,601.8661,602.4428,597.2712,601.0724,74960948.0
2002-11-25,600.1991,602.0108,593.94,595.441,84093158.0
2002-11-26,595.6048,605.0325,594.6464,598.3943,131872476.0
2002-11-27,596.9942,598.4786,593.0846,594.4077,78191199.0
2002-11-28,587.8083,588.2766,584.8864,586.0723,93096100.0
2002-11-29,584.6851,587.019,578.6447,581.746,63894937.0
2002-12-02,582.0422,586.3739,574.9925,585.0052,54693414.0
2002-12-03,581.5471,583.9987,578.664,578.9104,62068976.0
2002-12-04,578.2135,580.2269,575.4914,577.9874,65238810.0
2002-12-05,580.3763,584.7168,579.8727,582.3965,71488736.0
2002-12-06,581.0729,584.5727,576.2435,576.2435,67954745.0
2002-12-09,576.2452,577.2337,572.257,576.2503,62415338.0
2002-12-10,575.0765,575.9627,571.2301,572.8317,84129295.0
2002-12-11,573.1112,583.7669,572.869,581.1926,50176142.0
2002-12-12,581.8224,585.3475,580.5257,584.7743,60837520.0
2002-12-13,584.5717,585.7434,577.0558,577.0558,46878949.0
2002-12-16,576.375,578.8721,574.8056,575.6006,61647954.0
2002-12-17,573.8597,574.989,570.4348,571.2553,78582972.0
2002-12-18,571.5078,577.1072,571.0242,574.5727,99550984.0
2002-12-19,574.3554,576.2049,572.0765,574.1391,41773579.0
2002-12-20,574.5027,577.1236,571.8525,575.7615,55819592.0
2002-12-23,576.5323,577.8849,573.8821,577.477,72298052.0
2002-12-24,572.3534,573.3024,568.6427,568.931,99232864.0
2002-12-25,569.9544,576.2405,568.3459,572.9811,32647910.0
2002-12-26,572.7128,577.3371,571.7495,572.4792,127362162.0
2002-12-27,572.1482,575.9611,569.2204,571.0775,89930584.0
2002-12-30,570.5332,570.5332,563.4663,569.3479,55724250.0
2002-12-31,568.1588,568.1588,564.1586,565.0156,67381165.0
2003-01-01,566.2228,570.5007,565.9832,567.6692,62159729.0
2003-01-02,566.684,568.6269,563.4693,564.8837,44143950.0
2003-01-03,562.7798,562.7798,556.2181,557.2948,59809502.0
2003-01-06,554.655,555.1301,546.4883,549.6007,67052511.0
2003-01-07,549.5739,549.5739,543.646,549.3594,75546919.0
2003-01-08,550.1685,552.3614,545.9561,551.8418,123613818.0
2003-01-09,552.9675,554.8755,550.2225,553.803,60146113.0
2003-01-10,555.5143,559.4127,554.1845,558.2191,93742959.0
2003-01-13,557.7908,559.5629,555.1546,557.0015,39338616.0
2003-01-14,558.4426,565.8556,558.2082,563.4315,73318249.0
2003-01-15,564.0082,568.9361,558.8171,568.0624,95459915.0
2003-01-16,567.0951,570.6006,563.8528,563.8528,38372853.0
2003-01-17,562.3213,563.9093,560.1856,560.2125,48716611.0
2003-01-20,561.5376,566.6289,558.8934,563.7726,38115748.0
2003-01-21,563.6654,564.7044,561.6226,563.5632,50485528.0
2003-01-22,563.7177,565.7098,561.3438,565.167,91564775.0
2003-01-23,564.4859,565.4063,560.3569,563.0509,39870130.0
2003-01-24,563.8864,565.1784,562.6167,564.7185,41439788.0
2003-01-27,563.9057,564.8347,561.1557,561.4799,60860636.0
2003-01-28,562.3118,565.6654,561.6067,564.1525,91620377.0
2003-01-29,564.356,568.7512,564.2156,567.1839,51584754.0
2003-01-30,566.7112,569.2744,564.3069,564.9396,71676462.0
2003-01-31,565.1441,569.2957,563.7899,567.2864,47235264.0
2003-02-03,566.285,566.911,562.1805,562.5023,88913912.0
2003-02-04,561.8066,564.1179,560.4439,560.4439,67826556.0
2003-02-05,560.4562,562.8446,558.2272,560.5776,76474761.0
2003-02-06,560.7841,562.5521,556.7577,561.8497,26794504.0
2003-02-07,559.3394,561.2407,556.3438,556.4478,47806388.0
2003-02-10,555.9954,559.6562,552.7362,553.5054,44508541.0
2003-02-11,554.3089,556.2194,552.9081,556.0184,49530442.0
2003-02-12,553.7422,554.6585,549.7417,549.7417,161805649.0
2003-02-13,549.0955,551.3537,547.7743,548.4066,71004725.0
2003-02-14,549.2561,552.8749,547.7293,551.3949,68468075.0
2003-02-17,550.8207,551.5667,546.8846,547.7814,56124253.0
2003-02-18,549.1528,554.5382,549.1528,552.6703,71606882.0
2003-02-19,554.0947,558.5143,553.3723,557.4532,77424426.0
2003-02-20,556.4013,557.4858,550.2076,551.4731,34564420.0
2003-02-21,551.9173,556.0658,549.8071,554.9165,63209755.0
2003-02-24,555.3018,559.5431,553.451,557.0166,63161815.0
2003-02-25,557.7518,565.1645,556.0155,565.1645,54377003.0
2003-02-26,568.7595,572.885,568.6394,571.1116,78520200.0
2003-02-27,573.1736,577.0346,572.7402,575.7199,45413746.0
2003-02-28,575.775,577.8638,570.5271,576.478,58455841.0
2003-03-03,576.6104,579.2007,573.8136,578.3843,46435747.0
2003-03-04,578.2475,581.1486,574.6703,575.9556,48782543.0
2003-03-05,573.5653,573.7697,569.5603,570.8049,111100148.0
2003-03-06,568.3732,568.656,560.59,561.4255,87177315.0
2003-03-07,561.7821,562.9594,559.6216,561.9687,95718941.0
2003-03-10,564.4754,568.0053,562.5039,567.2498,84090006.0
2003-03-11,567.7553,569.6202,564.4409,569.1127,36857960.0
2003-03-12,571.6304,575.0205,571.3898,572.9045,80067425.0
2003-03-13,573.0717,574.2738,570.64,573.7934,66486059.0
2003-03-14,565.586,566.0344,559.2906,560.59,85889241.0
2003-03-17,559.7471,560.1075,553.361,556.663,41377741.0
2003-03-18,557.6092,563.2494,556.938,561.7584,70056087.0
2003-03-19,561.169,563.2368,556.3727,557.6365,45809569.0
2003-03-20,558.8223,564.9211,556.7567,561.1335,35081457.0
2003-03-21,564.4855,568.1381,564.4855,566.4238,51614534.0
2003-03-24,568.3742,573.9832,567.8186,572.962,95911915.0
2003-03-25,574.3494,578.2318,572.9808,577.0521,78158983.0
2003-03-26,574.9825,576.2254,564.6385,564.6385,114938781.0
2003-03-27,561.1165,563.0118,553.1228,554.7512,70763704.0
2003-03-28,555.3622,557.247,551.791,556.8551,82950383.0
2003-03-31,558.0533,564.078,557.0393,560.8483,88618693.0
2003-04-01,560.0538,561.2618,553.5528,558.0515,36379715.0
2003-04-02,556.2665,557.5564,550.116,553.3996,72276851.0
2003-04-03,557.375,567.9693,556.7945,566.0609,56960304.0
2003-04-04,563.8253,566.2318,556.3448,556.5727,55890774.0
2003-04-07,555.0099,556.8062,549.3173,550.601,44327457.0
2003-04-08,550.1194,550.5217,545.9063,547.9613,55744370.0
2003-04-09,550.0718,552.1697,544.7705,552.0493,80487557.0
2003-04-10,552.6209,555.1064,548.1058,553.6531,49814346.0
2003-04-11,554.4358,556.362,551.608,555.6752,109581224.0
2003-04-14,556.3299,558.6704,553.4978,556.9951,82662296.0
2003-04-15,557.703,560.131,555.5,558.3503,83509707.0
2003-04-16,558.6637,563.3337,557.7047,559.6451,50105033.0
2003-04-17,557.7687,558.1347,553.5567,555.3343,131212339.0
2003-04-18,555.6055,557.6478,554.3002,556.1043,42881755.0
2003-04-21,552.8358,553.1576,545.5965,546.283,100383947.0
2003-04-22,544.3227,545.8524,541.767,542.0796,69025294.0
2003-04-23,543.7892,550.0364,543.1163,550.0364,51477074.0
2003-04-24,550.7307,554.7837,548.2642,553.5457,93454722.0
2003-04-25,556.0629,561.6709,554.5538,560.5222,48405729.0
2003-04-28,560.8233,564.0005,560.1726,561.6621,60763224.0
2003-04-29,563.112,568.086,562.8663,567.6901,75732224.0
2003-04-30,572.1201,580.1297,568.7187,578.2717,128524752.0
2003-05-01,579.449,587.4361,579.3881,586.3945,37450219.0
2003-05-02,585.902,588.5576,583.7492,584.9489,95363252.0
2003-05-05,582.4413,584.062,579.0248,580.1738,61895765.0
2003-05-06,580.3574,581.3079,577.3597,581.1943,71853121.0
2003-05-07,582.1574,585.4271,577.6141,585.4271,114535485.0
2003-05-08,585.7837,594.7799,585.2086,589.0772,43166576.0
2003-05-09,589.1473,590.6709,586.4041,589.7649,73081008.0
2003-05-12,590.3627,593.1126,587.8711,591.3426,64291560.0
2003-05-13,590.7766,590.7766,585.0817,588.1376,59219340.0
2003-05-14,586.4194,587.0653,583.0452,584.3249,42309300.0
2003-05-15,586.2548,594.0231,586.0174,593.2971,56636637.0
2003-05-16,592.5957,593.0205,588.3624,591.2369,35796194.0
2003-05-19,591.9034,594.0495,590.6901,594.0495,56212067.0
2003-05-20,594.1232,595.8789,591.4575,594.5687,77916868.0
2003-05-21,594.5419,597.1841,590.9343,594.4643,93619456.0
2003-05-22,594.8025,598.5775,593.1632,597.0776,78179460.0
2003-05-23,597.8062,602.3886,597.4602,599.3413,44079413.0
2003-05-26,599.0599,604.0671,598.0964,598.3824,43481770.0
2003-05-27,595.9501,595.993,590.8843,594.2516,45173088.0
2003-05-28,591.9413,592.1603,584.9493,585.4397,61930251.0
2003-05-29,586.6022,591.5861,583.6032,591.5861,83728932.0
2003-05-30,593.155,599.422,593.0362,595.4694,97530128.0
2003-06-02,594.8055,595.9926,592.0669,593.8484,98861458.0
2003-06-03,593.477,595.0975,589.9703,590.3197,70731655.0
2003-06-04,591.2691,595.2883,589.1358,594.4794,92699390.0
2003-06-05,594.5831,595.8906,593.3896,594.6589,87103173.0
2003-06-06,587.241,587.4226,582.5438,582.9344,92414330.0
2003-06-09,580.3997,584.1514,571.2432,571.3993,64191844.0
2003-06-10,573.5813,584.104,571.776,583.1633,87430552.0
2003-06-11,586.0361,591.9725,585.7928,590.4535,76218431.0
2003-06-12,586.63,587.9813,579.7335,581.5719,58425337.0
2003-06-13,583.9418,591.0943,581.2207,591.038,52674429.0
2003-06-16,591.175,595.8982,589.1131,595.5001,43751971.0
2003-06-17,595.1943,596.6448,592.6869,594.6849,34007720.0
2003-06-18,595.1939,604.8083,593.0851,600.4624,40627068.0
2003-06-19,602.3718,607.8538,601.0589,605.5917,171090135.0
2003-06-20,606.0866,612.9392,603.3432,609.5151,39968872.0
2003-06-23,609.11,611.7626,608.1391,608.7779,80920748.0
2003-06-24,608.8064,616.3367,608.8064,609.528,53280855.0
2003-06-25,607.9438,609.1629,597.3756,601.7528,61295793.0
2003-06-26,600.6056,603.8813,597.6977,597.6977,59793454.0
2003-06-27,599.1938,605.3758,599.1938,601.0809,96677581.0
2003-06-30,602.36,607.2758,599.629,605.2654,58315819.0
2003-07-01,606.5519,610.663,605.1107,608.9346,79100729.0
2003-07-02,608.4736,608.9583,605.281,608.1654,80605317.0
2003-07-03,608.338,611.9674,607.3994,608.4747,97552575.0
2003-07-04,610.8198,616.0361,609.374,615.4664,73508833.0
2003-07-07,615.0375,615.1857,611.6701,611.6701,48558338.0
2003-07-08,611.4556,613.6211,607.2628,607.526,103787292.0
2003-07-09,606.2786,606.38,601.3569,602.309,50437935.0
2003-07-10,601.2643,603.3716,599.9335,600.1593,80406233.0
2003-07-11,600.3071,606.4631,598.7646,601.2421,94457481.0
2003-07-14,602.9855,606.0173,600.9843,605.7303,29254786.0
2003-07-15,605.8386,608.5859,605.4262,606.0131,109575835.0
2003-07-16,605.4747,606.1497,601.4127,604.6539,30041623.0
2003-07-17,600.6117,601.2471,595.6268,596.4984,61589346.0
2003-07-18,596.9277,602.7719,595.5703,599.5256,82355920.0
2003-07-21,599.431,600.8342,597.4288,599.2268,40716247.0
2003-07-22,599.3507,600.773,595.9521,599.6374,150747566.0
2003-07-23,600.4495,606.6409,598.1715,604.733,61057595.0
2003-07-24,604.9561,609.8192,602.3612,608.3453,88934392.0
2003-07-25,608.7142,610.8761,605.2648,609.2067,67125000.0
2003-07-28,610.4461,618.0391,608.6975,615.8191,39741220.0
2003-07-29,616.3559,621.3542,611.6755,620.4714,42538627.0
2003-07-30,620.8907,624.0765,617.3892,623.214,49407063.0
2003-07-31,623.009,623.009,618.108,620.1888,33351874.0
2003-08-01,619.6541,622.3985,617.2744,618.9632,104979767.0
2003-08-04,621.9341,629.1382,620.3362,628.5962,56837825.0
2003-08-05,629.9594,632.0368,628.3466,630.9323,52085790.0
2003-08-06,632.1006,636.8703,631.6044,636.3242,75751831.0
2003-08-07,636.3332,637.534,632.677,636.423,56121463.0
2003-08-08,636.751,637.4609,634.8731,637.021,43494662.0
2003-08-11,637.361,640.796,636.1788,639.6529,59865179.0
2003-08-12,636.2794,636.632,631.7988,634.3245,57594773.0
2003-08-13,634.9511,638.0257,633.6062,635.7109,49171665.0
2003-08-14,635.2632,636.737,631.3819,634.4655,18931438.0
2003-08-15,633.6081,634.4733,628.0885,628.9851,70143777.0
2003-08-18,629.0808,633.4105,627.5579,630.3192,69712296.0
2003-08-19,631.0009,634.2847,630.1437,632.2346,52364553.0
2003-08-20,632.7118,634.8902,628.7647,634.7845,51689217.0
2003-08-21,635.5731,637.2972,633.9092,636.2974,73157452.0
2003-08-22,636.4855,638.4839,634.0541,636.923,61892878.0
2003-08-25,637.0875,639.2247,635.5762,637.597,67788115.0
2003-08-26,636.9286,638.7711,634.9101,635.2221,35571549.0
2003-08-27,631.4976,631.6354,625.1774,625.8083,40044459.0
2003-08-28,623.7626,625.6835,619.2982,620.7393,60134185.0
2003-08-29,622.0722,629.5687,622.0015,628.9413,76570223.0
2003-09-01,628.3303,631.4106,626.2721,626.9616,86737239.0
2003-09-02,627.7998,630.0809,625.9897,629.0384,94520893.0
2003-09-03,628.3287,628.9118,620.1208,620.1208,53347375.0
2003-09-04,620.1796,622.6164,618.4906,620.2951,59975749.0
2003-09-05,621.8327,626.4826,620.3502,623.8795,86438232.0
2003-09-08,623.9879,625.3884,621.3128,624.25,46816952.0
2003-09-09,626.0942,638.121,625.0064,637.4949,74862610.0
2003-09-10,637.2342,637.9568,632.6958,636.5643,55623134.0
2003-09-11,635.8528,637.0725,633.5991,634.91,66095663.0
2003-09-12,635.0524,640.6909,634.005,639.5855,70630451.0
2003-09-15,638.6583,639.8349,630.3414,633.575,58451212.0
2003-09-16,633.9921,640.495,633.1136,637.2326,91061710.0
2003-09-17,636.594,638.6955,632.0231,634.8947,81858241.0
2003-09-18,628.639,628.7274,614.0249,614.2744,36382291.0
2003-09-19,615.2746,618.9503,608.8547,617.6538,71058711.0
2003-09-22,616.2693,616.7768,611.1097,614.1122,52375981.0
2003-09-23,612.3844,616.9428,603.6126,604.7835,92386201.0
2003-09-24,608.7757,612.2528,604.8549,612.0955,60227144.0
2003-09-25,611.4026,612.9839,602.5929,608.0734,53674672.0
2003-09-26,610.2658,616.8059,610.1416,613.5609,47797879.0
2003-09-29,614.5375,618.314,611.5595,615.4348,88240918.0
2003-09-30,614.9197,615.7704,607.0819,611.2909,64264194.0
2003-10-01,611.4929,617.2197,610.4685,612.0175,75586920.0
2003-10-02,612.5153,616.2141,609.8398,614.2499,50258000.0
2003-10-03,613.8829,615.5144,608.1253,609.2342,70345081.0
2003-10-06,596.9,597.2768,584.7901,584.8995,60933623.0
2003-10-07,584.8881,586.8429,576.313,584.8452,112667440.0
2003-10-08,579.9799,580.0099,556.7262,557.8749,53425928.0
2003-10-09,560.5404,566.1979,557.0218,566.0186,51357268.0
2003-10-10,566.0258,570.6586,558.8191,566.1703,71690633.0
2003-10-13,564.1243,570.0626,554.3347,554.9189,65905084.0
2003-10-14,562.4712,573.4894,561.3719,571.6567,53747333.0
2003-10-15,571.7678,581.7167,569.7276,575.6014,71864172.0
2003-10-16,574.2044,579.2137,570.0436,571.202,50403621.0
2003-10-17,571.5367,585.5494,567.4062,581.0822,75310681.0
2003-10-20,580.7561,583.1939,572.198,580.4229,56994929.0
2003-10-21,584.2471,588.666,578.9073,586.1231,49296950.0
2003-10-22,589.2279,597.1978,585.5782,595.8878,38417188.0
2003-10-23,590.6498,591.1403,582.1365,584.3722,68655770.0
2003-10-24,586.5362,596.9847,585.5862,593.6795,71410185.0
2003-10-27,597.3723,603.595,594.6216,603.595,66622409.0
2003-10-28,601.9547,604.2788,597.1026,600.6728,133627370.0
2003-10-29,600.6313,601.5526,593.1852,600.5763,39704226.0
2003-10-30,600.7656,606.3691,598.785,601.9153,70498196.0
2003-10-31,601.5641,603.1713,592.9385,594.8382,106259991.0
2003-11-03,589.1311,589.4713,579.124,581.4192,60833732.0
2003-11-04,578.9106,580.5815,569.4544,571.6787,67817032.0
2003-11-05,571.4082,576.7759,569.9237,571.0555,52486936.0
2003-11-06,569.6807,572.5098,563.5977,566.5816,87343413.0
2003-11-07,566.66,575.4082,566.66,569.3047,78988302.0
2003-11-10,567.0524,567.6748,556.9147,560.9539,103158007.0
2003-11-11,560.2229,567.266,553.2163,558.6897,89130935.0
2003-11-12,558.4742,566.097,554.3858,556.5987,125402596.0
2003-11-13,551.5697,553.0671,542.7287,546.0175,35779922.0
2003-11-14,552.8016,562.7724,552.8016,560.9912,65216406.0
2003-11-17,560.3657,565.5136,557.4387,559.0064,140644964.0
2003-11-18,558.1766,559.2881,550.793,555.4285,72707158.0
2003-11-19,553.5181,553.5181,540.0654,540.0654,106209252.0
2003-11-20,531.8463,534.9271,520.293,521.0171,81211450.0
2003-11-21,521.9987,535.386,521.4059,530.0577,93677594.0
2003-11-24,529.5925,533.0367,511.1214,512.4274,38091185.0
2003-11-25,512.3717,512.4506,503.1387,508.3945,63595493.0
2003-11-26,505.2523,507.0795,495.7694,498.459,59837670.0
2003-11-27,495.2442,496.7275,476.748,481.1046,54804964.0
2003-11-28,480.4858,485.5218,474.4586,477.5715,79686529.0
2003-12-01,477.6927,483.6221,474.8074,479.6306,53711278.0
2003-12-02,484.1638,492.0188,479.7118,491.1397,56096212.0
2003-12-03,488.7549,493.542,478.3357,482.2192,53211721.0
2003-12-04,481.6476,485.8949,475.7277,480.2784,58389506.0
2003-12-05,478.2693,478.2693,468.1863,473.4415,42708834.0
2003-12-08,474.8291,478.1282,469.7663,476.2728,53932704.0
2003-12-09,477.5751,481.0582,473.4513,481.0582,53645591.0
2003-12-10,479.9674,489.2072,478.2301,478.827,65506928.0
2003-12-11,476.725,477.1235,465.2993,466.4168,52179556.0
2003-12-12,461.3089,461.3089,452.9513,453.2439,54331658.0
2003-12-15,455.862,461.3702,446.9837,461.3702,50000658.0
2003-12-16,459.2307,460.0055,455.9013,458.1108,36663623.0
2003-12-17,458.8678,468.5632,456.6801,461.2451,51473065.0
2003-12-18,464.8298,469.5622,459.1635,469.2605,83697963.0
2003-12-19,468.235,468.7867,455.3309,463.4178,50999311.0
2003-12-22,465.6367,472.587,458.5832,472.1475,55517410.0
2003-12-23,475.163,481.1535,473.2347,480.5633,91008279.0
2003-12-24,483.6763,495.6083,483.3135,491.671,81898202.0
2003-12-25,490.1261,491.7863,470.2425,470.2425,45448010.0
2003-12-26,469.3671,477.3077,466.0991,467.7227,61932443.0
2003-12-29,465.6312,469.0698,460.1053,463.7198,85131733.0
2003-12-30,464.8806,471.5904,457.3657,470.8609,31767559.0
2003-12-31,463.1553,464.6029,454.423,455.123,73014998.0
2004-01-01,456.7683,464.064,454.5585,462.4035,119211593.0
2004-01-02,460.5933,460.9126,454.6267,457.1185,82180981.0
2004-01-05,456.5803,461.0329,452.3075,454.5098,74575765.0
2004-01-06,457.0998,466.2564,456.4272,465.1063,105174404.0
2004-01-07,465.7099,468.4297,460.3769,468.2687,47871706.0
2004-01-08,475.4887,486.9027,473.8756,485.9316,50980485.0
2004-01-09,485.718,494.5259,479.5302,480.243,54254276.0
2004-01-12,479.5324,482.0136,471.7155,474.7895,67523561.0
2004-01-13,473.04,474.775,462.3236,465.8949,57967274.0
2004-01-14,465.8352,470.849,462.7117,465.3711,91940279.0
2004-01-15,459.8869,462.4271,448.9359,449.047,56725539.0
2004-01-16,448.7259,449.7952,440.4484,448.3359,49568361.0
2004-01-19,450.51,462.3687,445.0431,458.1604,38424679.0
2004-01-20,465.6872,473.0129,463.641,472.2477,58168580.0
2004-01-21,469.8452,473.4296,465.7751,466.6734,53924203.0
2004-01-22,476.9352,482.0695,475.5797,481.5831,31231336.0
2004-01-23,478.6023,480.1607,469.7922,471.4866,29647747.0
2004-01-26,473.268,484.6731,471.9534,481.8069,64251960.0
2004-01-27,477.9378,478.3217,472.4588,472.8547,78552101.0
2004-01-28,473.6422,479.5458,472.2018,475.7094,55362626.0
2004-01-29,476.4387,482.0286,472.493,478.3744,65881807.0
2004-01-30,478.2433,479.5888,472.8073,478.0792,80552573.0
2004-02-02,478.2657,482.8012,474.5726,479.797,49586635.0
2004-02-03,479.685,484.1107,477.7222,478.5956,99089871.0
2004-02-04,478.8553,482.4242,477.6172,479.2834,56611493.0
2004-02-05,480.915,484.8324,478.1187,483.887,98329692.0
2004-02-06,482.6034,483.312,473.6129,477.5371,67611982.0
2004-02-09,474.0926,474.7618,467.5884,467.5884,40410572.0
2004-02-10,466.4057,468.4716,461.1741,463.6898,69626809.0
2004-02-11,465.8881,471.5898,464.5031,470.3733,94623063.0
2004-02-12,471.5579,475.7077,467.6665,474.0703,40341799.0
2004-02-13,469.6827,470.7808,459.8256,460.0842,106402416.0
2004-02-16,460.8267,467.3801,459.2478,464.3005,48781904.0
2004-02-17,471.5001,484.5266,470.378,481.6062,61711286.0
2004-02-18,481.4318,485.6344,479.6903,480.5238,49914316.0
2004-02-19,480.382,482.591,473.5541,477.2245,59617716.0
2004-02-20,475.5193,476.5571,455.8341,457.2543,90155466.0
2004-02-23,458.1101,460.9715,454.7801,460.7154,103533614.0
2004-02-24,458.857,459.3935,448.8151,449.4455,114888685.0
2004-02-25,445.2279,445.816,435.5254,440.1003,64475554.0
2004-02-26,441.3206,446.8585,437.7075,443.3024,52799966.0
2004-02-27,445.4606,455.0065,442.0383,452.5766,60879007.0
2004-03-01,452.5566,457.0539,447.9711,452.4649,52881525.0
2004-03-02,454.1935,456.6523,451.2331,456.5025,52965308.0
2004-03-03,455.03,455.0595,451.5201,454.603,63708880.0
2004-03-04,455.3113,461.1767,453.6624,458.6612,59614465.0
2004-03-05,461.2644,469.8191,459.5657,469.8191,66531710.0
2004-03-08,470.9199,483.2033,467.6309,477.492,100158805.0
2004-03-09,477.19,479.2361,471.8663,476.6362,71892809.0
2004-03-10,477.9114,491.4389,477.8086,487.8358,136459733.0
2004-03-11,488.1187,495.8162,486.919,489.9167,85039370.0
2004-03-12,489.5853,493.8527,488.0794,488.7444,30705781.0
2004-03-15,488.3291,490.0099,483.1065,485.0255,93222863.0
2004-03-16,484.3245,487.1691,481.3159,481.336,55799850.0
2004-03-17,477.6849,479.4346,471.8598,471.9952,58062343.0
2004-03-18,469.795,469.9002,463.5555,466.3345,65311061.0
2004-03-19,465.542,466.5153,458.012,463.6341,44960265.0
2004-03-22,462.6694,466.4771,458.5273,460.7683,57439162.0
2004-03-23,460.2927,462.4964,457.2489,459.8139,35720672.0
2004-03-24,460.1254,463.4053,459.1204,460.4054,58829332.0
2004-03-25,460.7015,467.3953,459.1792,461.9446,65393917.0
2004-03-26,462.0703,463.4047,457.2419,462.5327,46723197.0
2004-03-29,463.3826,471.0879,459.8869,469.8927,76709259.0
2004-03-30,475.4674,482.8306,475.0804,481.925,48095669.0
2004-03-31,478.2972,480.3414,468.5894,468.7746,82765494.0
2004-04-01,468.3814,469.3618,463.7855,464.9248,109936489.0
2004-04-02,465.2313,469.8867,461.3645,466.0888,70489969.0
2004-04-05,465.4145,466.0897,460.4829,460.4829,40223484.0
2004-04-06,463.0787,477.0581,462.6683,477.0581,78944600.0
2004-04-07,479.2845,486.8031,478.4076,485.2238,40723700.0
2004-04-08,485.6176,491.7684,484.6767,487.9135,25322060.0
2004-04-09,488.1291,497.3953,487.9155,496.7766,53391311.0
2004-04-12,496.3652,497.8077,489.8503,495.6735,126350086.0
2004-04-13,494.1363,497.6994,492.0124,492.0124,85477806.0
2004-04-14,493.7432,496.2343,488.7149,496.2343,74972709.0
2004-04-15,496.263,499.2477,493.2717,496.3499,78654134.0
2004-04-16,495.2989,495.2989,487.2218,487.2218,46403660.0
2004-04-19,489.285,493.2964,489.1725,491.9034,67526853.0
2004-04-20,491.1328,492.6076,483.4082,488.763,57000051.0
2004-04-21,490.8576,499.9976,490.4451,498.8181,65758758.0
2004-04-22,499.103,501.8659,496.6556,500.399,59327130.0
2004-04-23,502.5341,507.2918,501.7935,506.0177,62403759.0
2004-04-26,503.1691,503.3833,494.992,498.7178,50014777.0
2004-04-27,498.9091,501.0972,497.7862,498.9859,29400958.0
2004-04-28,496.6945,497.3073,491.2732,491.8032,82230864.0
2004-04-29,491.8487,493.7608,487.4571,491.9513,52593003.0
2004-04-30,491.235,491.235,482.4424,483.6814,84661993.0
2004-05-03,484.1373,486.5187,481.8679,485.7377,49938556.0
2004-05-04,484.9635,485.3079,479.2109,483.7559,39927528.0
2004-05-05,483.4634,485.6484,480.9325,483.058,61988790.0
2004-05-06,482.9004,485.0773,480.3868,482.082,114610581.0
2004-05-07,482.4239,488.6679,482.0288,486.877,46923148.0
2004-05-10,487.3923,489.9872,483.5319,489.6631,46478642.0
2004-05-11,488.8855,489.7013,485.486,486.9856,82006465.0
2004-05-12,486.5107,487.7707,481.1234,482.2966,77212100.0
2004-05-13,481.6977,481.7988,475.8887,477.5352,38912227.0
2004-05-14,477.386,479.4883,475.5187,477.1666,58699734.0
2004-05-17,477.366,480.4577,475.5435,479.425,43008486.0
2004-05-18,478.3405,481.3607,474.821,474.821,59924542.0
2004-05-19,473.7902,474.7486,469.2829,470.4061,63588460.0
2004-05-20,469.8442,471.2425,464.5152,464.5152,68327581.0
2004-05-21,464.9751,470.2246,461.6995,468.5847,83208722.0
2004-05-24,468.5005,471.3353,466.2739,467.986,100710095.0
2004-05-25,469.1319,474.7975,467.8661,474.3731,125339002.0
2004-05-26,474.1062,477.4239,471.8039,472.6251,82445989.0
2004-05-27,472.3565,472.3816,468.2989,471.6921,90826095.0
2004-05-28,469.6445,469.9459,464.5852,465.5539,158722430.0
2004-05-31,466.2029,471.893,465.7755,471.1757,57136470.0
2004-06-01,472.1343,476.7348,469.6376,473.4795,99701600.0
2004-06-02,474.4439,478.108,469.8292,477.9442,110189985.0
2004-06-03,476.9271,477.1579,468.1165,471.2769,70228887.0
2004-06-04,469.1722,469.8049,464.2379,464.3059,60995947.0
2004-06-07,463.6696,465.1759,461.0546,463.3981,75610536.0
2004-06-08,463.2574,466.9375,459.0876,462.2891,132317860.0
2004-06-09,462.8938,465.643,459.7001,464.1595,88323870.0
2004-06-10,463.3932,464.0231,459.9905,462.329,73167763.0
2004-06-11,463.3799,464.0915,461.894,463.7521,95232217.0
2004-06-14,463.324,464.0654,461.271,462.645,54312090.0
2004-06-15,463.0903,464.7824,460.6717,463.6238,89889806.0
2004-06-16,464.1356,470.3882,463.9789,469.049,91348185.0
2004-06-17,467.5018,468.5394,466.3559,466.3932,52643854.0
2004-06-18,466.5314,471.7069,465.9106,466.8152,50977572.0
2004-06-21,465.9965,468.4928,462.0136,463.3057,63879934.0
2004-06-22,463.2243,464.0807,459.4628,463.0092,46986670.0
2004-06-23,461.0227,462.182,455.6554,457.3323,70907467.0
2004-06-24,457.9943,464.0288,454.4634,463.6912,83647262.0
2004-06-25,463.9998,467.0184,462.6589,465.7359,82784557.0
2004-06-28,465.8903,467.0976,464.381,467.0976,87247419.0
2004-06-29,467.5642,470.0401,467.0971,469.8781,69698073.0
2004-06-30,468.2976,469.4868,467.2443,467.4542,116455047.0
2004-07-01,467.8878,469.4979,465.1,469.1934,94748305.0
2004-07-02,468.9675,468.9675,463.8925,464.7325,78523929.0
2004-07-05,464.8204,468.8945,463.4453,467.6626,87687140.0
2004-07-06,464.3028,464.7997,460.6807,461.5724,83195024.0
2004-07-07,462.1263,463.246,459.9977,463.2042,74027876.0
2004-07-08,463.6617,467.3878,463.3376,464.5094,56080814.0
2004-07-09,464.89,467.4988,463.2598,465.4319,30055127.0
2004-07-12,465.095,467.0025,463.7549,464.2765,46626523.0
2004-07-13,464.7236,469.9221,464.1808,468.006,43346772.0
2004-07-14,468.6834,473.3656,468.5828,471.7842,31249638.0
2004-07-15,472.0235,477.264,469.9233,472.8985,88950502.0
2004-07-16,471.9512,472.8734,469.9582,470.8162,56687942.0
2004-07-19,470.0536,470.5423,465.5759,466.7288,57379081.0
2004-07-20,466.6469,466.8269,463.8613,466.5823,29680594.0
2004-07-21,467.1264,469.6703,466.5984,469.0951,49528336.0
2004-07-22,469.4124,472.6886,469.3188,470.6014,55564949.0
2004-07-23,470.4113,471.8283,469.5226,469.9246,43847330.0
2004-07-26,469.6462,469.9155,466.2828,468.7325,58061751.0
2004-07-27,470.3728,473.3049,469.5893,473.2837,46144394.0
2004-07-28,476.1368,480.0737,475.2828,479.766,26843273.0
2004-07-29,478.7396,478.7396,474.0763,475.7709,85045826.0
2004-07-30,472.2653,472.768,466.6359,467.1484,46298939.0
2004-08-02,467.3805,471.6501,465.3327,470.4127,71761461.0
2004-08-03,470.162,473.8099,468.9737,469.1758,78295416.0
2004-08-04,470.3316,472.254,468.81,472.0836,61276347.0
2004-08-05,472.1236,474.1259,470.2065,472.4038,41640110.0
2004-08-06,472.1682,475.2115,469.89,471.1648,82968910.0
2004-08-09,470.725,472.4752,468.6162,469.922,54873262.0
2004-08-10,469.8888,471.8379,468.0927,469.8599,77917819.0
2004-08-11,470.1822,471.2342,467.8682,470.56,49236162.0
2004-08-12,470.0385,472.0779,468.2005,469.3987,115408330.0
2004-08-13,469.3453,472.744,468.1987,469.1691,95072749.0
2004-08-16,470.8513,474.1579,470.3126,472.9122,70622192.0
2004-08-17,472.9472,475.4369,472.2832,473.0163,41740238.0
2004-08-18,472.1993,473.9741,468.636,470.036,42864500.0
2004-08-19,470.2626,471.5409,466.5443,471.0327,93966234.0
2004-08-20,471.6715,473.7535,470.364,472.4864,106307320.0
2004-08-23,475.2588,479.9918,474.8852,479.2144,98210916.0
2004-08-24,478.9779,481.4889,477.5357,478.2705,41056247.0
2004-08-25,478.4851,480.0845,477.4795,478.8765,53831569.0
2004-08-26,478.7224,481.1257,477.3311,477.8303,59968479.0
2004-08-27,477.4057,479.839,475.0988,475.1816,74560213.0
2004-08-30,475.6344,477.5517,473.507,476.6611,65516401.0
2004-08-31,477.9524,482.1153,477.8875,480.2893,89652194.0
2004-09-01,480.3701,483.4651,479.5037,480.8625,91378177.0
2004-09-02,481.5271,484.811,481.2797,484.811,44013105.0
2004-09-03,484.5789,486.404,483.9564,484.2578,89324078.0
2004-09-06,482.6471,482.8078,478.8922,480.2915,84687186.0
2004-09-07,480.1885,482.594,479.032,479.9843,127007029.0
2004-09-08,480.0332,481.7657,478.2471,480.2829,73758373.0
2004-09-09,480.1433,482.5547,479.3246,479.7501,70169667.0
2004-09-10,480.3744,483.1869,480.3744,481.8753,80707762.0
2004-09-13,483.6948,486.4375,483.3208,486.4375,52705196.0
2004-09-14,485.7727,487.0931,482.2135,484.6189,58340602.0
2004-09-15,484.6127,485.1621,482.6918,484.5704,34890059.0
2004-09-16,484.5442,486.6193,482.7873,484.4321,72207169.0
2004-09-17,482.9965,483.6822,480.2999,481.7463,83508652.0
2004-09-20,481.8481,483.6547,478.9744,482.9559,75097416.0
2004-09-21,482.5177,482.5177,479.8604,481.2471,67385511.0
2004-09-22,481.2861,481.9876,478.9559,481.3924,46622154.0
2004-09-23,478.2215,479.7099,474.6186,474.9992,75356243.0
2004-09-24,475.6938,478.7409,474.9758,478.412,55268997.0
2004-09-27,478.4183,480.5333,478.0092,478.4277,77929807.0
2004-09-28,478.0649,478.7894,475.6827,477.5455,62822886.0
2004-09-29,477.243,478.5322,475.6629,476.4965,81531707.0
2004-09-30,476.5981,479.0686,473.9176,477.0952,120815218.0
2004-10-01,476.8452,477.3225,469.2767,469.9107,53684703.0
2004-10-04,471.3962,477.1747,469.5268,476.5561,70617029.0
2004-10-05,475.3621,476.0365,471.4027,471.8304,35579314.0
2004-10-06,471.5031,472.6925,465.9038,468.6739,50043427.0
2004-10-07,468.7436,469.6142,463.3269,469.1878,62143539.0
2004-10-08,469.6272,470.7443,467.1395,470.6898,105122278.0
2004-10-11,470.5325,472.3161,468.1819,470.3345,67276017.0
2004-10-12,470.4863,471.5863,468.5245,471.1613,92114945.0
2004-10-13,473.0887,478.7613,471.6942,478.3681,34108196.0
2004-10-14,478.5381,482.1697,478.3991,481.8368,80357662.0
2004-10-15,481.983,485.5212,480.793,484.2123,98735029.0
2004-10-18,483.7493,485.7316,481.6348,483.2906,46877440.0
2004-10-19,484.2436,487.4947,483.9573,486.5166,107100576.0
2004-10-20,486.3177,486.455,482.5928,482.7218,65196947.0
2004-10-21,482.9721,486.3457,481.4468,483.8957,98552471.0
2004-10-22,484.1873,490.5624,484.087,490.1355,60737585.0
2004-10-25,488.5882,489.4625,487.0002,487.4033,50992208.0
2004-10-26,487.4038,490.2695,487.1286,487.4083,53516828.0
2004-10-27,487.4088,487.7718,483.7602,487.4102,86853196.0
2004-10-28,487.1542,489.7343,486.0271,486.6613,51417180.0
2004-10-29,485.3989,485.9312,481.659,483.3165,72380673.0
2004-11-01,482.5269,483.7528,478.2342,478.6661,44328158.0
2004-11-02,478.4436,479.6214,475.8771,475.8771,110739415.0
2004-11-03,475.9646,479.5798,475.0121,479.3824,91940352.0
2004-11-04,480.2518,488.4066,479.3396,487.5448,40354108.0
2004-11-05,487.6263,489.1524,486.8985,488.1062,102812904.0
2004-11-08,487.642,487.9849,485.1049,486.1421,75487115.0
2004-11-09,485.5054,487.5496,481.5844,483.0706,78112187.0
2004-11-10,482.1143,482.4682,479.1099,479.8101,42801364.0
2004-11-11,480.4061,484.7971,479.6742,482.0263,88739695.0
2004-11-12,482.0565,484.5401,479.8634,482.1986,74220574.0
2004-11-15,482.969,485.8309,479.6767,485.1342,39521354.0
2004-11-16,484.7773,485.4544,483.1776,484.1421,125123996.0
2004-11-17,484.514,488.6442,483.7951,486.9552,53993573.0
2004-11-18,486.1789,487.294,482.3978,482.3978,99176990.0
2004-11-19,483.018,485.0019,481.8709,483.9281,42621740.0
2004-11-22,484.3573,486.5383,481.1476,485.6559,66610219.0
2004-11-23,486.1771,488.8484,484.623,486.5398,57820421.0
2004-11-24,486.1979,487.0717,483.8416,484.4819,128702529.0
2004-11-25,484.7442,486.7577,482.1363,486.088,124255888.0
2004-11-26,486.0586,487.9509,484.3349,485.954,63639320.0
2004-11-29,486.1833,488.7736,485.6584,486.696,47757279.0
2004-11-30,486.4846,488.8759,485.0937,485.0937,47638228.0
2004-12-01,485.04,488.8493,482.5404,484.471,102850494.0
2004-12-02,483.5195,484.0004,475.8006,477.0602,54792497.0
2004-12-03,477.016,478.9422,474.4886,476.865,91970094.0
2004-12-06,477.0308,478.1528,473.6861,477.4099,100360205.0
2004-12-07,477.3996,479.6364,474.5182,477.3071,63180495.0
2004-12-08,476.8458,478.1553,474.4511,475.3581,70202090.0
2004-12-09,474.6046,474.8756,470.6454,470.9789,82673190.0
2004-12-10,472.4408,476.8165,472.1374,476.2414,70330431.0
2004-12-13,472.4274,472.4337,465.7784,465.9563,40630232.0
2004-12-14,466.7865,469.3384,465.8734,467.6344,139094107.0
2004-12-15,467.7298,470.3728,464.6772,468.2022,82886905.0
2004-12-16,468.071,470.4985,466.5357,467.8316,70039980.0
2004-12-17,468.4391,470.733,467.0481,468.9845,70499447.0
2004-12-20,467.6579,468.3238,465.0736,466.6051,102610927.0
2004-12-21,465.5742,465.9018,461.5385,462.3774,55076066.0
2004-12-22,462.7201,464.9662,460.5192,464.5191,111897975.0
2004-12-23,463.1764,466.2941,461.4449,461.9773,74014228.0
2004-12-24,461.4815,462.793,459.7442,460.7065,43577294.0
2004-12-27,460.9448,463.7719,459.919,461.4481,74794374.0
2004-12-28,463.1828,468.8737,463.0353,467.7397,66830408.0
2004-12-29,468.2635,473.6717,467.7547,472.1391,69386394.0
2004-12-30,473.7733,478.3684,473.5861,477.1735,43226895.0
2004-12-31,476.7189,478.0881,472.5832,475.5973,60237012.0
2005-01-03,475.6207,477.6989,473.9732,475.6974,96431648.0
2005-01-04,475.418,476.0464,471.9792,475.1815,138318646.0
2005-01-05,475.2996,476.8388,472.9128,476.3053,65336462.0
2005-01-06,476.4664,478.9476,474.9026,477.8882,58899635.0
2005-01-07,477.6615,479.8108,476.0791,476.2253,60523154.0
2005-01-10,475.6802,477.0463,474.4362,474.6303,67782738.0
2005-01-11,466.2859,466.8777,462.8115,462.8975,80617652.0
2005-01-12,463.1905,466.2498,458.1472,464.8276,69008058.0
2005-01-13,465.6706,466.9832,463.4566,466.7178,55262524.0
2005-01-14,466.686,468.9045,464.7683,466.5836,53161786.0
2005-01-17,466.5539,470.9517,465.6995,466.4334,82293084.0
2005-01-18,464.6456,465.2987,459.4261,460.1124,272003022.0
2005-01-19,459.6382,461.4043,455.2561,456.6589,35664907.0
2005-01-20,458.8792,466.9652,458.8792,466.2392,71764846.0
2005-01-21,464.8858,465.4983,461.4,461.4,51947336.0
2005-01-24,462.2329,470.6518,462.2329,464.281,53693384.0
2005-01-25,465.6827,468.43,463.6433,467.7203,64176378.0
2005-01-26,466.9799,469.5635,464.3359,465.1619,60650881.0
2005-01-27,465.9136,469.5756,464.1268,468.5675,54504092.0
2005-01-28,469.9958,474.9057,469.6608,473.1125,68904009.0
2005-01-31,473.5015,475.6376,469.7163,475.6376,87257778.0
2005-02-01,476.548,479.1693,475.1009,478.6761,104810940.0
2005-02-02,479.1458,481.289,477.2958,479.8078,56115921.0
2005-02-03,479.7871,481.2737,478.0007,479.7235,69774554.0
2005-02-04,479.3379,480.8486,477.089,477.4543,74401560.0
2005-02-07,481.0887,486.6261,480.3389,486.1014,110861624.0
2005-02-08,486.2685,487.7069,484.1753,487.3786,151135778.0
2005-02-09,488.5917,490.0044,487.0706,489.8455,53642504.0
2005-02-10,489.6741,489.8985,485.5702,489.3409,136245630.0
2005-02-11,488.8353,488.8906,485.4982,487.5903,78513118.0
2005-02-14,487.3045,488.3566,484.9904,486.7855,60265206.0
2005-02-15,485.1523,485.6067,482.5232,483.2389,48755397.0
2005-02-16,485.1727,487.2378,484.16,486.9259,55698377.0
2005-02-17,487.9771,494.991,487.8373,494.9151,80569584.0
2005-02-18,496.1429,499.5064,495.5374,498.8335,67149898.0
2005-02-21,498.3311,500.5744,495.1256,496.2512,86211651.0
2005-02-22,495.1316,496.0194,492.0765,493.688,50211438.0
2005-02-23,495.2691,499.1354,494.104,498.6736,64702677.0
2005-02-24,500.0911,502.0276,498.9809,501.6851,79080805.0
2005-02-25,501.7363,504.5825,500.5829,501.8997,75164933.0
2005-02-28,501.8693,504.3007,500.1506,501.6601,124004085.0
2005-03-01,501.6326,503.7108,501.019,501.5759,115295587.0
2005-03-02,501.074,501.9652,495.7334,496.8063,76930758.0
2005-03-03,495.6509,498.1822,492.5539,493.6585,43067777.0
2005-03-04,493.6818,494.661,490.4666,493.7362,65647230.0
2005-03-07,494.3929,498.5304,494.1131,495.8064,83516055.0
2005-03-08,496.7467,501.4006,496.323,499.9915,43105319.0
2005-03-09,501.3488,503.7485,500.613,502.6319,74347843.0
2005-03-10,502.7593,505.7901,501.4652,505.643,29947066.0
2005-03-11,504.6474,505.5573,500.849,501.211,76926340.0
2005-03-14,502.804,505.2714,502.6821,504.8545,48864404.0
2005-03-15,505.5831,507.5982,502.6606,506.8697,77811286.0
2005-03-16,505.4914,505.6561,501.2751,501.3705,38615401.0
2005-03-17,501.3987,503.7249,499.8738,501.4537,51279732.0
2005-03-18,501.7206,504.8423,501.3761,503.1231,92744260.0
2005-03-21,503.8858,506.1608,501.7957,505.3931,67091308.0
2005-03-22,506.592,508.0817,505.8134,507.9554,63055274.0
2005-03-23,508.2195,512.4818,506.9659,508.9427,42016181.0
2005-03-24,508.9503,510.5921,505.3301,509.0346,57968996.0
2005-03-25,509.8106,513.3241,508.3792,512.5235,59531934.0
2005-03-28,513.5426,516.8,512.7527,515.6346,71783263.0
2005-03-29,517.051,519.6139,515.9986,519.1415,86092967.0
2005-03-30,519.9488,523.5801,517.719,522.167,79338970.0
2005-03-31,520.4799,520.9076,513.5144,513.7526,57625385.0
2005-04-01,513.5304,517.0017,511.5412,512.8032,90839716.0
2005-04-04,513.545,516.1862,512.5203,514.2176,48317344.0
2005-04-05,515.554,520.0442,515.554,517.5567,61719842.0
2005-04-06,520.8568,522.9793,520.1563,522.545,68125135.0
2005-04-07,522.4489,524.4204,519.8998,522.0333,48355363.0
2005-04-08,521.5456,522.6664,515.2514,516.7374,71894996.0
2005-04-11,512.0584,512.0584,508.4663,510.2144,51332422.0
2005-04-12,508.6269,508.9496,504.7886,506.0037,63202754.0
2005-04-13,505.7123,508.2157,502.873,504.0956,45023995.0
2005-04-14,503.4396,505.1823,501.6151,501.6888,69948412.0
2005-04-15,503.1629,507.319,503.1629,505.7509,64325540.0
2005-04-18,505.6807,506.4523,502.052,505.5303,144329932.0
2005-04-19,505.753,509.0243,504.9461,506.947,60242294.0
2005-04-20,506.7683,509.2721,504.0012,505.6774,66612643.0
2005-04-21,505.5649,506.973,501.4754,504.6945,48968838.0
2005-04-22,502.6597,502.8381,499.8526,501.4368,67584037.0
2005-04-25,499.1566,499.6435,496.4631,497.4689,49570289.0
2005-04-26,497.4336,499.7469,494.8293,497.3663,72678354.0
2005-04-27,498.0915,499.6586,496.4825,499.2655,55309216.0
2005-04-28,498.9835,500.8834,496.9621,498.6593,65110520.0
2005-04-29,498.6609,503.247,498.6136,498.6975,73366176.0
2005-05-02,497.5253,497.9534,492.2786,492.314,63411446.0
2005-05-03,488.3569,489.2431,483.4376,483.4376,44491291.0
2005-05-04,483.2869,485.1024,480.0858,480.6236,99857124.0
2005-05-05,478.8953,482.2594,473.6102,474.4776,102957987.0
2005-05-06,474.3389,475.437,468.8765,469.1222,32714184.0
2005-05-09,466.4674,468.9961,461.7613,461.9866,45445289.0
2005-05-10,462.4004,467.1929,460.6599,466.2822,84609854.0
2005-05-11,465.5097,467.7171,462.1327,464.5852,36604338.0
2005-05-12,464.7551,468.1424,463.9437,465.1008,121097920.0
2005-05-13,465.5299,468.3838,462.9247,466.6308,52276412.0
2005-05-16,467.6578,473.6017,467.018,472.0348,67277574.0
2005-05-17,471.4858,472.9979,469.331,470.6218,101794263.0
2005-05-18,470.0971,472.5841,469.4053,469.5488,128451726.0
2005-05-19,467.4338,469.447,461.2518,462.2231,45920086.0
2005-05-20,462.1484,462.2268,457.5404,460.8217,66213593.0
2005-05-23,463.6527,466.7922,462.0973,466.5833,47263551.0
2005-05-24,467.1173,473.2253,465.148,469.8399,55246999.0
2005-05-25,472.2262,475.6008,471.81,473.8343,75390551.0
2005-05-26,473.987,476.9871,473.3138,475.3638,92688694.0
2005-05-27,474.9639,476.0434,472.482,473.112,63618987.0
2005-05-30,472.5778,472.8637,467.2947,470.2907,82469990.0
2005-05-31,470.3509,472.0265,466.0781,470.5797,55642570.0
2005-06-01,469.8494,471.8216,465.6956,468.1862,71901865.0
2005-06-02,468.3842,470.6673,467.604,468.5484,69882013.0
2005-06-03,468.5203,468.8219,462.9037,468.0294,63638189.0
2005-06-06,467.855,468.8514,464.8425,466.8,107416786.0
2005-06-07,467.056,470.7175,467.056,468.255,77104189.0
2005-06-08,470.0794,472.222,469.0505,472.2019,82059569.0
2005-06-09,473.0006,475.1387,472.4886,475.0271,89127907.0
2005-06-10,477.0251,479.6422,476.1517,478.4575,46484112.0
2005-06-13,478.6901,480.7744,477.4429,479.3313,54951177.0
2005-06-14,479.0858,480.977,478.1773,478.3934,64824494.0
2005-06-15,479.0079,481.288,478.3967,481.288,69580286.0
2005-06-16,481.4051,483.9744,481.2025,482.7913,44985304.0
2005-06-17,482.9546,486.7537,482.9546,484.0319,164411249.0
2005-06-20,484.9445,487.1956,484.2346,487.1555,34255184.0
2005-06-21,487.552,488.436,485.738,487.9876,65242252.0
2005-06-22,487.4697,488.0699,484.3431,486.0231,111004441.0
2005-06-23,486.3762,489.1968,485.1925,487.4558,68083214.0
2005-06-24,487.5661,488.7236,485.343,487.9994,57594730.0
2005-06-27,488.248,491.8263,487.8538,490.5452,69315152.0
2005-06-28,487.723,488.1274,484.7611,485.1736,82596257.0
2005-06-29,483.3295,484.2448,476.0742,479.1234,88216225.0
2005-06-30,478.1082,478.1415,474.363,475.1547,72235938.0
2005-07-01,476.3548,479.516,474.7884,479.516,71729581.0
2005-07-04,479.7483,482.5487,477.799,480.0673,51441552.0
2005-07-05,479.9542,483.3374,478.8498,479.7035,38429570.0
2005-07-06,482.0714,490.7027,481.6069,490.0988,81621751.0
2005-07-07,490.4073,492.9358,489.1632,491.243,62550240.0
2005-07-08,491.2868,491.8117,489.1658,491.4619,42373873.0
2005-07-11,492.5548,496.8035,491.3237,496.1794,31995413.0
2005-07-12,494.3727,495.8053,492.2875,492.2875,42899383.0
2005-07-13,489.2098,489.869,485.2628,485.2628,51876741.0
2005-07-14,486.1923,488.7728,483.7163,487.4545,89452316.0
2005-07-15,485.751,486.9502,482.5874,482.9436,42217421.0
2005-07-18,477.1369,477.822,469.8216,469.8216,130228518.0
2005-07-19,464.2662,465.1307,449.0649,450.2104,68105769.0
2005-07-20,446.6746,449.1556,440.0257,440.9924,94215768.0
2005-07-21,439.1401,441.2347,425.0407,427.8786,40026443.0
2005-07-22,428.8111,432.4459,420.8146,430.3354,73762851.0
2005-07-25,435.0401,446.5725,434.1318,444.8404,91908413.0
2005-07-26,446.6017,457.371,443.3983,455.8184,58982885.0
2005-07-27,454.0909,454.473,446.5279,452.7714,190797580.0
2005-07-28,453.0087,463.5899,451.7402,454.1686,142341780.0
2005-07-29,455.3538,461.5488,454.6293,460.9759,54059056.0
2005-08-01,458.958,461.0211,454.624,456.2822,58117234.0
2005-08-02,455.2908,457.0386,448.7113,450.3668,71981593.0
2005-08-03,453.3964,459.2407,449.3955,458.5739,60725431.0
2005-08-04,458.8352,460.883,455.2094,459.3218,96126576.0
2005-08-05,459.1439,461.9993,455.9863,458.5339,51242505.0
2005-08-08,460.1767,467.2581,458.265,466.7165,57464567.0
2005-08-09,464.964,466.9216,463.8454,464.0427,69031417.0
2005-08-10,463.0116,466.1009,455.2283,458.3062,67221914.0
2005-08-11,458.2374,464.0253,453.3376,456.2573,95138114.0
2005-08-12,454.3894,459.5027,451.482,451.9421,63554580.0
2005-08-15,452.5315,457.159,450.4622,453.7131,88894698.0
2005-08-16,452.4379,455.9729,447.1464,448.203,47658240.0
2005-08-17,451.5713,455.6285,451.5713,454.4045,33870953.0
2005-08-18,454.7922,460.1185,453.6742,456.1205,52013408.0
2005-08-19,456.3801,460.0183,452.9179,456.815,84049600.0
2005-08-22,457.9242,459.9879,451.3848,459.9804,85685352.0
2005-08-23,460.3006,462.6319,457.8368,461.6647,48975989.0
2005-08-24,461.1715,464.3724,459.0322,459.4495,59715442.0
2005-08-25,460.6586,464.6729,459.4547,461.5223,53822406.0
2005-08-26,459.8068,459.8068,453.544,453.7045,34512626.0
2005-08-29,455.0426,461.0233,452.807,458.3,51118147.0
2005-08-30,458.273,459.2207,454.4125,458.1268,60116020.0
2005-08-31,458.0447,462.0428,455.7244,457.4323,40463582.0
2005-09-01,457.41,461.2028,455.87,457.3124,51178887.0
2005-09-02,456.9714,457.9489,453.869,455.6771,57454448.0
2005-09-05,456.1172,460.9231,454.4779,460.3883,78734874.0
2005-09-06,460.2418,460.2747,454.9979,458.3618,63411496.0
2005-09-07,458.358,461.3008,455.479,458.3299,32633108.0
2005-09-08,458.2837,461.6564,457.0167,458.1196,89495733.0
2005-09-09,458.249,464.152,457.6419,460.0348,62964185.0
2005-09-12,460.9102,464.9632,460.8045,464.2101,114991634.0
2005-09-13,463.7229,465.4376,462.1964,462.8189,49909358.0
2005-09-14,462.8807,466.3962,462.1007,462.9725,35841544.0
2005-09-15,462.0871,463.7975,459.7144,460.5683,78716736.0
2005-09-16,460.5837,460.7817,457.5968,460.686,111908291.0
2005-09-19,461.4608,463.5725,459.7497,462.0244,64449106.0
2005-09-20,461.5311,463.4039,458.6825,460.1147,66241852.0
2005-09-21,460.9652,463.8734,460.5351,462.0727,74869791.0
2005-09-22,461.9147,462.6328,460.256,461.3295,98658896.0
2005-09-23,460.6599,460.8063,454.7796,456.365,58512144.0
2005-09-26,456.9512,461.0957,455.3275,460.7975,72871807.0
2005-09-27,458.8737,459.4414,453.963,454.3878,48676510.0
2005-09-28,449.376,450.3444,445.716,446.0577,36876976.0
2005-09-29,445.2965,445.6804,439.0372,441.8694,64621950.0
2005-09-30,441.7476,444.4195,437.1236,440.1599,24380973.0
2005-10-03,440.8947,447.156,437.9925,447.1466,101246077.0
2005-10-04,448.4266,449.9323,446.2219,449.1082,68410920.0
2005-10-05,447.8517,448.5225,439.9553,440.9425,128754414.0
2005-10-06,441.8976,446.3158,439.5001,445.8673,54438158.0
2005-10-07,445.7331,447.0616,442.6477,444.5683,43002606.0
2005-10-10,444.8527,445.4357,441.5113,445.3983,72027153.0
2005-10-11,444.7062,446.1282,440.1823,441.4878,80045686.0
2005-10-12,441.9266,446.8006,441.6115,444.0872,70553336.0
2005-10-13,445.7036,447.6056,443.7443,447.0382,64518112.0
2005-10-14,447.0711,449.368,443.1557,447.3313,67888028.0
2005-10-17,448.651,452.9565,447.9723,450.8543,41218571.0
2005-10-18,451.6733,457.223,451.3452,456.3018,49797207.0
2005-10-19,457.0532,464.0325,456.9935,463.6054,66270030.0
2005-10-20,464.2532,466.547,462.3574,465.9231,59335785.0
2005-10-21,466.8739,468.9023,465.6733,467.4815,54202838.0
2005-10-24,467.7913,469.2824,466.6758,468.4781,88278128.0
2005-10-25,467.0153,467.0153,463.1379,465.3076,62009077.0
2005-10-26,465.5095,468.7385,462.3955,468.0795,59741332.0
2005-10-27,467.9331,469.0762,465.3839,467.5786,70359295.0
2005-10-28,467.0636,467.4243,464.808,466.4079,70217721.0
2005-10-31,466.7972,469.4596,466.3794,469.4596,54208923.0
2005-11-01,469.2815,470.3043,466.0532,468.2741,74270378.0
2005-11-02,468.1532,469.3874,466.2893,467.0315,70232265.0
2005-11-03,466.7234,468.1819,463.5996,466.0181,75938603.0
2005-11-04,464.9694,465.6921,460.4824,462.918,70331023.0
2005-11-07,464.2918,467.0935,463.2416,465.7107,65803066.0
2005-11-08,466.0927,468.5688,465.4997,466.9206,65975674.0
2005-11-09,467.3312,468.5084,465.3167,468.1813,79025141.0
2005-11-10,468.9833,470.1572,468.0781,469.4263,152624657.0
2005-11-11,468.1508,468.6633,467.4899,467.819,77662497.0
2005-11-14,466.9889,467.5489,463.9303,465.5523,73236399.0
2005-11-15,465.516,467.1164,464.9962,465.4806,52372674.0
2005-11-16,465.735,467.4582,464.3441,466.3153,78636296.0
2005-11-17,464.4146,464.7844,457.8798,458.52,98384028.0
2005-11-18,458.4699,460.2708,456.75,458.242,80303953.0
2005-11-21,458.067,459.3016,456.8465,457.9527,47255659.0
2005-11-22,458.1181,460.3084,455.9922,459.9923,27618698.0
2005-11-23,462.1897,468.3734,461.969,467.498,77128245.0
2005-11-24,468.3339,471.6614,467.8851,469.5982,50615828.0
2005-11-25,468.188,469.0706,462.7399,464.2348,51984250.0
2005-11-28,463.6211,464.4709,460.6941,461.6721,115420730.0
2005-11-29,460.951,462.7629,456.8273,457.8462,54480636.0
2005-11-30,457.1866,459.4597,454.1907,455.277,97505522.0
2005-12-01,456.9133,461.4019,456.4584,459.3894,81657447.0
2005-12-02,460.2644,463.3743,458.1958,463.3743,35682359.0
2005-12-05,463.6221,467.1595,461.2655,465.5297,106049277.0
2005-12-06,464.2641,465.1206,461.1725,461.9543,133376819.0
2005-12-07,462.2552,464.076,461.1172,462.853,51939300.0
2005-12-08,462.9365,466.3624,461.8632,463.9308,73691253.0
2005-12-09,462.3938,463.4017,459.6199,461.0642,51983441.0
2005-12-12,461.5984,465.3312,461.0819,463.3062,79982053.0
2005-12-13,460.6,461.1966,457.233,457.7365,78323304.0
2005-12-14,468.5837,479.4103,468.4743,479.4103,37754152.0
2005-12-15,479.164,480.025,473.4494,476.6432,68647208.0
2005-12-16,476.0445,477.089,473.2656,474.9682,73384741.0
2005-12-19,475.3161,477.3973,473.2221,476.6768,55500094.0
2005-12-20,475.0266,475.5536,470.6744,473.6678,42010063.0
2005-12-21,476.056,483.7813,474.6349,481.5606,64688466.0
2005-12-22,481.4116,484.2699,479.4303,480.2534,107166270.0
2005-12-23,479.8312,480.9688,476.8445,477.7049,51701896.0
2005-12-26,476.392,478.2001,473.9634,473.9634,104393373.0
2005-12-27,473.9713,476.2571,472.4079,474.5455,57524370.0
2005-12-28,474.0166,474.7932,471.888,473.2823,84966938.0
2005-12-29,473.4421,475.6043,470.4763,473.6295,84328979.0
2005-12-30,473.3642,473.9717,471.1358,473.1057,60723231.0
2006-01-02,472.9202,473.2597,469.367,472.5525,59716244.0
2006-01-03,474.1039,476.3295,472.3468,475.9998,72416927.0
2006-01-04,476.3503,479.3068,473.9658,478.364,72455033.0
2006-01-05,477.9096,478.4176,474.1393,476.5903,94348870.0
2006-01-06,477.1459,481.1933,476.8142,479.7651,144579841.0
2006-01-09,480.2136,482.3657,479.5265,481.6392,104924928.0
2006-01-10,480.5391,481.12,475.1164,475.2256,56146853.0
2006-01-11,475.5645,477.9133,473.9217,476.3773,65300223.0
2006-01-12,477.5103,478.3145,476.7402,478.0917,76157949.0
2006-01-13,478.2203,479.3986,476.3828,478.62,52433205.0
2006-01-16,479.0585,480.2108,477.0774,480.0063,61694790.0
2006-01-17,480.461,483.3386,480.4072,482.24,65951666.0
2006-01-18,479.1233,480.8466,475.4207,475.5517,40260275.0
2006-01-19,478.6857,484.051,478.0983,483.8329,62071429.0
2006-01-20,482.7913,483.3996,474.5086,474.6185,49727157.0
2006-01-23,475.3957,480.4835,473.1087,479.2229,59519654.0
2006-01-24,478.6859,480.9671,475.3978,476.8321,81127921.0
2006-01-25,479.1029,485.5695,478.1995,485.0613,46190003.0
2006-01-26,485.315,489.5844,484.366,487.6231,46630944.0
2006-01-27,488.2257,490.4747,486.7106,489.6485,48599104.0
2006-01-30,488.5647,488.5647,485.4041,485.7421,66688917.0
2006-01-31,485.2109,486.6007,483.8089,484.9498,81976133.0
2006-02-01,485.9352,487.6773,483.1697,487.5693,38602438.0
2006-02-02,487.6582,490.5877,484.8858,487.9536,51384302.0
2006-02-03,489.5966,493.351,487.8741,493.0921,150846120.0
2006-02-06,492.4704,492.7112,488.037,490.0217,65149393.0
2006-02-07,490.3247,493.9051,489.2811,493.0293,69186793.0
2006-02-08,494.7026,497.2526,492.4919,496.9394,75074412.0
2006-02-09,496.0884,496.2042,490.5062,493.0608,70056538.0
2006-02-10,491.8784,493.1823,488.9975,489.6611,42579090.0
2006-02-13,488.8108,488.8108,484.6478,487.5676,38400836.0
2006-02-14,487.1876,487.5439,483.1174,485.722,70289681.0
2006-02-15,485.2494,487.8104,481.5295,482.0674,33422704.0
2006-02-16,478.7661,479.6575,474.5376,475.1132,50347771.0
2006-02-17,475.1398,476.0627,469.0068,475.3746,80178005.0
2006-02-20,475.535,477.8698,475.2285,475.9058,40259856.0
2006-02-21,474.3538,474.6329,470.2233,472.914,52850999.0
2006-02-22,472.0795,472.9236,468.4845,469.9357,72884581.0
2006-02-23,469.0287,469.7048,465.9675,467.7962,47660253.0
2006-02-24,462.9941,463.4506,459.7059,461.1468,71261605.0
2006-02-27,460.9876,463.23,459.5901,460.4208,55914483.0
2006-02-28,461.2275,464.2018,460.6689,461.958,96298396.0
2006-03-01,463.3483,464.5633,459.6348,464.5454,56579198.0
2006-03-02,465.8159,468.1455,464.2951,467.706,81384218.0
2006-03-03,469.0285,474.605,468.8713,473.0998,42340884.0
2006-03-06,472.7234,473.7858,470.0842,471.1883,77533766.0
2006-03-07,470.9614,471.3405,468.0989,469.2796,92301672.0
2006-03-08,470.4018,472.2381,469.0288,472.0117,67733729.0
2006-03-09,474.1374,479.8317,474.1374,479.3083,33985086.0
2006-03-10,478.7229,480.0905,473.6895,476.293,99387230.0
2006-03-13,475.7668,479.8601,475.1491,475.2492,66059290.0
2006-03-14,475.2441,477.5707,472.9593,475.1693,51142189.0
2006-03-15,475.2264,478.1222,474.9864,475.3015,62200812.0
2006-03-16,475.4723,476.5919,473.4418,476.5709,35814738.0
2006-03-17,477.7126,481.8297,477.6936,479.6507,62548801.0
2006-03-20,479.9023,482.0285,479.4914,480.4861,81648417.0
2006-03-21,481.2948,482.3362,480.0748,482.0841,65386343.0
2006-03-22,481.0316,481.395,477.5545,478.9721,45311454.0
2006-03-23,479.3352,482.4195,478.4493,481.4877,74601060.0
2006-03-24,481.0102,481.285,477.3979,479.2338,131550495.0
2006-03-27,478.1191,478.5654,472.25,473.3859,53859553.0
2006-03-28,475.057,481.3553,473.2626,480.9919,89361845.0
2006-03-29,481.0923,486.6027,479.9883,483.9436,41514254.0
2006-03-30,482.9502,484.0997,479.5876,481.9904,118657463.0
2006-03-31,481.8207,483.1308,474.8279,474.8279,65429261.0
2006-04-03,475.9631,482.034,473.3548,481.3688,44460935.0
2006-04-04,481.5621,485.7537,480.5132,481.8894,55814535.0
2006-04-05,482.0287,486.3156,481.5184,484.7411,83599121.0
2006-04-06,484.4941,485.4111,481.7035,482.6203,38874973.0
2006-04-07,482.776,485.2549,480.8586,483.2967,65483767.0
2006-04-10,484.6394,490.526,484.6394,487.7573,40013779.0
2006-04-11,488.1054,492.4519,488.0674,489.0569,51748724.0
2006-04-12,488.4555,491.338,486.8504,487.2334,111121486.0
2006-04-13,486.9654,488.6507,484.5884,486.719,82173226.0
2006-04-14,487.3272,491.254,485.9234,491.0476,114742966.0
2006-04-17,491.4224,497.2823,490.7876,494.5151,50427204.0
2006-04-18,494.4446,496.6076,492.3777,494.1886,31182721.0
2006-04-19,494.3591,497.3185,494.1908,495.0438,52725843.0
2006-04-20,495.1655,498.2708,491.909,498.2708,64016775.0
2006-04-21,496.5394,496.5949,488.974,490.3497,79991179.0
2006-04-24,489.4628,489.6901,485.7282,486.7354,87917125.0
2006-04-25,485.8775,488.0389,484.3004,484.7158,52999556.0
2006-04-26,484.8567,491.6994,484.7886,488.0474,71441487.0
2006-04-27,487.7417,489.6021,485.1874,486.4768,42614682.0
2006-04-28,488.4107,493.6245,487.2433,492.6371,30919026.0
2006-05-01,492.6203,496.4536,492.4142,492.5353,32537966.0
2006-05-02,493.0976,494.4843,491.733,493.718,79458131.0
2006-05-03,493.0448,493.2925,489.213,490.7066,108955149.0
2006-05-04,490.9048,493.7712,488.9473,491.2265,92344271.0
2006-05-05,489.8966,490.9306,488.7042,489.5041,114755957.0
2006-05-08,490.7133,493.2278,487.8533,492.6015,29051818.0
2006-05-09,492.6742,493.9913,491.1397,492.8061,49985133.0
2006-05-10,491.1064,492.0023,489.0499,489.2632,81347553.0
2006-05-11,488.8248,490.0878,475.0234,475.8939,80130349.0
2006-05-12,474.3829,476.1182,467.0465,469.254,65144517.0
2006-05-15,469.6045,475.8166,468.6819,472.0287,65780705.0
2006-05-16,472.2705,474.9502,467.7179,474.3196,47379329.0
2006-05-17,474.5272,480.3387,474.0008,477.8912,27883606.0
2006-05-18,481.9893,487.2425,481.9008,486.6804,72208980.0
2006-05-19,491.2635,497.5224,490.8408,496.6836,83618588.0
2006-05-22,496.1763,496.4707,488.3133,491.6109,63697913.0
2006-05-23,492.242,500.5589,490.4509,496.6315,59191057.0
2006-05-24,496.5343,499.8681,486.3789,487.293,46635579.0
2006-05-25,487.2505,488.4573,480.5988,486.7373,83192744.0
2006-05-26,488.5299,501.0325,487.9082,500.8771,59042151.0
2006-05-29,500.7091,506.7661,497.902,497.939,39600487.0
2006-05-30,496.8493,497.6839,490.2578,493.5798,71599071.0
2006-05-31,497.1126,503.4949,497.1126,502.7471,72952853.0
2006-06-01,501.9295,502.6014,496.8912,501.1962,35631700.0
2006-06-02,501.57,505.8363,500.19,502.585,44673788.0
2006-06-05,502.9192,509.4247,502.2167,506.8176,54468532.0
2006-06-06,503.7216,505.0725,495.7391,496.4033,36583058.0
2006-06-07,496.5689,497.6997,493.7153,497.5338,42851454.0
2006-06-08,499.6144,504.853,497.6093,502.6092,49182743.0
2006-06-09,503.2372,507.0345,499.988,507.0173,111561791.0
2006-06-12,506.9819,510.6433,504.8611,506.8657,66905711.0
2006-06-13,507.9928,513.1262,505.8989,510.2807,44198296.0
2006-06-14,509.4857,510.8947,502.2841,504.7523,65587593.0
2006-06-15,501.8972,504.3199,496.792,497.4576,97480795.0
2006-06-16,494.1078,494.1078,481.5791,482.7852,34502504.0
2006-06-19,483.8855,491.0571,483.8855,488.7749,72065285.0
2006-06-20,490.587,495.1584,488.8915,494.3763,92977535.0
2006-06-21,491.4089,491.6568,483.0344,486.4819,66632920.0
2006-06-22,486.8041,488.079,482.0032,487.2303,88202726.0
2006-06-23,487.153,489.8934,484.3136,486.9644,79156054.0
2006-06-26,487.3139,495.7593,482.5202,492.9539,109141281.0
2006-06-27,493.2857,496.7079,490.3156,496.7079,74414777.0
2006-06-28,497.9359,504.5942,497.3735,502.0693,87618856.0
2006-06-29,499.0946,500.4699,495.7457,496.1835,41328045.0
2006-06-30,501.3182,505.4015,501.2883,504.902,57474132.0
2006-07-03,506.127,516.8817,505.5396,516.0858,91674654.0
2006-07-04,511.1392,511.4469,504.6922,505.2677,46231717.0
2006-07-05,503.7234,508.0505,500.9232,501.5017,64253130.0
2006-07-06,500.934,502.7121,498.1397,499.8524,54749904.0
2006-07-07,501.6699,508.0902,499.3908,507.3617,55178671.0
2006-07-10,509.4087,514.134,505.9634,514.134,175344558.0
2006-07-11,516.317,520.6937,516.0134,518.51,109500278.0
2006-07-12,517.3664,518.1719,510.7992,510.7992,40911522.0
2006-07-13,510.9491,515.6323,508.543,512.9635,75648922.0
2006-07-14,514.9433,522.1214,513.8686,520.8923,44246795.0
2006-07-17,517.7808,519.1573,511.0372,511.1774,81755545.0
2006-07-18,512.0521,524.7658,512.0521,524.5104,107356021.0
2006-07-19,524.2213,525.5406,520.921,523.1455,64308604.0
2006-07-20,523.666,527.5221,523.2803,525.5361,68354022.0
2006-07-21,523.2935,524.3134,516.836,519.4195,69103247.0
2006-07-24,520.599,527.5085,517.3054,526.9893,73631075.0
2006-07-25,527.8891,530.4258,523.6162,528.654,34642184.0
2006-07-26,526.8636,529.1042,521.1278,522.2376,102058103.0
2006-07-27,522.9532,531.0772,520.7641,529.4575,84462903.0
2006-07-28,530.0586,532.049,529.0128,530.377,61537011.0
2006-07-31,530.1581,532.1932,527.4771,529.3522,61432427.0
2006-08-01,529.7598,531.4127,525.699,530.9663,70738187.0
2006-08-02,531.527,536.1542,529.279,533.8484,44192437.0
2006-08-03,534.2115,535.3042,529.6975,535.2225,78392493.0
2006-08-04,534.0053,534.7791,527.9907,527.9907,67459523.0
2006-08-07,529.145,533.4487,524.0114,532.8383,87291320.0
2006-08-08,533.7762,537.1282,531.215,537.0191,60270339.0
2006-08-09,536.6767,537.4313,531.1035,534.2978,35830650.0
2006-08-10,535.5294,542.5135,535.3045,541.119,48911962.0
2006-08-11,542.1263,545.1922,542.1263,543.694,60223235.0
2006-08-14,543.2804,543.8772,539.934,540.9641,199044592.0
2006-08-15,540.5532,542.3033,537.0396,539.5445,92487295.0
2006-08-16,539.7811,545.7366,538.7578,543.8748,88300763.0
2006-08-17,541.8242,542.8783,530.9702,531.6547,73521710.0
2006-08-18,526.7712,527.1923,520.856,522.2374,54626702.0
2006-08-21,521.8675,524.3447,517.8301,517.9569,75581166.0
2006-08-22,516.1369,520.0678,511.5825,513.3905,81639114.0
2006-08-23,513.4875,515.6686,509.0364,514.1549,70324669.0
2006-08-24,515.5196,519.1094,514.9677,517.9574,45663635.0
2006-08-25,518.5995,520.1397,514.3188,520.1397,97829882.0
2006-08-28,520.8316,529.9942,520.2898,527.2308,104700454.0
2006-08-29,526.8475,529.9037,523.6493,524.9687,67629195.0
2006-08-30,525.6734,531.3894,524.4975,527.6397,43303425.0
2006-08-31,528.158,531.1384,524.9841,530.6628,54972401.0
2006-09-01,534.9783,544.179,533.2936,544.0775,70821352.0
2006-09-04,540.8889,543.8588,536.2444,537.0333,59800263.0
2006-09-05,538.5617,544.1326,538.2808,542.8184,88270004.0
2006-09-06,542.1936,543.9255,539.1554,540.936,58834427.0
2006-09-07,541.2064,543.4183,537.5477,542.0215,52189558.0
2006-09-08,542.1772,547.6349,541.7551,542.7878,42528853.0
2006-09-11,542.388,544.0363,541.2314,541.9887,144414291.0
2006-09-12,542.2707,546.9593,539.9181,543.5901,50651094.0
2006-09-13,543.399,544.2884,537.22,538.3445,54490798.0
2006-09-14,540.5495,545.7318,540.4843,544.1814,90703060.0
2006-09-15,544.4059,546.5373,542.1025,546.5365,70713201.0
2006-09-18,546.6903,551.865,542.665,551.3931,64778317.0
2006-09-19,553.0725,557.5201,551.4004,556.8523,115195142.0
2006-09-20,560.8846,565.0498,560.2256,563.3563,74575368.0
2006-09-21,566.2717,575.0539,565.6338,573.7597,67745093.0
2006-09-22,571.4573,574.7371,566.3389,566.6794,65262700.0
2006-09-25,569.5786,572.0471,568.7564,570.6757,69380838.0
2006-09-26,569.8424,571.5233,566.463,568.6676,122327534.0
2006-09-27,569.5213,571.0076,568.6,569.9403,73047428.0
2006-09-28,569.3268,571.5506,565.2038,566.706,86367068.0
2006-09-29,567.5918,570.0211,566.0001,568.6313,52395150.0
2006-10-02,569.9085,572.0626,568.8769,570.9215,58912435.0
2006-10-03,570.7584,571.8755,565.6903,568.3924,78584440.0
2006-10-04,568.0752,568.1239,563.2161,567.3732,69048432.0
2006-10-05,567.206,569.5997,563.8069,563.8069,65731395.0
2006-10-06,564.1002,568.2494,563.9345,566.8449,104696927.0
2006-10-09,566.482,567.6187,562.3276,564.2028,104969497.0
2006-10-10,566.7748,569.2269,566.7425,568.0523,85037193.0
2006-10-11,568.2322,571.7971,566.7647,571.4551,58358985.0
2006-10-12,569.7155,571.5485,567.1415,567.5142,105487631.0
2006-10-13,567.3027,571.6236,565.2592,565.7812,79403904.0
2006-10-16,566.8856,568.7828,564.6301,568.2067,57035171.0
2006-10-17,567.9963,568.0552,564.3301,566.6846,39336533.0
2006-10-18,567.8757,570.4841,565.8483,570.2911,39808867.0
2006-10-19,568.4013,568.964,561.4408,561.4408,86783517.0
2006-10-20,564.0959,567.6595,563.3388,567.2616,92138979.0
2006-10-23,567.3816,569.5987,563.668,567.5923,29100605.0
2006-10-24,568.4313,574.122,568.4313,572.8994,37102519.0
2006-10-25,571.8475,572.2363,566.3765,569.2773,37916228.0
2006-10-26,568.0848,568.7492,563.5522,563.7793,91471864.0
2006-10-27,562.7479,564.7026,561.6382,562.2705,101364149.0
2006-10-30,561.7949,562.7397,559.1907,561.2164,67235760.0
2006-10-31,560.5524,560.5524,555.2877,558.4825,62553568.0
2006-11-01,557.5084,557.7725,553.037,554.6726,60937944.0
2006-11-02,556.2032,564.4011,554.9556,564.4011,45676403.0
2006-11-03,564.6393,567.2718,562.7995,565.5734,80330469.0
2006-11-06,565.9692,569.8954,563.4041,567.123,70263792.0
2006-11-07,567.406,570.9672,565.2791,570.4036,36226207.0
2006-11-08,568.6412,568.793,565.7025,567.0967,48399556.0
2006-11-09,569.6595,576.9703,569.281,576.0593,78745620.0
2006-11-10,575.2399,576.1902,570.7354,571.8977,57352882.0
2006-11-13,570.8414,572.3706,569.5667,569.9921,73130134.0
2006-11-14,569.9543,571.1099,567.2405,569.901,97034959.0
2006-11-15,567.8531,567.8531,555.6249,556.8826,48179680.0
2006-11-16,555.0911,556.244,544.6162,544.9692,136111424.0
2006-11-17,542.6534,543.742,535.2723,538.5433,68066471.0
2006-11-20,537.2457,537.8295,523.2684,527.5254,51389310.0
2006-11-21,526.696,529.0134,524.0072,526.1748,64617176.0
2006-11-22,524.8506,525.6935,522.3306,523.3277,89741230.0
2006-11-23,527.5829,531.4327,525.4822,530.6143,57765089.0
2006-11-24,529.9222,530.0051,520.5989,523.8182,83477584.0
2006-11-27,525.2592,537.843,519.6232,536.1562,63770124.0
2006-11-28,540.0891,543.7739,538.5555,543.3249,77554172.0
2006-11-29,544.8489,556.1448,542.6879,554.3751,79525061.0
2006-11-30,554.4486,555.4545,550.0102,554.5847,92570677.0
2006-12-01,556.8893,562.7506,554.8261,561.8758,74633224.0
2006-12-04,561.9392,564.19,556.9515,562.7792,57279092.0
2006-12-05,563.7116,566.9645,558.7286,565.6196,91317816.0
2006-12-06,566.2588,570.6057,564.7511,567.0081,63614967.0
2006-12-07,567.6127,570.1835,566.3145,568.9946,60373683.0
2006-12-08,568.9814,570.6227,564.5628,568.2051,133080627.0
2006-12-11,566.7392,567.0223,561.1373,561.1373,81409661.0
2006-12-12,560.5236,562.1488,554.2593,554.3313,71409572.0
2006-12-13,555.9543,563.1587,554.3607,562.5877,101109576.0
2006-12-14,563.5636,566.0122,560.5787,565.947,61482767.0
2006-12-15,565.7638,566.8654,556.7865,562.2039,57370124.0
2006-12-18,562.203,563.6121,558.8722,562.1247,56418228.0
2006-12-19,560.905,561.8983,551.708,554.8207,35037437.0
2006-12-20,554.6162,558.3678,548.9796,553.9577,62960468.0
2006-12-21,555.6993,561.4289,552.8075,558.8174,59716269.0
2006-12-22,557.1647,558.3696,548.8395,551.9963,35821938.0
2006-12-25,551.4123,551.8151,548.1622,551.0567,93199120.0
2006-12-26,551.7624,553.5795,548.1429,553.2194,81573611.0
2006-12-27,552.7827,559.3743,549.0463,549.878,83480651.0
2006-12-28,548.838,549.5816,544.9632,545.5632,60298876.0
2006-12-29,546.2889,549.9248,544.1397,549.3387,95963801.0
2007-01-01,550.4744,552.4588,549.9375,550.8318,46084188.0
2007-01-02,549.806,551.0645,546.9021,548.4653,61131353.0
2007-01-03,550.6676,553.1201,549.2228,552.1476,97916494.0
2007-01-04,552.7156,556.1094,552.6211,554.2387,79551476.0
2007-01-05,553.9671,557.0681,549.3103,550.4358,64519432.0
2007-01-08,551.6595,554.2001,549.3797,553.4115,35042251.0
2007-01-09,553.1479,553.5054,548.2457,552.0148,67659297.0
2007-01-10,550.7804,551.8023,546.5223,549.4967,57462185.0
2007-01-11,550.183,552.2699,548.5846,550.759,55362763.0
2007-01-12,550.7223,552.3556,549.1666,550.4366,83103549.0
2007-01-15,548.1057,549.3531,546.2018,546.2638,40713915.0
2007-01-16,546.7175,552.4806,545.3721,550.5925,88383346.0
2007-01-17,551.4686,557.9529,551.4408,555.9459,75902210.0
2007-01-18,556.3552,557.4422,552.7669,557.1466,70805623.0
2007-01-19,557.3936,558.3522,555.2262,558.1137,53808073.0
2007-01-22,557.7831,558.1699,554.0392,556.5685,74821291.0
2007-01-23,557.0012,561.5357,554.7634,560.5396,74415981.0
2007-01-24,560.4096,563.2827,559.1962,560.0382,28950814.0
2007-01-25,559.1146,559.7332,555.2191,556.3329,48866141.0
2007-01-26,557.5871,559.9577,556.2496,559.3959,63441488.0
2007-01-29,559.4288,560.7346,557.732,559.5847,47499181.0
2007-01-30,559.955,564.1926,559.2601,563.4197,47202692.0
2007-01-31,561.2497,561.4235,558.8217,559.006,36217524.0
2007-02-01,559.1236,562.53,558.7777,559.6011,91110588.0
2007-02-02,559.7556,562.6052,559.3954,560.3082,65811594.0
2007-02-05,560.4208,564.2822,560.1587,563.6505,51185042.0
2007-02-06,564.1471,566.9958,561.2266,565.7824,128924963.0
2007-02-07,567.3805,571.7497,566.4681,570.1357,49985401.0
2007-02-08,570.5755,572.6461,569.5184,572.4279,75847858.0
2007-02-09,573.6112,577.4685,571.5998,576.372,51519973.0
2007-02-12,574.5887,574.744,571.4689,571.9434,95995914.0
2007-02-13,572.3425,573.3959,570.1705,573.0803,70593631.0
2007-02-14,573.1633,573.3886,571.7126,573.2057,52023230.0
2007-02-15,573.1532,573.8511,571.4063,572.9895,68585695.0
2007-02-16,573.6776,575.5243,572.1325,574.3891,70011355.0
2007-02-19,574.4038,577.1246,573.2851,574.474,58928241.0
2007-02-20,574.453,574.7869,571.4881,574.4185,58114359.0
2007-02-21,574.4756,577.7161,572.9182,574.9206,66569884.0
2007-02-22,576.7094,583.5765,574.912,583.5765,67682011.0
2007-02-23,584.7098,589.485,584.7098,586.8885,94220377.0
2007-02-26,587.3445,589.9408,585.5004,589.8102,83086830.0
2007-02-27,589.8852,592.7899,589.5799,590.5281,113756946.0
2007-02-28,590.2946,590.3303,584.371,585.9983,54173651.0
2007-03-01,586.6695,590.7687,585.9148,588.9416,109615664.0
2007-03-02,588.9475,591.1485,585.4729,588.9657,65400757.0
2007-03-05,589.6549,591.0192,588.5901,590.5356,69287146.0
2007-03-06,591.821,594.6365,590.8022,594.4948,50982320.0
2007-03-07,592.9182,592.9182,588.3701,589.8972,104306480.0
2007-03-08,588.2712,589.8345,584.5893,584.9552,38560617.0
2007-03-09,585.4579,588.3405,584.6363,586.5385,93459007.0
2007-03-12,585.3613,585.7675,578.785,580.0639,60665152.0
2007-03-13,579.2269,579.4282,576.5114,578.1649,122416652.0
2007-03-14,577.3334,577.9383,572.1646,573.8954,65182804.0
2007-03-15,574.2496,579.8467,574.2496,576.0049,47162589.0
2007-03-16,577.7691,581.8882,577.5671,580.81,66902452.0
2007-03-19,580.8823,584.7333,579.9825,581.253,90925738.0
2007-03-20,582.8209,585.2887,582.2594,584.994,66940604.0
2007-03-21,584.4991,585.446,579.3308,580.0031,132641282.0
2007-03-22,580.1411,581.9065,576.7771,581.7598,77570455.0
2007-03-23,582.0744,583.4757,580.874,582.8692,51233304.0
2007-03-26,583.7108,588.8334,582.5785,588.5116,67445099.0
2007-03-27,588.0691,590.0705,586.7713,587.3286,56016287.0
2007-03-28,585.6386,586.7617,580.4167,582.8892,75727751.0
2007-03-29,582.4809,583.1696,579.3294,581.7347,91527625.0
2007-03-30,581.6308,583.3611,578.3479,580.9089,84482643.0
2007-04-02,576.2897,576.5461,570.9991,573.2016,102716678.0
2007-04-03,571.8458,573.036,569.93,569.93,37829037.0
2007-04-04,570.9913,582.1989,570.505,581.4662,87765986.0
2007-04-05,583.4544,589.6856,582.7625,589.6856,101422974.0
2007-04-06,592.0465,595.118,589.8789,594.8131,60548946.0
2007-04-09,594.37,598.7076,592.9418,593.453,72009169.0
2007-04-10,593.4158,595.6366,591.2051,593.2388,33994928.0
2007-04-11,590.8259,591.422,584.7873,586.7347,51866391.0
2007-04-12,586.8963,589.6199,585.4447,587.0243,50461266.0
2007-04-13,586.5557,587.9505,583.2192,585.321,79926674.0
2007-04-16,587.5483,597.3975,584.4559,597.3893,49712103.0
2007-04-17,593.9347,594.1753,589.8115,592.2381,55334552.0
2007-04-18,594.0315,601.0327,590.7519,601.0327,36761318.0
2007-04-19,600.6009,603.6859,599.4888,599.9291,51176483.0
2007-04-20,599.849,603.0671,598.2851,599.6157,75476112.0
2007-04-23,590.3351,591.164,584.7829,585.1676,83956000.0
2007-04-24,585.6265,588.9923,583.2363,588.602,70678281.0
2007-04-25,597.6534,605.141,595.4352,605.141,38564051.0
2007-04-26,604.3615,605.2144,598.4481,601.9194,157725510.0
2007-04-27,602.6149,604.1492,600.4434,603.3399,48762715.0
2007-04-30,599.3179,600.9929,594.4579,594.4579,69591884.0
2007-05-01,591.5,593.1363,577.28,577.7658,89208230.0
2007-05-02,578.0697,579.97,574.2826,578.426,67583798.0
2007-05-03,578.3352,581.2859,572.3575,578.1868,103916791.0
2007-05-04,583.5992,592.4909,582.9024,591.7151,33963026.0
2007-05-07,591.7608,598.7884,588.5596,592.3038,64130893.0
2007-05-08,594.9998,602.1027,594.1878,600.6295,85001734.0
2007-05-09,599.4098,602.8471,594.762,595.3994,80502620.0
2007-05-10,592.8163,593.3713,580.1666,580.1666,68320987.0
2007-05-11,581.7324,586.2044,580.5977,584.231,52648697.0
2007-05-14,584.5697,587.8236,581.5488,586.0527,90463414.0
2007-05-15,587.2205,594.2235,586.8036,589.7375,122576498.0
2007-05-16,592.4545,612.0822,592.3423,611.988,44364627.0
2007-05-17,611.5695,615.8029,606.1229,609.84,82486537.0
2007-05-18,603.1173,604.1384,594.873,596.3723,66335496.0
2007-05-21,594.3184,600.9658,586.0866,588.1721,82841865.0
2007-05-22,589.461,602.225,588.1388,601.5784,43113306.0
2007-05-23,597.2938,598.3918,587.6865,590.229,81097779.0
2007-05-24,592.3739,607.6227,592.1967,607.3864,55760423.0
2007-05-25,606.3024,612.4893,597.0604,601.603,48649976.0
2007-05-28,601.6778,603.1741,598.1132,601.7568,75213805.0
2007-05-29,603.5762,615.4868,602.7714,608.0788,63789200.0
2007-05-30,607.1688,607.7056,597.7106,604.0592,41612236.0
2007-05-31,602.9197,603.34,592.1606,597.5154,76081070.0
2007-06-01,598.0709,603.3619,594.9463,602.1394,51725549.0
2007-06-04,601.9058,607.2212,598.022,601.2001,73633355.0
2007-06-05,599.9048,602.4898,591.7361,593.5435,50519443.0
2007-06-06,591.7696,592.2718,580.5208,580.8302,76511394.0
2007-06-07,583.6449,590.5066,580.2579,590.3036,43462415.0
2007-06-08,591.5231,596.7832,588.7642,595.8458,115792622.0
2007-06-11,598.4939,606.0129,598.4939,602.989,86587313.0
2007-06-12,604.07,608.765,602.8862,606.5781,85417614.0
2007-06-13,608.1742,614.1892,605.5669,611.5877,37116338.0
2007-06-14,612.0824,617.9235,608.5937,615.5205,100915571.0
2007-06-15,616.0143,624.403,616.0143,617.4548,104463642.0
2007-06-18,613.575,614.1799,609.8833,610.0897,78439510.0
2007-06-19,612.2782,615.2699,608.881,614.8824,66781710.0
2007-06-20,615.5214,626.163,613.173,624.5581,68482695.0
2007-06-21,624.8476,631.0667,622.3153,625.9342,74036106.0
2007-06-22,626.4511,634.1098,626.4511,632.4146,74339614.0
2007-06-25,633.0442,639.4221,631.667,639.4011,39413507.0
2007-06-26,638.9426,640.4577,635.0439,638.3657,87256999.0
2007-06-27,641.0609,645.9675,640.6163,643.714,122782503.0
2007-06-28,641.6217,643.7386,636.4695,637.784,58959738.0
2007-06-29,637.5157,643.8435,636.8713,637.1855,69711161.0
2007-07-02,635.152,637.6891,630.5541,633.7888,47114778.0
2007-07-03,634.4869,638.5682,633.7287,636.6465,98365227.0
2007-07-04,636.4623,637.2129,630.9729,634.5819,55958129.0
2007-07-05,634.2348,639.9745,632.31,632.9096,63007663.0
2007-07-06,632.1368,636.9476,628.5159,628.5159,41593526.0
2007-07-09,629.1256,633.3203,626.0966,631.7635,103319751.0
2007-07-10,630.026,632.7879,625.6612,626.6625,72783101.0
2007-07-11,618.5368,618.807,610.8843,612.4924,72067733.0
2007-07-12,610.8861,611.0075,603.0735,605.8082,67201088.0
2007-07-13,604.6718,606.9314,601.246,603.5266,45080676.0
2007-07-16,603.4002,605.5003,598.1953,603.1853,49836378.0
2007-07-17,602.7332,607.5805,595.2555,595.7501,47022875.0
2007-07-18,596.7392,602.741,595.2029,600.1757,41663534.0
2007-07-19,600.2159,608.3978,597.6618,600.7051,52048511.0
2007-07-20,600.9142,604.0025,596.8789,601.6361,40315897.0
2007-07-23,603.4324,610.3138,603.2737,607.8335,62682703.0
2007-07-24,605.4299,606.2778,595.7593,595.9861,109155343.0
2007-07-25,597.7305,600.1441,595.7924,599.456,67867665.0
2007-07-26,597.5861,597.5861,586.4683,588.3637,75833597.0
2007-07-27,590.5676,599.7363,588.6923,599.0065,64947127.0
2007-07-30,597.2278,601.7657,591.0887,591.0887,129994506.0
2007-07-31,590.254,592.8556,584.0005,586.5806,71389945.0
2007-08-01,589.836,596.2595,589.4657,592.9068,58337449.0
2007-08-02,592.63,593.1811,581.4244,582.713,51575575.0
2007-08-03,582.3465,583.7955,574.8499,580.6572,64738852.0
2007-08-06,582.3852,587.3992,579.3376,586.2786,60786894.0
2007-08-07,588.3984,593.2039,584.2818,590.6929,62017253.0
2007-08-08,591.5638,597.6057,589.294,593.4182,69810675.0
2007-08-09,594.611,598.9519,592.0209,596.6078,63481395.0
2007-08-10,597.9359,609.5158,597.7992,604.2403,60504725.0
2007-08-13,604.3356,613.0471,604.2909,605.1756,112481686.0
2007-08-14,604.1698,604.4694,598.8212,599.8355,75508801.0
2007-08-15,600.8483,604.0175,598.6581,603.3781,47067505.0
2007-08-16,603.7794,607.5272,600.4119,604.3259,70215574.0
2007-08-17,604.4078,607.2731,601.9965,604.5448,84090507.0
2007-08-20,604.8886,609.989,603.7022,607.6809,68220422.0
2007-08-21,609.9968,614.2665,609.5576,612.7766,53382010.0
2007-08-22,611.0463,611.8524,605.5347,605.6993,53034670.0
2007-08-23,607.4779,615.4399,606.0351,612.442,58655466.0
2007-08-24,612.2197,613.8437,608.5411,611.5634,66264065.0
2007-08-27,609.0798,611.0419,603.3045,604.2663,71687809.0
2007-08-28,604.2092,606.3313,601.0268,603.3831,77520194.0
2007-08-29,603.4868,608.7433,603.0038,604.707,67152051.0
2007-08-30,605.6244,610.6711,604.7415,610.2894,59121275.0
2007-08-31,611.0109,613.8462,608.7855,612.1722,95685963.0
2007-09-03,611.8889,615.546,610.5021,610.9682,84199558.0
2007-09-04,611.5152,612.6089,609.2512,612.2586,31585865.0
2007-09-05,611.4697,611.4697,605.1932,607.5111,90064713.0
2007-09-06,609.7816,615.1709,609.4801,615.016,90296545.0
2007-09-07,614.3327,615.3146,607.2405,607.6417,88779955.0
2007-09-10,608.3681,611.2975,604.9585,610.1318,84062182.0
2007-09-11,611.0496,615.4656,610.9586,615.0961,64839474.0
2007-09-12,615.3142,618.8438,612.7833,617.833,58061979.0
2007-09-13,621.4871,626.2529,619.9687,626.2529,41353130.0
2007-09-14,626.9871,630.161,625.6934,628.4531,90696416.0
2007-09-17,628.7221,631.4689,626.2093,630.3311,39316161.0
2007-09-18,629.3476,631.2046,627.3776,628.2313,76527095.0
2007-09-19,627.2033,627.3534,622.1103,623.1817,72894816.0
2007-09-20,624.1425,629.8799,623.7164,627.339,57625176.0
2007-09-21,627.9712,632.3276,626.8395,630.7021,63929099.0
2007-09-24,631.5187,638.366,629.9486,634.6962,93432699.0
2007-09-25,635.2881,640.4319,633.9838,638.4667,58415028.0
2007-09-26,638.3024,639.5805,636.8267,637.4838,49442146.0
2007-09-27,636.3321,636.3321,633.1165,635.592,80969762.0
2007-09-28,634.1249,635.2099,631.4827,632.5006,115529679.0
2007-10-01,632.0963,633.132,630.2984,631.7926,68552634.0
2007-10-02,633.1074,637.1191,632.7813,634.8423,87730523.0
2007-10-03,631.0893,631.2098,624.7757,627.0074,40563359.0
2007-10-04,627.0516,628.8737,624.0177,627.655,57428705.0
2007-10-05,626.9867,627.5732,622.7721,625.0972,81933533.0
2007-10-08,625.3309,631.7663,625.0632,626.6706,107319325.0
2007-10-09,626.8499,627.9741,622.6741,627.0996,120774967.0
2007-10-10,626.9537,626.9537,620.8837,622.1084,29856657.0
2007-10-11,623.4145,630.9189,623.4145,630.1146,76698454.0
2007-10-12,625.2246,625.3004,619.9062,619.9062,71378132.0
2007-10-15,614.8546,615.9385,601.1849,601.9651,57029169.0
2007-10-16,601.5299,602.2358,596.3384,600.5238,78862629.0
2007-10-17,599.6168,604.8486,590.0863,595.0426,48626348.0
2007-10-18,597.4833,612.2328,596.8817,609.1457,71183404.0
2007-10-19,609.6602,616.7808,606.8006,611.5287,78969601.0
2007-10-22,610.3765,610.8439,601.6763,604.8721,65117439.0
2007-10-23,604.2515,606.3964,600.5101,600.8493,65890365.0
2007-10-24,601.652,616.7052,601.652,610.5368,86024712.0
2007-10-25,612.5811,620.2743,610.892,617.8531,92094188.0
2007-10-26,615.9997,617.2894,606.6909,607.3289,57763921.0
2007-10-29,601.0892,601.5992,592.5489,597.2313,120635764.0
2007-10-30,593.1203,595.8341,579.6468,581.4508,31667025.0
2007-10-31,586.9628,596.3097,585.4267,595.9916,63834806.0
2007-11-01,598.9246,605.5388,594.7165,604.3081,111337022.0
2007-11-02,609.3638,612.4428,607.7438,612.3552,58210653.0
2007-11-05,612.098,613.1029,603.803,604.8129,71098878.0
2007-11-06,606.6712,615.1477,604.0695,611.6187,31045774.0
2007-11-07,613.0802,619.0472,609.6031,619.0472,89165669.0
2007-11-08,616.6332,617.5817,606.4893,607.7502,36123442.0
2007-11-09,610.1636,617.4786,607.4909,614.8607,51233198.0
2007-11-12,614.9618,620.1974,613.2843,615.3081,94592079.0
2007-11-13,611.9075,617.536,607.516,608.9651,60249264.0
2007-11-14,608.7565,614.4478,603.6352,607.6787,54476331.0
2007-11-15,608.3949,615.7025,607.3375,610.0468,44319091.0
2007-11-16,610.069,613.2782,607.2639,610.2823,70598633.0
2007-11-19,609.5669,610.0396,602.7669,606.6904,75478384.0
2007-11-20,605.6346,607.4588,601.5746,602.9998,107372550.0
2007-11-21,603.2346,609.4526,602.2394,605.8959,74239187.0
2007-11-22,605.7179,607.0344,601.0167,604.5318,73464857.0
2007-11-23,604.7546,610.0379,603.3752,605.4195,113529463.0
2007-11-26,607.006,610.9066,605.4911,608.5617,101894454.0
2007-11-27,608.6814,613.5876,607.7934,608.9693,53276334.0
2007-11-28,608.943,615.5684,608.1129,608.8464,76741271.0
2007-11-29,608.9626,611.425,605.5295,610.669,83018431.0
2007-11-30,610.7551,619.532,610.7551,619.322,54894799.0
2007-12-03,620.0925,627.9042,618.0823,627.6196,40168126.0
2007-12-04,628.3822,630.0893,626.2821,629.5079,35309750.0
2007-12-05,627.9312,628.8341,624.9282,626.4464,81390103.0
2007-12-06,627.7261,632.085,627.3767,628.4471,33457530.0
2007-12-07,629.0449,633.2901,627.2615,631.109,45946615.0
2007-12-10,632.739,637.3503,630.509,636.9917,116155974.0
2007-12-11,637.3623,644.4449,636.0318,642.8871,100086295.0
2007-12-12,645.7922,651.379,645.7922,649.402,95483687.0
2007-12-13,649.2906,651.5847,645.9321,648.7046,50308268.0
2007-12-14,647.9397,648.094,642.1798,645.4813,54833598.0
2007-12-17,644.9099,647.5764,641.4427,642.8972,51475090.0
2007-12-18,643.7802,646.4831,640.707,646.1583,53869281.0
2007-12-19,646.2188,648.4733,643.0287,646.8161,88204426.0
2007-12-20,648.3191,657.4985,648.3191,657.4985,81428193.0
2007-12-21,656.6663,658.2731,651.1222,652.0402,61493840.0
2007-12-24,652.5609,657.8901,649.5411,656.4819,46943569.0
2007-12-25,656.9112,661.0586,654.8214,660.7203,63061800.0
2007-12-26,663.337,673.9533,663.1896,672.6422,75564209.0
2007-12-27,672.652,677.1781,670.6325,672.6916,84742475.0
2007-12-28,669.5637,669.5671,664.0785,666.0627,74488545.0
2007-12-31,665.8762,666.5048,661.2278,664.2252,90797409.0
2008-01-01,664.7816,667.3786,662.7326,666.6308,75854728.0
2008-01-02,663.6423,664.4325,655.9014,656.7188,53056090.0
2008-01-03,656.9055,659.6178,653.0543,659.0803,86837892.0
2008-01-04,657.4937,657.5326,648.3593,650.0864,105166840.0
2008-01-07,650.6218,654.7477,650.0653,651.2916,37670774.0
2008-01-08,652.2548,654.4521,648.9051,653.599,50227618.0
2008-01-09,653.0528,655.5603,650.1935,651.5256,78691759.0
2008-01-10,651.0293,653.3359,648.6369,648.9508,112197361.0
2008-01-11,647.6836,649.1962,639.9074,643.3057,66720537.0
2008-01-14,643.3279,646.1056,641.237,644.4021,81910866.0
2008-01-15,642.9938,645.1871,634.1704,634.1704,45484793.0
2008-01-16,634.9648,641.9857,634.2402,638.0147,56151493.0
2008-01-17,636.1492,636.2046,628.1445,629.5878,36682850.0
2008-01-18,629.0596,630.5208,625.7038,626.745,94263418.0
2008-01-21,623.4628,623.4628,618.1593,621.0543,32771422.0
2008-01-22,621.65,634.1895,620.1841,630.9228,56978410.0
2008-01-23,631.4536,635.5845,629.7774,632.7992,88847319.0
2008-01-24,630.4659,631.2913,623.8417,627.7173,44394326.0
2008-01-25,627.9778,632.2042,623.8382,630.0324,49419962.0
2008-01-28,630.3783,635.1166,624.6361,632.9649,73540409.0
2008-01-29,631.0932,631.6933,620.5239,624.1159,65869547.0
2008-01-30,620.3634,620.8782,617.468,618.4613,68730277.0
2008-01-31,620.7481,624.6235,618.7396,623.6187,47462623.0
2008-02-01,624.4558,629.0687,623.5119,626.9783,50984007.0
2008-02-04,630.0536,646.8152,630.0536,646.8152,48895947.0
2008-02-05,646.3027,647.9393,638.9954,644.753,49655854.0
2008-02-06,645.5412,648.9436,644.9741,646.2448,105852773.0
2008-02-07,646.0686,647.3804,642.6017,645.4186,82957815.0
2008-02-08,650.4035,654.7034,649.2658,653.5705,61834511.0
2008-02-11,653.4568,659.1105,651.1415,651.2462,90859686.0
2008-02-12,652.3644,662.5949,652.0239,659.9919,32844385.0
2008-02-13,660.5738,669.5691,660.204,667.1816,79792879.0
2008-02-14,663.9401,666.1396,660.3748,660.6222,65798755.0
2008-02-15,660.1812,661.0279,657.913,659.7642,109844341.0
2008-02-18,649.3991,651.6019,633.2495,634.3368,47350713.0
2008-02-19,640.6885,654.1407,640.6885,648.9226,80250499.0
2008-02-20,649.9192,658.4435,647.1789,655.566,70422659.0
2008-02-21,648.9949,652.1247,646.5686,646.5686,76024808.0
2008-02-22,651.7915,659.7348,650.6884,657.6452,68509137.0
2008-02-25,660.9517,668.6708,660.6866,664.2391,96582697.0
2008-02-26,666.659,676.3101,665.1552,673.4617,84083379.0
2008-02-27,672.6789,678.3361,665.4035,665.4035,65696623.0
2008-02-28,662.0038,662.5467,657.1924,659.459,66627052.0
2008-02-29,658.7266,662.7328,652.5795,657.5529,190757364.0
2008-03-03,656.179,656.7388,649.6146,654.3197,63187332.0
2008-03-04,653.3327,654.4377,646.1987,646.1987,103480258.0
2008-03-05,646.5677,652.291,640.2793,648.5532,112516748.0
2008-03-06,648.3506,649.4731,642.2996,645.6298,47381035.0
2008-03-07,642.1486,649.2818,637.9644,637.9644,53410452.0
2008-03-10,641.4271,648.9259,640.2609,648.5407,58918222.0
2008-03-11,647.6082,652.7394,645.135,645.992,61566581.0
2008-03-12,649.04,658.1513,648.0656,658.1513,73063909.0
2008-03-13,659.1409,669.5119,657.6506,666.4414,55612662.0
2008-03-14,666.44,668.361,661.1372,666.3731,50141339.0
2008-03-17,666.4266,669.6031,661.5908,667.6935,29346314.0
2008-03-18,668.9994,673.74,668.8365,673.5701,51134889.0
2008-03-19,671.3027,671.8757,666.7588,667.711,129861247.0
2008-03-20,669.2603,673.637,667.9363,672.6584,39671368.0
2008-03-21,671.4838,676.1564,667.4663,669.1958,80056806.0
2008-03-24,666.171,666.4304,662.4897,664.6733,97905092.0
2008-03-25,663.7647,666.0348,655.9547,660.3875,64945224.0
2008-03-26,660.4003,663.152,653.7646,660.4454,83956104.0
2008-03-27,664.0392,680.0321,663.9601,678.4945,52874174.0
2008-03-28,678.3454,682.1159,673.794,675.7785,58911372.0
2008-03-31,676.8026,682.9209,675.4088,682.6742,91078177.0
2008-04-01,682.7224,685.3235,681.7432,682.8717,76112707.0
2008-04-02,683.0222,687.7011,680.9855,685.2098,62287516.0
2008-04-03,684.311,689.1385,680.5377,682.3074,63957590.0
2008-04-04,681.5942,682.4385,675.2305,676.8434,35047084.0
2008-04-07,676.8154,682.1838,673.7069,676.4541,100031107.0
2008-04-08,675.0893,675.7644,671.4515,672.3586,46244601.0
2008-04-09,672.0757,673.279,668.4373,671.144,92801752.0
2008-04-10,671.283,672.8433,668.3404,672.6291,73999448.0
2008-04-11,674.1108,680.4276,672.1109,678.6034,144131970.0
2008-04-14,677.2809,677.5827,669.1316,671.9753,67111584.0
2008-04-15,674.6404,683.922,673.302,682.4837,126917117.0
2008-04-16,682.9441,689.8117,682.8411,684.2969,58618558.0
2008-04-17,686.1072,689.8557,685.4523,688.7418,56238679.0
2008-04-18,689.3815,692.8627,688.0091,689.8706,77701523.0
2008-04-21,689.8784,693.4648,687.7906,690.3117,78062375.0
2008-04-22,690.2146,691.8335,687.841,689.6264,92086025.0
2008-04-23,688.7596,690.9687,685.8242,687.1633,44794183.0
2008-04-24,683.5705,685.5966,679.6167,680.1393,142719955.0
2008-04-25,679.9461,682.4672,674.6044,679.183,66272592.0
2008-04-28,678.6025,679.9678,674.8096,677.7325,66462651.0
2008-04-29,676.9657,680.7546,675.6321,675.7429,76191740.0
2008-04-30,676.1014,679.0683,674.8255,677.4517,53046832.0
2008-05-01,676.7158,676.9587,670.9289,672.9629,81125041.0
2008-05-02,673.5832,674.5997,671.9238,674.488,110765512.0
2008-05-05,675.326,681.6437,675.326,678.5368,93826419.0
2008-05-06,678.853,683.6607,678.2049,679.684,106664735.0
2008-05-07,680.6854,685.264,679.8241,684.8351,82899145.0
2008-05-08,688.7854,695.1986,687.6704,694.9308,72714980.0
2008-05-09,694.4487,695.5421,688.9993,691.7897,130858067.0
2008-05-12,691.3648,692.8195,685.0387,688.2771,86607180.0
2008-05-13,688.7383,696.1477,686.4014,695.7723,66718990.0
2008-05-14,695.9963,700.1412,693.172,697.525,103452478.0
2008-05-15,696.2871,698.4723,693.7237,694.3776,118301143.0
2008-05-16,692.73,695.0508,688.8561,689.5955,88536947.0
2008-05-19,689.7799,695.5917,688.9121,690.5823,103512538.0
2008-05-20,689.3933,690.2873,683.474,685.5624,117597762.0
2008-05-21,685.0123,687.0314,682.3673,683.9426,40452884.0
2008-05-22,684.6199,693.3475,683.1024,687.6839,66363641.0
2008-05-23,687.3486,687.9508,682.7556,683.118,54974719.0
2008-05-26,683.3815,687.4588,682.7382,683.663,111229320.0
2008-05-27,680.7254,681.5413,678.0516,678.9753,76856732.0
2008-05-28,678.0342,678.5126,675.5724,676.2334,68827784.0
2008-05-29,676.8608,680.0117,673.8977,678.8802,52144840.0
2008-05-30,678.9337,686.2228,677.6215,684.3316,90022071.0
2008-06-02,682.4671,683.1805,674.3155,674.6274,80914023.0
2008-06-03,672.0978,673.6738,667.6513,668.6233,45187546.0
2008-06-04,672.1219,674.2958,671.5508,673.1625,85868220.0
2008-06-05,672.916,677.4875,671.5887,672.6879,64610453.0
2008-06-06,673.5104,678.6076,671.326,676.9419,87016607.0
2008-06-09,676.8064,679.5838,674.3217,675.7828,68076437.0
2008-06-10,679.1795,683.2174,677.7184,681.624,71987677.0
2008-06-11,683.3183,686.5213,682.6552,685.4398,83274966.0
2008-06-12,687.2754,693.0006,685.0872,692.1152,40386212.0
2008-06-13,694.1019,700.6047,693.112,698.5525,106337351.0
2008-06-16,697.9548,698.1247,692.5057,695.4789,75528554.0
2008-06-17,698.034,699.5112,694.1707,699.0477,47374027.0
2008-06-18,700.0945,704.6593,699.607,701.3402,111002815.0
2008-06-19,701.7256,704.5744,701.3644,701.8554,42939322.0
2008-06-20,703.4845,705.2108,699.2909,705.1133,60938981.0
2008-06-23,705.5367,709.8476,705.0918,709.6721,72205528.0
2008-06-24,709.6197,712.0464,708.6806,709.1785,44939568.0
2008-06-25,709.0237,710.5504,704.5338,708.1119,82174147.0
2008-06-26,706.0213,706.9268,704.7853,705.2211,35688277.0
2008-06-27,705.5235,707.1434,705.1068,705.7208,47801913.0
2008-06-30,705.8118,710.0777,703.6621,706.7237,74292444.0
2008-07-01,706.1308,707.7099,699.2687,700.8393,70420473.0
2008-07-02,701.0632,704.4589,700.7547,702.1351,49063765.0
2008-07-03,703.3687,704.641,701.5563,704.5318,89737780.0
2008-07-04,707.0383,713.0929,707.0383,710.5082,67142245.0
2008-07-07,710.7232,715.0666,709.2699,711.6641,66726536.0
2008-07-08,712.3695,717.8901,710.5491,716.6512,98290734.0
2008-07-09,719.4243,722.3934,717.5283,722.0921,67290505.0
2008-07-10,723.0779,728.0152,719.6005,728.0152,95859947.0
2008-07-11,728.5009,734.6924,726.9165,730.1675,51730575.0
2008-07-14,731.1473,741.491,730.8866,739.5105,67049717.0
2008-07-15,739.5839,741.5849,736.3279,739.9318,63769500.0
2008-07-16,740.6798,747.3651,740.6798,745.043,93869283.0
2008-07-17,745.9809,749.5261,745.8699,747.5117,71529898.0
2008-07-18,750.7447,758.8153,749.7368,758.4336,66245887.0
2008-07-21,758.598,760.9836,756.6267,759.2313,63330175.0
2008-07-22,757.0164,757.0164,751.7477,754.7536,61596991.0
2008-07-23,753.5338,754.1096,751.1072,752.408,32249977.0
2008-07-24,752.4751,753.4179,749.5128,752.7817,51446745.0
2008-07-25,756.5454,770.5359,755.7815,770.2326,63521917.0
2008-07-28,770.4987,774.0884,768.4575,772.5053,56974059.0
2008-07-29,774.9307,779.2061,774.8738,778.7118,57490593.0
2008-07-30,779.7274,783.758,778.6014,782.4241,105241299.0
2008-07-31,783.012,788.3865,780.9659,784.0451,112019662.0
2008-08-01,784.2956,787.6028,784.0108,784.4742,70333376.0
2008-08-04,785.3722,791.3908,784.9042,789.6456,108938302.0
2008-08-05,788.3027,789.3892,775.5941,778.2874,52191351.0
2008-08-06,777.7599,780.591,768.348,771.7251,70157863.0
2008-08-07,768.2655,770.8406,765.5544,766.5138,45315907.0
2008-08-08,764.2923,766.4668,759.5919,760.118,30749456.0
2008-08-11,760.0838,762.8007,757.423,759.8643,71430817.0
2008-08-12,756.4982,758.2292,750.4271,751.5737,68114869.0
2008-08-13,753.5435,758.6849,751.2793,757.2328,107887041.0
2008-08-14,759.0431,768.4796,758.2969,763.3108,78054200.0
2008-08-15,762.5113,763.3603,752.2463,752.2463,105631518.0
2008-08-18,752.9535,756.6147,749.6059,754.0985,157831863.0
2008-08-19,754.2344,757.7066,751.3206,755.5725,61793753.0
2008-08-20,755.9498,762.496,755.9498,757.3013,66441173.0
2008-08-21,758.0874,762.253,755.5035,759.064,67277982.0
2008-08-22,758.6678,762.6494,754.379,755.2165,98578646.0
2008-08-25,754.3543,755.6275,749.5774,752.9599,115338344.0
2008-08-26,753.5165,763.05,753.5165,759.9913,60100977.0
2008-08-27,759.8518,761.3215,757.1375,759.4836,71976828.0
2008-08-28,764.608,770.3179,764.0591,769.7521,64904463.0
2008-08-29,768.6544,769.482,762.6258,764.5454,57168136.0
2008-09-01,765.9483,770.2939,763.021,769.1885,61763692.0
2008-09-02,770.5535,773.549,769.1349,773.3646,49333985.0
2008-09-03,773.4981,776.466,771.4751,775.9144,80066529.0
2008-09-04,776.0747,778.1727,772.8926,776.5126,58736954.0
2008-09-05,775.667,778.2195,772.5625,774.2383,130158520.0
2008-09-08,774.7594,777.3695,772.6041,777.3695,46283947.0
2008-09-09,779.9529,784.8559,779.3927,784.2182,103961686.0
2008-09-10,782.1458,782.4972,777.6613,780.622,35088209.0
2008-09-11,782.0593,787.5592,781.9626,783.5771,45889916.0
2008-09-12,782.4017,783.2312,777.8555,779.9154,76951710.0
2008-09-15,780.8911,785.0832,780.8911,783.1759,30058115.0
2008-09-16,781.1523,782.0156,775.0209,778.5944,68879397.0
2008-09-17,778.5945,780.7249,776.1313,778.5947,94173409.0
2008-09-18,778.6398,780.3572,773.005,779.7098,78226943.0
2008-09-19,783.4195,788.9711,780.2406,788.9711,73532937.0
2008-09-22,787.8451,788.9849,783.3967,783.9338,123556111.0
2008-09-23,784.3564,787.2046,780.5195,785.0961,46523131.0
2008-09-24,786.8886,792.4501,786.3283,791.4427,55993734.0
2008-09-25,791.1582,793.5182,787.3531,790.0572,37907720.0
2008-09-26,790.953,795.0761,790.5176,794.0081,88082381.0
2008-09-29,793.9323,795.2753,790.8041,793.4787,126034222.0
2008-09-30,793.4957,795.5291,788.9073,793.6512,47994098.0
2008-10-01,791.2049,791.5419,785.0756,786.7248,66202593.0
2008-10-02,787.0441,791.8781,785.6551,791.8781,40088691.0
2008-10-03,790.3689,792.0987,784.3254,786.0467,88603431.0
2008-10-06,782.0757,782.7414,778.7048,779.2631,52785174.0
2008-10-07,780.5218,786.7564,778.2977,785.2779,93594860.0
2008-10-08,785.8241,789.7936,783.941,786.9079,65246829.0
2008-10-09,787.7765,794.3913,787.7184,791.6387,48238056.0
2008-10-10,791.574,794.4599,789.3587,791.4187,59918137.0
2008-10-13,790.8386,791.5209,784.8799,789.1113,35998292.0
2008-10-14,792.4935,796.5423,792.4935,795.5727,38442014.0
2008-10-15,793.2221,796.9179,788.3787,789.966,68023266.0
2008-10-16,790.0881,796.2013,789.6552,792.0543,64958541.0
2008-10-17,793.4869,798.5423,791.2444,797.0986,55464131.0
2008-10-20,797.6487,803.1216,797.0914,800.3356,71343652.0
2008-10-21,801.3835,804.0967,800.0601,803.3331,42907165.0
2008-10-22,803.4053,806.0429,802.1413,804.1789,58205163.0
2008-10-23,805.237,809.6449,804.1532,807.9573,47420901.0
2008-10-24,807.8637,809.6455,804.9613,807.5383,62012230.0
2008-10-27,806.5663,808.1391,803.3437,803.52,42266961.0
2008-10-28,803.6675,806.0463,800.4425,806.0177,36352944.0
2008-10-29,806.6827,811.3467,806.0345,810.0331,45132069.0
2008-10-30,810.3672,812.7538,808.7953,812.459,29639936.0
2008-10-31,813.0893,817.8958,812.8419,813.9032,118706764.0
2008-11-03,814.628,817.5243,813.6084,816.1919,86994008.0
2008-11-04,817.544,819.8591,816.575,818.3329,72353418.0
2008-11-05,819.8779,824.1735,819.6416,822.6265,65874602.0
2008-11-06,824.4333,828.7871,822.8251,827.1011,34097964.0
2008-11-07,827.0416,831.1175,825.1807,826.2138,67242655.0
2008-11-10,826.9355,828.9306,825.5016,828.2724,108905858.0
2008-11-11,829.6048,837.4647,828.7561,836.5267,102388700.0
2008-11-12,837.3785,840.6747,836.3421,840.174,51617894.0
2008-11-13,839.9243,842.1718,839.1206,839.6381,54905186.0
2008-11-14,840.3278,844.0091,839.0296,843.3259,119224751.0
2008-11-17,841.0577,841.0577,834.3284,834.3284,68401719.0
2008-11-18,832.5638,832.7291,825.6826,826.8517,39544520.0
2008-11-19,826.8811,828.7469,825.8002,826.9029,95743524.0
2008-11-20,827.0168,830.4501,825.3332,827.4731,80968377.0
2008-11-21,828.0842,833.7087,826.1014,833.7087,55087983.0
2008-11-24,833.7385,835.2291,831.6118,833.7976,72804260.0
2008-11-25,833.5047,834.9606,825.0166,830.5568,64165697.0
2008-11-26,832.3723,838.3262,831.0488,835.8238,40188656.0
2008-11-27,835.0377,835.2431,826.5063,828.7042,56431462.0
2008-11-28,828.8043,830.6565,826.5496,829.3936,76028431.0
2008-12-01,829.891,835.445,827.9866,831.5279,77586423.0
2008-12-02,829.8294,833.1207,826.6392,826.7207,67134797.0
2008-12-03,826.9173,829.7314,825.4578,827.0981,50826437.0
2008-12-04,827.0017,827.8325,821.8978,826.4706,55074569.0
2008-12-05,827.7636,831.8404,825.8169,831.1878,96658156.0
2008-12-08,830.9407,831.6195,826.2002,830.0128,82029470.0
2008-12-09,829.6756,829.6756,823.5889,827.5163,55225363.0
2008-12-10,827.3451,829.5253,824.707,826.9109,66546356.0
2008-12-11,827.6789,829.6942,825.4678,828.7508,49653996.0
2008-12-12,828.538,831.6618,825.3686,826.0755,39182192.0
2008-12-15,825.4027,825.4027,818.2792,819.1535,76975485.0
2008-12-16,822.9402,826.1317,820.385,826.1317,33873692.0
2008-12-17,827.2253,834.063,826.5346,831.926,66060302.0
2008-12-18,832.8913,837.0618,830.8853,837.0618,68761356.0
2008-12-19,836.8228,840.0384,833.5597,835.0725,70593533.0
2008-12-22,835.5723,837.2514,832.191,837.1031,70608841.0
2008-12-23,835.0429,836.2995,827.7454,828.2037,51260871.0
2008-12-24,827.0954,829.9512,823.7339,825.248,79081881.0
2008-12-25,824.9401,827.7486,821.2443,822.4835,53432248.0
2008-12-26,821.6903,824.695,818.6361,820.1831,118954972.0
2008-12-29,821.3155,823.1801,819.3889,822.3716,109665257.0
2008-12-30,820.2693,821.2374,815.366,818.0994,142852145.0
2008-12-31,818.9282,824.1757,818.2736,821.0276,40819330.0
2009-01-01,823.1214,829.7689,820.0558,828.0699,49295227.0
2009-01-02,831.2638,837.5087,830.4848,835.6729,63385305.0
2009-01-05,830.6713,831.1792,827.2031,827.2913,80041978.0
2009-01-06,827.5792,831.4186,823.0926,831.1706,77125487.0
2009-01-07,831.459,837.2787,831.0232,837.2787,59277280.0
2009-01-08,837.0769,839.838,835.1984,836.5268,80122471.0
2009-01-09,836.6555,843.7803,834.2494,837.251,44887602.0
2009-01-12,838.258,843.5743,836.6401,840.5078,42000309.0
2009-01-13,837.8046,837.8046,832.6417,835.8735,57060013.0
2009-01-14,838.2023,846.8833,836.0921,845.539,63192058.0
2009-01-15,846.2666,851.5332,841.5443,850.8566,45342310.0
2009-01-16,850.5981,852.355,846.296,848.6492,70711610.0
2009-01-19,845.9126,847.5249,842.3061,842.7585,68067425.0
2009-01-20,843.1969,846.3771,840.4383,845.322,107868734.0
2009-01-21,846.2785,851.7675,846.0583,848.5639,59481420.0
2009-01-22,847.4798,851.9108,844.5992,846.1282,44967676.0
2009-01-23,847.4551,856.0589,844.9452,855.0095,16434533.0
2009-01-26,853.6085,856.1828,850.0861,852.0023,72412497.0
2009-01-27,853.6078,859.5809,853.6078,857.0026,50452238.0
2009-01-28,857.1563,861.1923,854.0047,858.1603,56062889.0
2009-01-29,858.4518,863.1677,855.2455,859.3902,62869126.0
2009-01-30,856.7311,857.6105,851.6076,852.3517,125194149.0
2009-02-02,852.625,856.0083,851.4765,854.6141,69031372.0
2009-02-03,853.6168,854.1737,848.2475,851.1514,68958164.0
2009-02-04,852.1362,859.2252,850.9375,855.6948,57394897.0
2009-02-05,859.7449,869.9656,859.0719,867.1877,99618009.0
2009-02-06,865.8443,867.2027,859.1801,859.9791,48170133.0
2009-02-09,858.8783,860.4895,849.5371,851.5183,76652242.0
2009-02-10,852.9009,855.6161,847.7724,855.5118,71447911.0
2009-02-11,855.9992,864.1908,853.8859,858.6502,109177172.0
2009-02-12,860.8485,868.3001,858.0746,865.0186,50794078.0
2009-02-13,870.0598,876.4879,868.9073,873.6296,55292772.0
2009-02-16,870.8409,870.9196,862.9264,865.8532,70399482.0
2009-02-17,871.4427,879.0067,869.4816,878.3924,67491596.0
2009-02-18,880.6583,883.0252,878.0329,882.0568,73011166.0
2009-02-19,881.5931,883.1792,874.8495,880.8961,84738392.0
2009-02-20,880.1841,882.459,872.3555,874.0408,40394512.0
2009-02-23,876.9279,886.3004,875.5365,886.0899,52105102.0
2009-02-24,884.0614,886.7872,880.7371,881.0098,58948975.0
2009-02-25,879.2786,879.7593,868.7499,869.222,94354005.0
2009-02-26,866.865,869.0029,856.7116,860.6732,50023132.0
2009-02-27,860.1571,860.8735,853.7414,856.9937,68274459.0
2009-03-02,857.164,863.2614,855.5712,859.1256,135924787.0
2009-03-03,859.2705,863.3993,853.6784,860.2868,106675221.0
2009-03-04,858.1814,861.216,853.362,853.7212,101475602.0
2009-03-05,853.4302,858.8924,850.8951,851.9039,49201930.0
2009-03-06,851.4134,852.0922,841.953,846.4448,82701529.0
2009-03-09,847.1962,849.235,843.124,848.7023,121153034.0
2009-03-10,850.9512,856.0557,850.0393,855.5717,69377738.0
2009-03-11,856.5534,861.9988,855.0533,860.9479,103434698.0
2009-03-12,857.9348,859.9858,853.2874,854.614,48541402.0
2009-03-13,854.6319,855.9151,850.3656,854.7066,76101858.0
2009-03-16,854.9072,863.2645,854.1444,857.7061,60993805.0
2009-03-17,857.3088,857.6969,853.0791,856.7403,53000205.0
2009-03-18,857.7214,862.77,856.844,859.7398,61115706.0
2009-03-19,862.5798,876.5735,862.2746,872.9972,54681285.0
2009-03-20,872.2416,875.7841,869.2156,870.0003,91950075.0
2009-03-23,870.2281,874.7611,869.8063,873.7524,78408088.0
2009-03-24,874.3985,881.313,873.372,879.0507,100284015.0
2009-03-25,880.8842,883.1081,878.1178,882.956,23902216.0
2009-03-26,883.3884,886.2644,881.4746,884.0201,92952168.0
2009-03-27,881.6787,883.2574,868.0025,868.1966,34827259.0
2009-03-30,871.8521,879.5802,868.9805,879.2473,73129253.0
2009-03-31,879.179,881.4104,875.4822,878.3556,76077830.0
2009-04-01,881.9451,886.6589,879.8647,886.0446,39060888.0
2009-04-02,886.2879,890.2337,883.9172,886.8944,97375149.0
2009-04-03,886.1776,891.0756,883.4346,884.8294,82815963.0
2009-04-06,883.564,883.7527,875.1903,876.9858,57670107.0
2009-04-07,876.6419,881.0555,873.3408,875.6121,82377469.0
2009-04-08,874.7059,879.8467,870.9502,873.0588,129704078.0
2009-04-09,875.9476,883.2935,874.8968,882.9151,113706159.0
2009-04-10,882.9803,887.0151,881.6191,883.0881,41734250.0
2009-04-13,879.8227,882.2441,863.8258,865.0367,85647312.0
2009-04-14,862.2014,863.7845,857.3819,858.0283,60738456.0
2009-04-15,860.6114,868.1373,860.6114,864.0058,38729770.0
2009-04-16,862.7444,863.0679,853.5782,855.573,105471020.0
2009-04-17,855.938,863.179,852.0311,861.0956,69479693.0
2009-04-20,859.0478,861.7979,857.0098,857.8807,99625984.0
2009-04-21,859.1521,867.2203,859.1521,861.5594,46021862.0
2009-04-22,862.6919,872.4897,860.3392,864.9931,51765620.0
2009-04-23,865.0421,868.0541,859.9043,866.2819,72346394.0
2009-04-24,866.1867,873.3959,865.0122,865.7817,78594680.0
2009-04-27,866.9097,881.9105,866.2831,880.7853,67297828.0
2009-04-28,876.8212,876.883,871.2005,872.8598,48918123.0
2009-04-29,872.5821,875.6984,865.952,865.952,64635227.0
2009-04-30,860.3426,861.5659,856.4299,857.2838,73549843.0
2009-05-01,859.827,878.6578,859.827,874.6495,79385376.0
2009-05-04,875.1477,879.1933,871.5283,878.3396,95311555.0
2009-05-05,874.9933,875.9381,865.1083,865.5602,75976938.0
2009-05-06,865.2334,871.9528,863.0611,864.5356,72785307.0
2009-05-07,865.4206,871.1514,861.7798,866.2665,66146140.0
2009-05-08,867.039,872.2528,865.4666,868.0278,59494388.0
2009-05-11,869.76,875.0093,866.472,872.3018,83417539.0
2009-05-12,871.5666,875.0931,867.0217,869.2055,39259722.0
2009-05-13,870.5749,876.0193,866.9644,873.8987,82952409.0
2009-05-14,874.601,882.8243,874.0979,875.9171,78265318.0
2009-05-15,876.3118,884.1392,875.5792,879.2424,88980541.0
2009-05-18,876.8681,883.1435,873.489,874.4193,67010910.0
2009-05-19,874.5717,877.298,867.5608,874.9358,58090091.0
2009-05-20,875.9065,881.487,875.7558,880.3786,67402603.0
2009-05-21,880.0775,882.4766,873.2893,876.5,40897775.0
2009-05-22,878.6476,880.9668,877.7366,880.3372,91547135.0
2009-05-25,879.5752,885.2746,876.7892,877.1405,74331586.0
2009-05-26,877.3957,883.1815,875.7879,883.1815,179623645.0
2009-05-27,882.8088,884.1666,878.594,882.2699,53856214.0
2009-05-28,881.0178,881.7596,877.4478,879.5267,67034889.0
2009-05-29,879.1275,880.9479,873.3416,874.6788,95195401.0
2009-06-01,875.4534,881.0212,873.6667,878.3465,72808472.0
2009-06-02,881.145,887.7028,879.1938,887.3557,108222376.0
2009-06-03,887.869,892.9313,886.75,889.097,74033046.0
2009-06-04,890.4416,899.5783,890.1586,898.1796,48307998.0
2009-06-05,895.732,895.8781,890.464,894.1363,59028732.0
2009-06-08,893.0113,894.3679,888.8818,891.4038,74728520.0
2009-06-09,891.5367,893.6192,888.306,893.1015,77263114.0
2009-06-10,891.8018,892.6546,882.9307,884.186,82568245.0
2009-06-11,884.2483,888.9751,883.2663,884.5095,84650663.0
2009-06-12,883.5531,884.9805,877.2258,878.1943,74221212.0
2009-06-15,877.6399,878.6091,871.3503,873.8367,69679635.0
2009-06-16,872.7995,875.0381,868.0478,870.027,63777039.0
2009-06-17,868.007,869.5088,853.5257,854.0323,71818317.0
2009-06-18,853.2847,855.0942,850.2651,851.9944,53694602.0
2009-06-19,851.2053,851.437,841.9365,848.2496,58287322.0
2009-06-22,846.3933,849.0441,839.2752,840.2831,61385221.0
2009-06-23,840.5911,847.137,838.5515,841.5737,49977990.0
2009-06-24,842.3477,846.7999,839.5425,844.5334,54622956.0
2009-06-25,845.521,849.3753,842.6419,848.0883,99117979.0
2009-06-26,848.0323,853.373,845.7244,847.8762,84218608.0
2009-06-29,847.396,849.5251,842.0612,845.472,34972877.0
2009-06-30,845.042,851.6704,841.6995,843.6942,95562051.0
2009-07-01,846.4216,855.8485,845.7921,851.6231,53455620.0
2009-07-02,854.6628,859.2321,852.6343,857.3871,60588987.0
2009-07-03,851.999,854.1915,847.2247,847.3322,80872314.0
2009-07-06,847.6962,853.6064,843.5181,848.6878,55599685.0
2009-07-07,845.548,847.1166,841.5296,841.5296,88764413.0
2009-07-08,839.5328,840.8702,835.6993,838.3254,54817404.0
2009-07-09,839.264,843.349,834.73,841.7798,54556969.0
2009-07-10,844.2003,853.8713,842.3125,852.51,129423818.0
2009-07-13,855.7779,861.2953,854.655,859.1133,67090999.0
2009-07-14,857.5167,859.1145,849.5886,854.3262,110339992.0
2009-07-15,854.4119,856.0864,851.0357,855.2655,82876032.0
2009-07-16,854.7086,857.865,853.3918,853.6207,82162648.0
2009-07-17,853.1634,854.2159,847.19,851.2448,64620007.0
2009-07-20,851.0547,853.5902,844.1215,845.4175,66167427.0
2009-07-21,843.6958,845.2174,837.7769,838.9155,75615931.0
2009-07-22,839.3909,847.419,836.9157,840.9183,69463402.0
2009-07-23,841.7602,843.5682,838.1435,842.542,39045007.0
2009-07-24,852.051,863.7389,852.051,863.2183,67875351.0
2009-07-27,864.2644,867.1875,859.6538,865.2087,74338445.0
2009-07-28,865.0416,868.6114,864.133,864.3051,166436141.0
2009-07-29,864.337,869.2744,862.043,864.4264,54612117.0
2009-07-30,864.7295,872.8539,862.4893,867.3244,85080521.0
2009-07-31,864.8262,865.3382,853.042,853.1145,58881187.0
2009-08-03,854.1954,863.6099,851.904,862.8493,44466872.0
2009-08-04,862.8883,868.8977,859.8188,862.9333,53732185.0
2009-08-05,863.5288,871.5738,861.5881,864.437,75418313.0
2009-08-06,866.3247,870.6617,866.1648,870.014,39129278.0
2009-08-07,866.3385,867.9775,861.7908,862.3697,56128911.0
2009-08-10,861.6351,863.6675,857.9197,860.6648,83132352.0
2009-08-11,860.6924,861.5554,856.3891,860.8076,87785450.0
2009-08-12,863.1445,866.6064,860.414,866.6064,54194153.0
2009-08-13,867.077,868.6159,859.7177,867.6304,27912108.0
2009-08-14,867.7912,871.7397,866.8173,868.2729,61807023.0
2009-08-17,868.0479,871.054,865.1113,865.7304,69388813.0
2009-08-18,870.9697,884.1571,870.7903,883.6656,60232127.0
2009-08-19,884.3992,893.7445,884.1893,890.6712,90385446.0
2009-08-20,892.4484,897.4668,891.6188,897.4668,64315042.0
2009-08-21,897.3985,897.5517,890.7334,896.6063,64910022.0
2009-08-24,897.8895,901.0051,893.2529,900.4439,53182574.0
2009-08-25,903.6366,911.8564,903.503,907.0668,65631684.0
2009-08-26,907.3373,909.6477,903.5017,908.6264,56475856.0
2009-08-27,908.4094,913.2028,906.8459,908.0015,82583486.0
2009-08-28,908.0072,908.9725,901.5878,908.0193,49874589.0
2009-08-31,908.5489,915.5199,907.0027,912.2535,51479488.0
2009-09-01,911.9921,915.2492,909.2618,911.4317,101444793.0
2009-09-02,902.626,903.1067,889.4056,889.5014,40464940.0
2009-09-03,894.5903,906.027,894.5903,903.9523,100998047.0
2009-09-04,904.2666,912.5416,902.4491,907.5628,89543072.0
2009-09-07,907.9569,913.9824,906.4008,908.9463,50724896.0
2009-09-08,908.6274,912.5537,904.567,904.567,49776232.0
2009-09-09,904.8265,909.4351,899.6596,907.7045,82862089.0
2009-09-10,904.2788,907.8624,895.1268,896.2467,42587718.0
2009-09-11,896.7221,904.2591,895.1645,898.5313,33826148.0
2009-09-14,898.7841,900.9944,891.6458,899.141,57139862.0
2009-09-15,899.9094,910.8457,897.3292,910.4433,92813331.0
2009-09-16,918.294,925.0635,912.3594,924.8486,68024382.0
2009-09-17,924.8465,929.3545,923.1257,924.8011,68289654.0
2009-09-18,926.4209,932.1702,923.304,930.3053,53008577.0
2009-09-21,929.8742,934.3944,918.3965,918.3965,73621941.0
2009-09-22,918.2998,923.597,915.4935,917.9653,32773563.0
2009-09-23,921.1918,926.8366,917.6537,926.6125,48141513.0
2009-09-24,925.8829,926.4308,913.8866,922.7348,42838361.0
2009-09-25,922.7924,927.0908,917.3928,923.1008,104346195.0
2009-09-28,928.2639,933.4237,927.997,932.8062,39821187.0
2009-09-29,929.4048,931.0873,923.9485,924.2409,44679311.0
2009-09-30,923.9082,924.8332,918.3338,923.713,52963397.0
2009-10-01,923.8344,933.1593,918.3689,926.0026,55321028.0
2009-10-02,926.5032,932.4004,924.7686,931.0051,68280597.0
2009-10-05,933.8547,942.3692,930.9294,940.4761,36034124.0
2009-10-06,940.2527,947.8458,937.7651,939.1007,98174973.0
2009-10-07,938.956,945.9602,935.3766,938.0215,46014912.0
2009-10-08,939.829,944.0547,938.5153,941.535,63181650.0
2009-10-09,940.8592,942.6933,937.1954,939.6687,62686942.0
2009-10-12,940.3934,943.1489,937.7997,941.2202,89353975.0
2009-10-13,941.38,948.806,939.8726,944.2053,74607130.0
2009-10-14,944.7964,947.4073,939.9309,945.4689,43242518.0
2009-10-15,946.826,954.8402,946.3111,953.1698,43429138.0
2009-10-16,953.6075,961.6091,949.6206,956.1495,39001294.0
2009-10-19,954.8096,956.9248,949.3284,953.2324,37653211.0
2009-10-20,953.8924,955.0025,949.7216,955.0025,61917274.0
2009-10-21,955.1182,962.5279,954.1352,959.0323,64337541.0
2009-10-22,959.6517,965.6739,957.697,963.6011,59877882.0
2009-10-23,962.2201,962.5599,957.5838,960.7615,81722586.0
2009-10-26,957.9776,957.9923,952.6024,955.1267,105322581.0
2009-10-27,957.2868,961.1324,955.544,960.2361,66286144.0
2009-10-28,960.0875,965.2429,957.6132,958.906,78657390.0
2009-10-29,959.1209,964.5909,958.6318,959.3998,59603514.0
2009-10-30,959.2839,963.2075,957.1309,958.9812,81376314.0
2009-11-02,959.8936,969.7844,958.1155,967.8799,47295703.0
2009-11-03,967.9633,973.763,966.9708,969.1744,38344691.0
2009-11-04,970.6989,980.1587,970.6546,978.0021,64194704.0
2009-11-05,980.5021,990.1532,980.1691,986.851,42382892.0
2009-11-06,991.4105,997.459,989.7252,995.8416,29577702.0
2009-11-09,996.6993,999.5746,994.1661,998.7792,69408622.0
2009-11-10,1003.089,1010.2847,1001.8829,1010.2847,76741547.0
2009-11-11,1010.5848,1013.3665,1006.035,1011.184,46947597.0
2009-11-12,1012.4734,1016.6724,1010.6047,1015.2815,54844441.0
2009-11-13,1015.3475,1020.3297,1013.5816,1015.7166,76658982.0
2009-11-16,1015.7288,1020.8448,1014.7005,1018.538,82112923.0
2009-11-17,1019.027,1025.3233,1018.5415,1021.9742,42606767.0
2009-11-18,1022.6401,1029.3177,1022.6401,1028.0739,57802027.0
2009-11-19,1027.7173,1033.3067,1025.4521,1026.9385,82268642.0
2009-11-20,1028.0955,1029.4574,1024.2935,1029.2929,68618864.0
2009-11-23,1029.686,1035.1369,1027.2708,1033.6704,36044801.0
2009-11-24,1033.2543,1036.919,1030.31,1031.6549,76949197.0
2009-11-25,1033.3578,1039.811,1032.9901,1036.9056,118254041.0
2009-11-26,1037.7078,1042.4597,1036.078,1040.9343,73066566.0
2009-11-27,1040.5762,1042.6218,1035.6569,1039.6147,70698283.0
2009-11-30,1040.4345,1045.9651,1038.79,1042.6578,49552553.0
2009-12-01,1044.5569,1058.144,1043.6668,1054.6607,58568789.0
2009-12-02,1053.6957,1055.1996,1050.4104,1051.7898,47247415.0
2009-12-03,1052.2052,1059.0515,1052.1186,1054.903,75498501.0
2009-12-04,1055.2749,1059.5481,1052.6902,1056.1608,38932229.0
2009-12-07,1055.5507,1058.5991,1051.5002,1052.9396,100775440.0
2009-12-08,1052.1562,1053.9673,1048.7298,1050.827,61650776.0
2009-12-09,1050.9178,1055.5645,1048.3404,1053.0123,54760277.0
2009-12-10,1052.76,1053.7319,1047.2992,1051.4343,104989949.0
2009-12-11,1050.8632,1053.1961,1046.8972,1049.2003,72210667.0
2009-12-14,1048.684,1051.737,1047.4414,1047.4414,66279984.0
2009-12-15,1045.6898,1046.5748,1037.7457,1039.7824,82321550.0
2009-12-16,1041.1615,1048.5449,1039.6256,1047.1354,83866163.0
2009-12-17,1045.3364,1048.0066,1041.5194,1042.0727,52866564.0
2009-12-18,1039.3152,1040.0028,1034.941,1035.3306,49492318.0
2009-12-21,1032.3251,1032.899,1026.1716,1027.7628,32642838.0
2009-12-22,1031.6015,1036.9312,1031.2678,1036.3185,63374165.0
2009-12-23,1037.1697,1046.2945,1034.5237,1044.1934,24152520.0
2009-12-24,1042.5234,1043.3625,1030.5197,1030.5197,53087031.0
2009-12-25,1027.1059,1035.599,1014.6991,1014.6991,94446443.0
2009-12-28,1014.5274,1017.9381,1012.2853,1014.1135,42640733.0
2009-12-29,1013.374,1016.889,1010.6193,1011.1876,54572249.0
2009-12-30,1019.3126,1026.3245,1016.1893,1025.8947,45076384.0
2009-12-31,1024.932,1028.4656,1018.0882,1023.4568,58011854.0
2010-01-01,1024.2773,1040.2128,1024.201,1033.3285,49529064.0
2010-01-04,1033.5871,1043.937,1032.4255,1034.2567,75958621.0
2010-01-05,1034.5096,1044.313,1032.2246,1038.3745,57069008.0
2010-01-06,1040.3961,1050.7113,1037.783,1049.1163,84335250.0
2010-01-07,1051.0352,1060.6039,1050.3545,1058.2798,61023033.0
2010-01-08,1063.0847,1074.883,1060.6512,1074.883,47625383.0
2010-01-11,1073.0884,1074.6816,1061.5008,1065.9938,39997853.0
2010-01-12,1066.8047,1075.7615,1064.9388,1070.6513,74243230.0
2010-01-13,1071.786,1079.1553,1070.209,1078.1866,85741467.0
2010-01-14,1078.0018,1083.1743,1065.2997,1068.8382,86892655.0
2010-01-15,1069.7433,1075.1077,1064.7316,1072.7483,48258481.0
2010-01-18,1073.5355,1080.8186,1070.1974,1076.6738,102390494.0
2010-01-19,1076.2817,1079.5218,1069.5177,1073.5844,69856738.0
2010-01-20,1074.1643,1075.0145,1066.6987,1074.89,40829616.0
2010-01-21,1072.4087,1074.9087,1068.3622,1068.9819,45096847.0
2010-01-22,1068.7751,1071.9735,1065.2512,1067.8625,90147863.0
2010-01-25,1067.9515,1071.1713,1065.2729,1068.1601,123273597.0
2010-01-26,1067.9622,1070.5901,1062.7659,1066.4581,88538260.0
2010-01-27,1063.8462,1063.8462,1056.0178,1059.7768,46663674.0
2010-01-28,1066.1227,1087.4303,1065.3495,1086.9608,79431851.0
2010-01-29,1086.6409,1089.9945,1083.4392,1085.4961,63318363.0
2010-02-01,1088.2922,1093.718,1083.4336,1092.9786,41020922.0
2010-02-02,1093.9608,1098.8916,1091.0973,1095.3171,90317345.0
2010-02-03,1095.8968,1101.8148,1092.596,1099.2383,36927657.0
2010-02-04,1100.2914,1103.7176,1094.0111,1103.0158,43055468.0
2010-02-05,1102.9592,1104.5551,1096.6498,1102.8491,64758255.0
2010-02-08,1105.4153,1110.7939,1103.2305,1108.5288,24973279.0
2010-02-09,1109.8072,1118.2964,1108.387,1116.4033,76227919.0
2010-02-10,1118.0583,1123.9874,1116.1299,1122.6061,107536249.0
2010-02-11,1127.425,1138.3104,1127.1422,1135.5806,114552426.0
2010-02-12,1138.1223,1150.8055,1136.3963,1147.8236,79897807.0
2010-02-15,1147.1037,1147.3581,1137.1133,1140.5499,78320049.0
2010-02-16,1139.2464,1142.6478,1136.7159,1136.7159,86527766.0
2010-02-17,1137.3594,1142.7752,1136.1605,1139.5427,131840566.0
2010-02-18,1140.2351,1151.6748,1137.6585,1150.9539,60266196.0
2010-02-19,1147.5953,1147.6872,1136.5517,1141.9601,98668142.0
2010-02-22,1140.8019,1142.8899,1134.0774,1134.4733,40137566.0
2010-02-23,1139.0626,1145.0482,1137.0801,1144.7359,42100247.0
2010-02-24,1145.0392,1147.9914,1139.779,1145.6921,64029616.0
2010-02-25,1148.4875,1160.0016,1146.9172,1155.9604,24791452.0
2010-02-26,1155.3985,1157.507,1150.2672,1151.2148,67790785.0
2010-03-01,1156.3021,1159.5255,1152.0454,1159.5255,53943164.0
2010-03-02,1164.0075,1172.4238,1164.0075,1172.4238,42101063.0
2010-03-03,1168.3995,1170.5105,1160.2979,1162.328,98085095.0
2010-03-04,1165.4338,1186.794,1165.4338,1186.3471,111525824.0
2010-03-05,1189.8621,1191.8932,1188.5628,1191.3248,94896724.0
2010-03-08,1191.6828,1198.241,1190.3264,1196.503,60694642.0
2010-03-09,1205.4319,1223.731,1203.1299,1223.658,97930624.0
2010-03-10,1222.9978,1224.9549,1215.0172,1222.4829,75470450.0
2010-03-11,1215.8083,1217.0291,1210.3283,1211.5467,110113308.0
2010-03-12,1213.1122,1223.5053,1211.9688,1220.326,74070274.0
2010-03-15,1215.8638,1217.6221,1207.0616,1212.5127,70871884.0
2010-03-16,1205.7444,1211.0525,1183.4659,1183.8026,86427815.0
2010-03-17,1186.3953,1193.7847,1179.2974,1189.9749,102490377.0
2010-03-18,1195.2207,1202.307,1190.9609,1201.4441,68633410.0
2010-03-19,1201.6758,1203.7529,1194.3827,1202.688,124187525.0
2010-03-22,1207.0506,1216.2818,1203.198,1214.4538,83279853.0
2010-03-23,1214.6106,1227.2205,1211.8505,1215.559,108640035.0
2010-03-24,1218.1473,1223.6853,1214.3706,1220.6721,61566871.0
2010-03-25,1223.3466,1240.4787,1222.7267,1229.9205,67536538.0
2010-03-26,1228.0776,1231.6292,1220.0016,1225.0336,61098948.0
2010-03-29,1221.3159,1221.3159,1207.0279,1210.4032,43829504.0
2010-03-30,1210.5889,1212.4664,1195.3993,1211.7749,52797803.0
2010-03-31,1211.7867,1213.2139,1201.9031,1212.1096,61902691.0
2010-04-01,1209.4543,1217.7468,1207.1338,1207.1338,32923153.0
2010-04-02,1209.0005,1219.9169,1205.9531,1212.5119,75559775.0
2010-04-05,1212.5627,1218.0859,1206.2151,1214.5253,41491278.0
2010-04-06,1217.8747,1224.3967,1216.3468,1220.6462,101783311.0
2010-04-07,1224.7577,1228.8973,1220.4454,1228.8973,69456471.0
2010-04-08,1230.0017,1232.0496,1228.0526,1231.5784,106749305.0
2010-04-09,1230.2499,1231.8068,1223.2284,1228.9439,85799484.0
2010-04-12,1241.8362,1253.4334,1237.8672,1252.1972,52443823.0
2010-04-13,1252.1076,1260.8717,1247.0108,1247.4222,60106021.0
2010-04-14,1247.221,1251.0482,1240.6072,1244.4241,90089503.0
2010-04-15,1251.7238,1259.295,1248.9241,1258.2316,64152980.0
2010-04-16,1259.846,1263.9463,1253.5987,1262.1291,45527972.0
2010-04-19,1262.5558,1266.8839,1257.682,1265.1381,91774734.0
2010-04-20,1265.3001,1268.2287,1261.2558,1265.7427,69888932.0
2010-04-21,1271.0565,1279.4982,1264.3541,1279.0904,95375907.0
2010-04-22,1278.0572,1283.8927,1273.201,1275.7265,62487781.0
2010-04-23,1276.3743,1282.9343,1272.8595,1277.7028,58148082.0
2010-04-26,1276.1337,1278.0384,1268.679,1268.7555,57513611.0
2010-04-27,1270.7668,1282.8783,1270.7652,1276.7774,57913698.0
2010-04-28,1279.0218,1297.8735,1276.5157,1294.0765,89719286.0
2010-04-29,1301.2623,1319.9201,1300.7933,1311.6707,80181657.0
2010-04-30,1310.4936,1315.3712,1303.5327,1305.2073,76632652.0
2010-05-03,1304.464,1306.3473,1287.5783,1290.7079,60567432.0
2010-05-04,1291.0305,1296.3129,1288.6429,1291.4758,63888296.0
2010-05-05,1291.5742,1302.0701,1286.0084,1299.7309,28128557.0
2010-05-06,1291.9758,1293.9612,1274.6152,1278.4404,86764980.0
2010-05-07,1285.4688,1302.45,1284.4183,1301.1716,114524740.0
2010-05-10,1301.3384,1318.7994,1299.585,1315.3499,72635275.0
2010-05-11,1310.2597,1313.7328,1302.8475,1303.762,49286794.0
2010-05-12,1305.9075,1322.31,1305.7712,1312.9842,108036723.0
2010-05-13,1312.7383,1315.0462,1298.0828,1303.0829,39347730.0
2010-05-14,1302.1877,1304.5468,1290.2344,1298.0982,60329676.0
2010-05-17,1299.1322,1308.3609,1298.8543,1303.2479,53186191.0
2010-05-18,1306.7106,1319.8134,1303.0843,1319.307,60130687.0
2010-05-19,1321.6655,1327.6704,1317.824,1324.5451,49684980.0
2010-05-20,1324.3319,1328.6442,1318.6016,1323.8374,57252345.0
2010-05-21,1325.7833,1339.1963,1322.9098,1330.4784,88043250.0
2010-05-24,1335.9756,1350.3639,1335.3449,1346.5031,77833434.0
2010-05-25,1345.8391,1348.6676,1339.9907,1344.3841,106412621.0
2010-05-26,1337.9298,1339.2853,1318.754,1320.7506,41953593.0
2010-05-27,1322.5109,1342.064,1322.1751,1339.8849,50669525.0
2010-05-28,1339.133,1344.4751,1334.7729,1336.7972,39291273.0
2010-05-31,1341.0417,1354.0552,1340.8434,1350.5817,119223365.0
2010-06-01,1354.5401,1371.3254,1349.6456,1366.7885,57947119.0
2010-06-02,1367.7751,1377.9912,1364.9924,1371.6158,77883721.0
2010-06-03,1372.8973,1390.4597,1371.6353,1389.1243,61057360.0
2010-06-04,1390.693,1405.648,1390.1963,1393.7205,44723890.0
2010-06-07,1390.6576,1393.3301,1382.4331,1383.5829,67349185.0
2010-06-08,1368.9837,1370.9483,1359.475,1360.6743,81878569.0
2010-06-09,1356.9132,1361.4562,1342.3745,1345.3021,60288355.0
2010-06-10,1333.6256,1334.021,1318.6676,1318.6676,37731908.0
2010-06-11,1319.9426,1334.0931,1311.252,1329.1621,103989544.0
2010-06-14,1323.2435,1330.4736,1315.2302,1315.2302,95278120.0
2010-06-15,1315.2594,1333.2636,1314.127,1316.5116,74305024.0
2010-06-16,1314.3593,1316.4086,1304.3667,1311.6992,73780903.0
2010-06-17,1305.4087,1309.8011,1278.4296,1278.4692,32179284.0
2010-06-18,1278.7894,1296.2517,1273.7757,1279.7009,87590073.0
2010-06-21,1276.4196,1286.4535,1268.3835,1268.926,78554804.0
2010-06-22,1268.8937,1281.4225,1263.9521,1267.8509,57157219.0
2010-06-23,1264.3155,1272.2461,1248.523,1252.0998,78347605.0
2010-06-24,1250.686,1252.4216,1236.6456,1244.2395,61009171.0
2010-06-25,1244.5473,1251.1814,1237.9766,1245.472,74951359.0
2010-06-28,1231.358,1234.0619,1213.7776,1214.6547,64501232.0
2010-06-29,1216.3603,1226.3891,1203.771,1220.588,99544634.0
2010-06-30,1223.0827,1242.7051,1202.635,1240.7663,140628485.0
2010-07-01,1236.8914,1244.8556,1223.9081,1227.1308,70431316.0
2010-07-02,1228.06,1250.7815,1226.0613,1240.5415,109057059.0
2010-07-05,1240.1042,1250.1683,1233.5408,1237.5082,61597523.0
2010-07-06,1238.3767,1243.7985,1234.0693,1240.5517,70900119.0
2010-07-07,1239.7894,1240.8906,1227.7132,1237.2844,60094200.0
2010-07-08,1231.015,1238.1719,1221.1546,1223.0808,37384846.0
2010-07-09,1211.8593,1214.4898,1193.9257,1200.8355,96689557.0
2010-07-12,1198.1668,1198.2154,1190.0663,1192.0821,54066293.0
2010-07-13,1192.0499,1192.3258,1180.1913,1191.6283,85236772.0
2010-07-14,1192.188,1197.312,1186.903,1196.724,27371976.0
2010-07-15,1196.6417,1200.5017,1185.6421,1196.1118,105386701.0
2010-07-16,1199.1234,1208.7534,1196.976,1206.4761,51947499.0
2010-07-19,1213.3447,1215.957,1207.5275,1215.957,60361607.0
2010-07-20,1217.512,1226.2846,1210.6532,1224.1887,74666368.0
2010-07-21,1224.4337,1231.1646,1215.4143,1225.2986,94711357.0
2010-07-22,1223.6493,1231.4709,1215.6072,1219.1904,104312436.0
2010-07-23,1224.6074,1236.2987,1224.6074,1231.2135,51045333.0
2010-07-26,1232.9257,1239.9883,1226.6808,1239.6827,61534289.0
2010-07-27,1241.5295,1247.6189,1238.9186,1245.8386,33981918.0
2010-07-28,1249.349,1258.1928,1247.4252,1256.4956,80553295.0
2010-07-29,1256.0977,1258.8375,1250.6961,1254.8252,78588522.0
2010-07-30,1265.7084,1274.4741,1264.4234,1274.455,89463196.0
2010-08-02,1276.0015,1286.6547,1274.3808,1283.2893,43789037.0
2010-08-03,1285.2542,1300.1529,1278.8272,1292.1323,77099210.0
2010-08-04,1293.2361,1298.5028,1289.1703,1295.5287,82210140.0
2010-08-05,1294.2342,1298.7177,1281.335,1282.0222,104613970.0
2010-08-06,1290.9931,1305.0896,1290.5792,1304.6481,72428066.0
2010-08-09,1302.7221,1308.5673,1296.4286,1298.7179,63791382.0
2010-08-10,1296.5042,1304.2516,1290.3919,1291.9158,45942884.0
2010-08-11,1293.6792,1303.2266,1289.9009,1302.062,67664262.0
2010-08-12,1302.821,1315.1877,1298.8151,1310.2601,30272596.0
2010-08-13,1313.9476,1329.2489,1312.5002,1326.2222,90668582.0
2010-08-16,1329.6566,1344.3143,1327.1991,1340.1098,39789097.0
2010-08-17,1340.2182,1342.8571,1336.8628,1340.6594,32913275.0
2010-08-18,1343.4853,1352.4625,1338.5594,1350.0532,115205418.0
2010-08-19,1350.0989,1358.9712,1347.1637,1350.1663,123585914.0
2010-08-20,1349.2939,1350.1533,1338.3005,1340.5068,45198070.0
2010-08-23,1340.2386,1353.7627,1335.3189,1337.6676,35506821.0
2010-08-24,1337.6375,1338.9894,1330.6626,1337.5288,110619404.0
2010-08-25,1336.5591,1339.7119,1329.186,1332.9319,63317729.0
2010-08-26,1338.1882,1354.7556,1337.4418,1353.0394,121018978.0
2010-08-27,1352.8349,1354.524,1346.4551,1352.402,79001176.0
2010-08-30,1355.9334,1364.6767,1352.4316,1363.9493,50865555.0
2010-08-31,1363.9914,1374.2632,1361.6905,1364.3078,76039859.0
2010-09-01,1363.832,1369.5381,1358.1737,1359.7581,55831057.0
2010-09-02,1362.2117,1377.1031,1360.0311,1376.2565,37673776.0
2010-09-03,1375.3812,1379.8843,1370.6759,1374.5349,150452862.0
2010-09-06,1375.4095,1384.044,1372.5042,1380.6048,79037099.0
2010-09-07,1386.3021,1392.9069,1385.3172,1388.7955,71350533.0
2010-09-08,1389.0756,1392.5911,1381.8937,1389.7971,52622961.0
2010-09-09,1390.4295,1398.0788,1387.3034,1395.3649,55179509.0
2010-09-10,1395.4282,1402.54,1391.3953,1395.837,46518484.0
2010-09-13,1386.6154,1387.03,1371.7452,1371.9803,54399754.0
2010-09-14,1371.5886,1377.0067,1361.9907,1364.3881,68387762.0
2010-09-15,1365.9492,1381.2455,1365.856,1380.1915,75247091.0
2010-09-16,1380.2323,1383.9349,1365.8503,1380.5399,77022272.0
2010-09-17,1379.2402,1381.0716,1372.8521,1374.8567,80790782.0
2010-09-20,1376.191,1384.4943,1371.2306,1381.4245,88409311.0
2010-09-21,1382.288,1391.839,1381.417,1384.1495,57764360.0
2010-09-22,1382.8934,1387.4606,1376.6017,1378.9828,69155334.0
2010-09-23,1378.772,1379.6156,1369.1574,1378.2002,46609192.0
2010-09-24,1378.6188,1382.142,1371.2459,1381.3479,68871018.0
2010-09-27,1375.9151,1375.9924,1364.7327,1366.7204,91371131.0
2010-09-28,1361.8079,1363.5706,1354.3054,1356.742,100594094.0
2010-09-29,1355.6487,1357.4587,1345.8316,1346.1153,102955403.0
2010-09-30,1345.2674,1345.726,1337.2498,1341.3016,97938986.0
2010-10-01,1338.2768,1341.8125,1320.6693,1321.6224,57287426.0
2010-10-04,1327.5047,1335.8356,1325.8498,1333.5384,64677536.0
2010-10-05,1333.921,1341.6829,1329.7526,1340.6552,111176090.0
2010-10-06,1343.4879,1358.7306,1335.5547,1358.0813,115118522.0
2010-10-07,1360.6911,1370.0144,1357.1258,1364.61,91937833.0
2010-10-08,1367.4779,1386.249,1367.4779,1386.249,59684431.0
2010-10-11,1386.9023,1397.8766,1379.3791,1393.8216,130081939.0
2010-10-12,1388.1673,1388.8735,1370.2518,1370.844,45583607.0
2010-10-13,1371.1786,1380.0372,1364.4519,1372.5949,89459210.0
2010-10-14,1372.2706,1385.5384,1364.9158,1371.5011,49804716.0
2010-10-15,1366.8034,1373.8826,1351.1487,1356.9494,57524030.0
2010-10-18,1358.2561,1361.9053,1347.6743,1360.5449,42949411.0
2010-10-19,1363.7678,1369.2586,1357.578,1368.2481,46673232.0
2010-10-20,1365.1304,1372.8157,1363.0563,1363.0563,51304994.0
2010-10-21,1363.1027,1370.1807,1357.6218,1363.2884,51204006.0
2010-10-22,1360.8471,1360.8851,1345.2454,1352.2866,63355682.0
2010-10-25,1353.1845,1356.5378,1346.1994,1355.5095,76891716.0
2010-10-26,1356.4223,1362.4013,1349.2372,1361.7992,44090586.0
2010-10-27,1369.0357,1377.5414,1368.8776,1371.8673,43985032.0
2010-10-28,1370.6012,1377.8155,1368.847,1369.7001,93998526.0
2010-10-29,1369.8213,1378.582,1363.3701,1370.9993,64072599.0
2010-11-01,1373.6043,1382.6454,1369.9213,1377.6411,153165854.0
2010-11-02,1381.1394,1389.4228,1379.195,1386.9082,61585244.0
2010-11-03,1387.7905,1402.8741,1378.032,1397.1634,67504734.0
2010-11-04,1392.3355,1393.3197,1367.274,1370.3505,80588492.0
2010-11-05,1369.9004,1375.2176,1361.5731,1366.6636,58104680.0
2010-11-08,1365.2133,1370.2282,1361.6947,1364.1638,45141351.0
2010-11-09,1367.8431,1378.8546,1365.3703,1377.5264,91226129.0
2010-11-10,1376.4869,1380.1054,1370.7167,1375.3583,96021433.0
2010-11-11,1374.5833,1381.3976,1373.1964,1373.7584,53041222.0
2010-11-12,1381.6042,1394.3238,1377.0818,1394.3238,52169762.0
2010-11-15,1399.4391,1410.4421,1393.0198,1410.2083,64155404.0
2010-11-16,1413.3521,1421.6054,1409.9678,1421.2074,50553341.0
2010-11-17,1423.6323,1445.8309,1419.2593,1440.6922,53798408.0
2010-11-18,1441.3153,1444.9411,1435.0018,1443.6001,48982197.0
2010-11-19,1444.8167,1448.5826,1440.1195,1446.6665,76435381.0
2010-11-22,1446.9917,1465.5229,1442.8515,1464.7515,40360733.0
2010-11-23,1461.5348,1467.6902,1456.1825,1456.8123,94509706.0
2010-11-24,1463.1828,1477.1318,1461.3498,1475.7791,64514933.0
2010-11-25,1474.8061,1479.0041,1466.6801,1472.5531,95240429.0
2010-11-26,1474.4145,1478.1166,1470.4278,1475.1834,56505561.0
2010-11-29,1466.9599,1467.2113,1457.1118,1457.1118,46559845.0
2010-11-30,1457.2201,1468.227,1455.9026,1458.641,51007628.0
2010-12-01,1460.8627,1469.3501,1459.4083,1468.7819,75430114.0
2010-12-02,1468.1175,1472.5966,1457.3955,1457.6251,74568497.0
2010-12-03,1458.9002,1472.9791,1454.4826,1466.259,107695971.0
2010-12-06,1466.2852,1476.2451,1464.0231,1466.3428,51868714.0
2010-12-07,1465.2713,1467.1023,1449.4097,1459.8289,80610752.0
2010-12-08,1461.3727,1476.0579,1460.0285,1470.7132,56558307.0
2010-12-09,1470.6519,1471.3201,1463.6333,1470.4769,56015137.0
2010-12-10,1474.6088,1488.6673,1472.1364,1486.2034,26160737.0
2010-12-13,1476.9573,1476.9573,1463.7522,1465.4601,64747924.0
2010-12-14,1465.2195,1468.1512,1450.4336,1456.638,53845754.0
2010-12-15,1459.8895,1475.3735,1459.3273,1474.9076,66175752.0
2010-12-16,1475.1554,1480.5074,1467.1746,1479.2072,49250580.0
2010-12-17,1479.0694,1479.6037,1470.0717,1478.5271,56057943.0
2010-12-20,1486.1598,1494.1173,1482.8495,1492.5931,67950460.0
2010-12-21,1492.3273,1496.1603,1486.7408,1491.3954,57605856.0
2010-12-22,1492.8891,1496.2708,1483.0462,1495.8235,31697176.0
2010-12-23,1494.9428,1500.4551,1491.9209,1493.6103,73660324.0
2010-12-24,1495.5169,1502.17,1495.1089,1496.567,63308259.0
2010-12-27,1494.2803,1496.0312,1474.0049,1476.3827,62508216.0
2010-12-28,1475.5134,1482.0248,1469.4087,1470.5764,59011691.0
2010-12-29,1471.996,1482.3759,1470.7171,1474.6471,52234052.0
2010-12-30,1470.9048,1471.6915,1457.9568,1463.4537,49572057.0
2010-12-31,1462.3815,1462.3815,1446.9697,1451.1027,87728597.0
2011-01-03,1444.88,1449.0382,1431.5542,1431.8606,91467429.0
2011-01-04,1432.9763,1443.8739,1428.879,1441.8753,80269733.0
2011-01-05,1437.3236,1437.3835,1430.2598,1434.0067,51241907.0
2011-01-06,1432.5443,1444.8512,1431.278,1431.278,55645587.0
2011-01-07,1434.0496,1443.6712,1429.4328,1441.0002,84341302.0
2011-01-10,1442.7564,1460.3143,1442.3272,1449.5927,69659577.0
2011-01-11,1449.3769,1456.0025,1446.8533,1449.1421,59964148.0
2011-01-12,1448.9753,1452.8383,1444.4139,1448.808,52665056.0
2011-01-13,1449.2166,1460.7502,1445.4007,1452.4862,55838844.0
2011-01-14,1454.8788,1466.1761,1453.2613,1462.8394,68223366.0
2011-01-17,1467.2775,1471.4681,1463.7641,1469.7307,73654660.0
2011-01-18,1471.9519,1481.4769,1471.9519,1476.4385,64341686.0
2011-01-19,1476.5046,1482.3122,1470.5627,1477.5218,108574053.0
2011-01-20,1484.7483,1501.079,1484.3172,1499.703,76726868.0
2011-01-21,1499.4795,1507.0322,1497.0398,1498.9507,55008817.0
2011-01-24,1505.1187,1520.2912,1504.8015,1513.4801,82852758.0
2011-01-25,1512.9887,1521.3943,1507.8875,1510.7039,66511879.0
2011-01-26,1508.1054,1508.3644,1485.3675,1485.3675,66572789.0
2011-01-27,1484.8799,1496.1787,1474.8389,1478.9225,53914628.0
2011-01-28,1458.2035,1459.0847,1439.6305,1441.2661,61840361.0
2011-01-31,1437.9403,1448.8536,1430.7412,1434.262,50177329.0
2011-02-01,1434.5435,1449.6324,1429.0401,1447.5768,86299903.0
2011-02-02,1433.401,1433.6854,1418.9759,1422.9754,126290704.0
2011-02-03,1419.5747,1419.5747,1404.842,1413.1087,92340356.0
2011-02-04,1409.7292,1417.53,1393.6586,1397.6191,64809952.0
2011-02-07,1395.9586,1399.9622,1382.8595,1385.2411,117558876.0
2011-02-08,1387.2386,1408.8952,1382.9163,1406.1801,84207461.0
2011-02-09,1406.1681,1410.604,1394.4793,1406.1471,100480903.0
2011-02-10,1408.7638,1428.1027,1408.7638,1421.7001,41660194.0
2011-02-11,1421.1062,1426.4966,1403.9749,1420.119,76605643.0
2011-02-14,1432.7347,1452.4093,1432.0859,1449.6443,61807378.0
2011-02-15,1448.2723,1456.2966,1442.6565,1445.9177,68370922.0
2011-02-16,1446.4421,1455.196,1430.3796,1454.8194,66117186.0
2011-02-17,1455.3639,1463.7297,1436.6388,1462.9117,81249860.0
2011-02-18,1467.1958,1481.8794,1467.0364,1478.8467,49710779.0
2011-02-21,1481.2103,1491.6197,1474.3473,1488.0203,71659005.0
2011-02-22,1488.5616,1492.5007,1475.3854,1491.3505,82303946.0
2011-02-23,1487.0043,1487.1101,1473.9708,1481.2323,58366048.0
2011-02-24,1479.8277,1481.3412,1470.0673,1477.0731,52475201.0
2011-02-25,1477.5917,1484.7865,1470.496,1481.4911,58177894.0
2011-02-28,1480.7716,1484.8979,1473.1739,1479.8582,74506902.0
2011-03-01,1479.3469,1487.2751,1471.3651,1473.7892,88217060.0
2011-03-02,1480.5913,1487.9078,1479.5342,1485.1611,80375086.0
2011-03-03,1485.2524,1488.7876,1474.2712,1485.906,80716702.0
2011-03-04,1479.2122,1480.1912,1457.6432,1467.4728,45723917.0
2011-03-07,1474.6737,1488.1744,1468.1654,1486.8808,96495315.0
2011-03-08,1486.5084,1491.1453,1477.9037,1479.5906,54823102.0
2011-03-09,1480.2565,1484.1939,1471.9063,1480.6685,126707183.0
2011-03-10,1478.9664,1478.9664,1468.9681,1472.05,53109143.0
2011-03-11,1475.1151,1499.1449,1469.9378,1496.2569,47786844.0
2011-03-14,1498.9943,1509.1095,1490.3493,1508.8347,53586749.0
2011-03-15,1513.5946,1523.8447,1510.8723,1519.3978,34239991.0
2011-03-16,1520.505,1534.3771,1520.505,1526.6367,44335628.0
2011-03-17,1511.0676,1514.9308,1493.0237,1494.4711,88310967.0
2011-03-18,1493.7642,1497.7946,1479.3318,1488.2714,53051963.0
2011-03-21,1479.8574,1480.8797,1443.0077,1444.6082,52322527.0
2011-03-22,1445.6981,1466.509,1438.5279,1453.806,30166530.0
2011-03-23,1451.9534,1456.4344,1440.8121,1448.7136,90612937.0
2011-03-24,1448.7755,1456.9431,1439.2578,1448.8785,76575108.0
2011-03-25,1452.0238,1466.2297,1447.8457,1461.8385,50981052.0
2011-03-28,1459.7314,1474.4007,1450.08,1454.939,40568444.0
2011-03-29,1451.6188,1456.6263,1433.1819,1433.2753,55406611.0
2011-03-30,1434.4975,1459.1067,1434.4975,1454.8253,116452770.0
2011-03-31,1455.2005,1464.3631,1440.1771,1457.5872,71030392.0
2011-04-01,1457.9922,1464.5857,1446.5755,1458.9219,74955742.0
2011-04-04,1456.8095,1457.1714,1424.7019,1438.1099,46662408.0
2011-04-05,1437.1499,1441.7183,1427.8787,1433.1242,103937982.0
2011-04-06,1407.4969,1408.1062,1323.375,1326.2871,43952593.0
2011-04-07,1327.2885,1338.4193,1306.1066,1329.0277,105454574.0
2011-04-08,1321.64,1326.5085,1254.0478,1256.2504,59844943.0
2011-04-11,1248.6706,1271.9463,1230.9456,1237.4194,63455317.0
2011-04-12,1238.1471,1252.0421,1209.7236,1240.7368,73739449.0
2011-04-13,1243.014,1279.8595,1233.3995,1251.3558,87527811.0
2011-04-14,1267.5219,1293.1727,1260.0169,1285.4976,45439421.0
2011-04-15,1271.4182,1271.7665,1231.5419,1237.5557,54014207.0
2011-04-18,1243.3456,1266.5475,1235.8573,1258.3876,123645164.0
2011-04-19,1258.0686,1270.6881,1247.0311,1257.3717,73858802.0
2011-04-20,1240.9186,1247.446,1180.1677,1183.8291,107735621.0
2011-04-21,1160.6461,1171.5033,1117.2419,1139.1468,63091123.0
2011-04-22,1134.8108,1137.7052,1076.495,1079.1571,49175241.0
2011-04-25,1074.3188,1091.5716,1034.293,1042.278,83938572.0
2011-04-26,1040.38,1057.2448,1018.6709,1034.0068,77596936.0
2011-04-27,1039.8627,1082.3396,1036.9097,1052.5053,69197407.0
2011-04-28,1057.2051,1095.4686,1057.2051,1074.8506,103461367.0
2011-04-29,1048.7799,1049.8767,957.6926,959.2242,135872767.0
2011-05-02,955.251,977.7399,927.136,932.4425,47234474.0
2011-05-03,940.0554,1000.0867,915.0871,994.1672,127218316.0
2011-05-04,985.1131,998.3626,956.1059,964.7295,49821179.0
2011-05-05,944.7673,949.9737,905.8675,920.2942,55532674.0
2011-05-06,921.8043,933.0511,887.6488,924.604,65973092.0
2011-05-09,938.7548,958.6726,920.1592,957.8823,56320164.0
2011-05-10,946.2808,965.42,907.8896,919.8557,34601178.0
2011-05-11,914.3909,918.2061,886.2885,899.019,63863925.0
2011-05-12,898.4236,908.8189,882.8547,889.9859,142954961.0
2011-05-13,885.3875,885.7871,867.3852,878.1508,74766285.0
2011-05-16,873.8227,890.2677,856.6214,860.6207,63054393.0
2011-05-17,854.1579,855.8804,811.7294,823.1027,87630526.0
2011-05-18,823.732,875.5469,820.2115,868.0229,65119697.0
2011-05-19,866.8757,866.8757,826.3323,865.3979,42515422.0
2011-05-20,863.5247,867.4155,844.0697,855.7466,65804391.0
2011-05-23,856.2808,865.3756,841.8877,857.0728,54865922.0
2011-05-24,855.0829,856.9932,830.0905,837.5649,66432067.0
2011-05-25,837.8472,863.8332,835.0352,847.337,93548725.0
2011-05-26,819.5186,829.8562,791.5768,791.5768,49691657.0
2011-05-27,804.0464,828.7262,801.9018,821.1449,88606265.0
2011-05-30,856.6088,876.1785,855.3272,868.7391,96529289.0
2011-05-31,866.097,880.8809,839.2231,857.2583,49574026.0
2011-06-01,851.1989,851.1989,817.8155,828.7554,96239831.0
2011-06-02,841.9001,863.0697,840.468,858.7201,48141030.0
2011-06-03,860.7146,873.3134,840.6638,865.6422,45271452.0
2011-06-06,870.3867,895.1684,869.8322,883.7227,77619868.0
2011-06-07,838.9217,840.5839,810.4544,811.5953,135760886.0
2011-06-08,823.0169,848.5729,816.5416,844.6483,81733183.0
2011-06-09,847.7437,860.1498,831.3036,852.1555,74183671.0
2011-06-10,833.4444,846.1259,785.6842,787.4078,65331726.0
2011-06-13,789.1774,806.924,785.053,791.357,68975853.0
2011-06-14,796.8977,849.6898,792.6645,810.7156,54550292.0
2011-06-15,834.6793,899.0889,833.2771,881.1481,79376511.0
2011-06-16,875.6772,887.8184,819.1159,819.1159,63945754.0
2011-06-17,821.5751,851.9183,821.1267,827.6587,48177866.0
2011-06-20,829.3647,844.1499,820.229,834.5704,82836168.0
2011-06-21,827.5695,845.1291,786.6907,795.3712,80540503.0
2011-06-22,806.234,829.5758,796.8789,824.2603,112050357.0
2011-06-23,830.9813,854.3064,806.566,854.1141,52610693.0
2011-06-24,857.3172,871.2657,847.2618,867.4159,66990860.0
2011-06-27,868.0175,877.4819,836.9666,870.9134,35923929.0
2011-06-28,878.9734,900.665,866.8225,894.9004,43874342.0
2011-06-29,894.2212,909.5688,881.5498,893.4997,78471700.0
2011-06-30,894.3131,913.7468,880.1776,896.4679,37932344.0
2011-07-01,893.1168,895.4923,867.9659,884.5251,82716147.0
2011-07-04,885.4553,908.2652,868.4791,892.3571,44356914.0
2011-07-05,889.8407,903.5558,879.616,885.6362,63767389.0
2011-07-06,877.1207,877.7603,827.1024,830.6655,96569997.0
2011-07-07,829.0936,833.7789,807.7314,822.5156,54881903.0
2011-07-08,819.5397,841.679,810.3384,815.7082,64535102.0
2011-07-11,814.5807,824.2319,801.0377,809.8812,122389882.0
2011-07-12,806.2073,813.1711,786.2817,795.3115,39977961.0
2011-07-13,802.4417,813.5247,793.2999,809.143,50180966.0
2011-07-14,812.7068,822.5286,797.0472,818.0258,30362658.0
2011-07-15,817.6679,826.6854,806.7565,816.8402,56032678.0
2011-07-18,818.3744,827.7483,812.3658,822.1486,61061803.0
2011-07-19,822.5309,844.4456,815.8392,824.3509,52678342.0
2011-07-20,813.0689,820.2774,792.5166,795.1957,82656708.0
2011-07-21,802.4234,829.2316,800.6244,828.6213,71305777.0
2011-07-22,828.6535,839.02,816.1708,828.9014,27378882.0
2011-07-25,824.7485,830.7144,807.1105,810.2202,102217415.0
2011-07-26,814.6876,837.7841,812.8099,833.4588,58750068.0
2011-07-27,828.857,832.2068,815.8997,822.7323,39227278.0
2011-07-28,822.5886,834.9623,815.391,821.999,58246341.0
2011-07-29,819.7092,824.6723,808.9132,814.7335,71096255.0
2011-08-01,813.795,825.0651,804.4959,810.226,61766516.0
2011-08-02,805.2217,805.82,787.5452,795.8214,70198196.0
2011-08-03,795.2489,797.5035,783.0489,790.9016,41322286.0
2011-08-04,789.7951,789.9644,772.059,779.7022,79093622.0
2011-08-05,781.3176,789.7891,777.1578,787.9785,41882784.0
2011-08-08,788.5952,805.3975,785.4068,800.0452,69727978.0
2011-08-09,810.7275,816.986,803.6073,816.8059,79434196.0
2011-08-10,820.4597,845.1141,819.2606,843.4153,94499726.0
2011-08-11,843.3592,853.0339,835.255,840.8012,77323233.0
2011-08-12,839.0518,841.2067,830.1549,832.6863,64891105.0
2011-08-15,832.5118,832.5118,816.1455,820.7587,95692748.0
2011-08-16,823.839,839.1587,823.839,834.3595,70101575.0
2011-08-17,835.3785,845.1564,831.5345,845.1564,50834168.0
2011-08-18,840.2344,842.0212,819.151,822.0437,35890931.0
2011-08-19,824.2213,835.652,820.2507,830.9953,70215556.0
2011-08-22,833.3372,842.4386,831.1555,839.6304,83593292.0
2011-08-23,839.5754,842.4791,835.4796,839.5184,63930948.0
2011-08-24,841.2428,853.6666,834.1329,847.1144,48844544.0
2011-08-25,839.2581,841.1039,821.62,824.4081,74730056.0
2011-08-26,830.8722,847.3807,828.4226,845.2092,55471944.0
2011-08-29,848.1698,861.4028,847.4954,858.4026,79152578.0
2011-08-30,854.6057,854.6057,841.6555,844.6473,32004618.0
2011-08-31,844.9897,848.5514,839.4818,845.6764,55141303.0
2011-09-01,847.2254,855.5339,845.26,855.2816,77493275.0
2011-09-02,855.9904,857.337,846.3178,857.3142,53266136.0
2011-09-05,858.3666,861.5177,854.2696,860.1478,56684299.0
2011-09-06,862.5723,869.2935,858.7415,869.2935,64851551.0
2011-09-07,867.2901,871.3122,857.6838,862.3908,139577587.0
2011-09-08,856.1151,856.5387,839.8973,847.5907,30439602.0
2011-09-09,843.1003,844.0327,832.7838,837.7719,55518535.0
2011-09-12,839.41,851.3096,836.8335,846.1456,71369709.0
2011-09-13,844.9672,851.1138,833.6602,833.9502,100013618.0
2011-09-14,834.0962,842.3604,823.3218,839.7557,66109982.0
2011-09-15,840.922,849.0924,838.6516,845.9825,57411136.0
2011-09-16,842.2325,844.8292,831.3557,836.4155,85983569.0
2011-09-19,839.0053,848.4096,835.7201,843.81,52735291.0
2011-09-20,843.4085,844.2879,830.9998,841.1822,60560633.0
2011-09-21,840.6863,847.6762,836.6887,839.6937,46834781.0
2011-09-22,837.6834,840.8698,829.5737,832.2974,56941512.0
2011-09-23,829.42,835.5308,820.1235,820.5639,50556771.0
2011-09-26,822.1915,825.9118,817.6607,825.6479,61184663.0
2011-09-27,824.6312,829.2319,815.6408,817.4002,72259238.0
2011-09-28,817.2153,819.8605,803.4036,812.0189,52747478.0
2011-09-29,808.7828,817.7284,803.4312,803.4312,73714017.0
2011-09-30,800.5614,804.6849,792.0026,792.2543,45587938.0
2011-10-03,796.0569,807.898,792.6986,803.0942,63123598.0
2011-10-04,802.2034,807.2889,799.637,801.3229,55001696.0
2011-10-05,802.8255,805.261,798.1879,804.9924,66932565.0
2011-10-06,805.1414,806.4822,798.8877,806.1328,50826183.0
2011-10-07,805.8462,809.0719,800.1307,804.1675,67801245.0
2011-10-10,801.0337,801.0751,789.2126,792.4857,51554027.0
2011-10-11,794.1169,801.8723,791.6166,796.7396,85455781.0
2011-10-12,794.2734,795.0592,785.0665,789.1391,60258824.0
2011-10-13,788.2105,793.1274,783.323,785.665,44670310.0
2011-10-14,785.8249,795.0236,784.4892,788.1606,49672931.0
2011-10-17,784.4686,785.0357,775.8277,779.8917,83102974.0
2011-10-18,778.1414,786.795,773.1568,773.1814,32626657.0
2011-10-19,772.7851,778.2089,769.7301,772.4044,43170770.0
2011-10-20,772.5173,776.3199,769.3024,773.1676,38817790.0
2011-10-21,773.3064,780.9662,767.4821,774.2758,57354607.0
2011-10-24,775.5881,778.7861,772.5755,777.2442,44826135.0
2011-10-25,779.4235,790.6367,776.7528,789.266,54066656.0
2011-10-26,793.6409,803.5114,792.2955,802.6605,38585353.0
2011-10-27,802.7239,814.6772,802.5344,803.5355,101334285.0
2011-10-28,805.7864,812.8638,805.3844,811.5764,111301199.0
2011-10-31,805.3579,806.4581,797.4624,798.8931,62016884.0
2011-11-01,794.4841,800.208,789.3527,789.8529,55131337.0
2011-11-02,789.3819,790.3454,776.2664,779.9751,61362135.0
2011-11-03,781.6016,787.7887,778.594,784.0515,39971609.0
2011-11-04,784.6342,791.4625,782.3853,786.1754,26082324.0
2011-11-07,785.9883,786.7127,780.5808,785.5163,41595032.0
2011-11-08,785.6966,791.5279,780.6892,786.8727,55662920.0
2011-11-09,783.68,786.0029,780.0447,780.8391,51096317.0
2011-11-10,780.6912,784.3675,779.2893,780.2832,80634015.0
2011-11-11,780.0429,789.3363,778.0806,778.6038,57293100.0
2011-11-14,778.5508,783.5942,776.0348,778.2404,69575351.0
2011-11-15,777.0737,777.5994,771.1103,774.3525,99349431.0
2011-11-16,770.7164,774.22,765.6511,766.1637,46358578.0
2011-11-17,757.6829,757.6829,740.7197,741.0443,77245101.0
2011-11-18,742.3436,746.0014,735.3264,745.3274,57915911.0
2011-11-21,744.9728,749.4905,739.9308,743.5947,83422327.0
2011-11-22,741.6114,741.6114,732.4351,738.2637,113526574.0
2011-11-23,738.183,739.2218,733.7182,738.1394,84687679.0
2011-11-24,738.2788,740.361,728.9392,738.9829,66937481.0
2011-11-25,742.286,759.3012,742.286,756.7622,62898413.0
2011-11-28,761.7712,769.6371,759.0087,769.6371,36709979.0
2011-11-29,769.6831,774.2914,769.0982,769.7219,83981397.0
2011-11-30,770.2726,775.1949,766.7093,771.1487,41509852.0
2011-12-01,771.5077,776.1601,768.6251,774.5891,53522245.0
2011-12-02,773.9834,776.1999,770.74,773.0035,54658511.0
2011-12-05,767.6759,769.5544,756.7991,759.273,71657362.0
2011-12-06,754.6928,757.3589,747.3996,751.4677,65487723.0
2011-12-07,751.9146,757.7847,746.3839,755.8729,69316210.0
2011-12-08,756.2387,761.3414,753.6334,757.8075,64254533.0
2011-12-09,756.4701,759.6017,749.9773,752.7788,99985275.0
2011-12-12,749.0594,750.0445,739.8129,742.6227,69650764.0
2011-12-13,742.4402,752.0572,739.683,741.0533,67494150.0
2011-12-14,744.9668,750.2098,743.7098,747.2198,45326179.0
2011-12-15,747.9874,749.037,744.0263,748.7473,48051744.0
2011-12-16,748.4307,748.8816,742.8938,747.9678,53926805.0
2011-12-19,747.4248,751.9913,743.9253,744.841,43671082.0
2011-12-20,744.4838,745.4931,739.3388,743.5447,54260476.0
2011-12-21,744.3759,748.4738,740.6448,745.588,61230180.0
2011-12-22,746.2418,752.1671,743.4751,748.6481,47911188.0
2011-12-23,747.0851,749.6279,742.1226,744.5482,80464453.0
2011-12-26,745.2323,749.1723,742.8536,745.9868,79646068.0
2011-12-27,745.8183,747.0916,741.2255,744.3277,97408059.0
2011-12-28,744.0406,748.1833,738.4889,741.4889,54508982.0
2011-12-29,746.8619,753.9611,745.5151,753.6117,66684535.0
2011-12-30,753.8209,756.0945,750.4362,754.5717,91492944.0
2012-01-02,753.5877,755.4437,751.325,752.9874,92796330.0
2012-01-03,753.4994,761.0067,753.4584,755.1847,66983765.0
2012-01-04,754.9782,757.8711,751.004,754.5511,87641936.0
2012-01-05,754.2744,759.374,752.8589,753.6773,92794554.0
2012-01-06,751.298,753.4888,742.8869,745.0538,144457690.0
2012-01-09,746.4865,749.9386,743.2818,748.1057,99202065.0
2012-01-10,747.2618,748.4021,741.4005,744.5607,93305635.0
2012-01-11,744.2014,744.469,738.6173,743.6572,90109565.0
2012-01-12,743.0174,743.1205,736.4878,741.0617,119515469.0
2012-01-13,747.6686,755.6751,747.1547,755.6358,60180263.0
2012-01-16,755.4758,759.9125,753.9706,755.1218,59936022.0
2012-01-17,758.0699,759.3463,754.3907,759.3463,82077252.0
2012-01-18,756.1508,758.5638,751.3147,751.7097,93044359.0
2012-01-19,754.0971,764.6424,751.5208,761.346,102800422.0
2012-01-20,762.363,773.7064,760.2274,771.0923,47383583.0
2012-01-23,770.3943,773.8492,769.1898,769.2819,60708301.0
2012-01-24,769.1162,774.9203,768.0942,768.0942,59769851.0
2012-01-25,768.5596,770.4793,765.4032,770.383,89247704.0
2012-01-26,770.0513,772.3527,761.8049,761.9027,71822844.0
2012-01-27,761.5394,763.3054,755.3064,760.061,42487531.0
2012-01-30,764.1013,774.0579,764.0263,773.6767,62264379.0
2012-01-31,773.8107,776.3041,771.574,773.9078,39716425.0
2012-02-01,773.2748,775.0335,770.1523,771.7617,45753317.0
2012-02-02,771.7577,772.7498,766.8285,771.7329,39475042.0
2012-02-03,770.959,771.2312,767.0366,769.7819,87321262.0
2012-02-06,769.5849,772.7223,763.5478,764.4061,40777134.0
2012-02-07,765.0654,777.0161,764.9578,773.5302,43521983.0
2012-02-08,774.5439,776.0174,769.5823,776.0174,57079323.0
2012-02-09,774.4927,777.9,771.3969,773.0061,84930081.0
2012-02-10,773.1237,778.3334,769.4609,774.0067,45638332.0
2012-02-13,773.5505,778.2131,771.0761,771.5947,49067162.0
2012-02-14,767.8751,768.6161,763.052,765.1857,103908284.0
2012-02-15,763.9115,767.3839,758.7145,759.1777,58501377.0
2012-02-16,760.3813,767.4404,760.3813,764.969,34211175.0
2012-02-17,762.0802,762.9802,750.8248,753.5756,56284895.0
2012-02-20,752.6547,753.358,745.7294,749.8929,57887051.0
2012-02-21,747.6247,748.2544,738.6153,740.048,71291196.0
2012-02-22,739.8939,743.0263,736.2758,737.6498,59563830.0
2012-02-23,739.7606,744.8656,738.2257,741.1219,35844610.0
2012-02-24,745.2604,758.6196,745.2604,757.0223,47625805.0
2012-02-27,755.1631,755.3768,748.1286,749.6351,67648601.0
2012-02-28,750.9433,757.5968,749.3966,755.4714,67657219.0
2012-02-29,754.9432,759.9092,751.2381,753.9333,69156333.0
2012-03-01,753.7195,755.3788,747.563,749.3536,49817266.0
2012-03-02,748.1161,748.8085,741.9759,744.9507,77633210.0
2012-03-05,747.7619,758.7727,747.2804,756.7901,62020361.0
2012-03-06,755.7296,760.0341,750.4476,753.251,43331459.0
2012-03-07,750.248,751.81,746.4565,748.3047,48573049.0
2012-03-08,749.2861,755.1752,749.0962,751.2655,34962565.0
2012-03-09,744.8294,745.2328,738.8264,738.9892,69727115.0
2012-03-12,739.9793,742.082,735.6057,741.3555,106063959.0
2012-03-13,742.3038,745.2557,741.4565,743.5036,70467806.0
2012-03-14,745.0322,754.783,744.3655,751.4275,68008096.0
2012-03-15,752.3172,764.0887,751.0061,758.0623,71530458.0
2012-03-16,757.9602,760.5919,754.8898,755.6466,58858021.0
2012-03-19,749.6626,752.0571,744.4231,746.8734,85722040.0
2012-03-20,748.3435,757.4386,747.7307,750.8037,54887631.0
2012-03-21,751.3537,761.9257,750.6114,760.8473,131602557.0
2012-03-22,757.0048,763.6791,752.7906,754.0058,34757734.0
2012-03-23,750.0866,750.2288,742.7443,747.108,75768312.0
2012-03-26,746.6703,748.0629,742.6463,743.9664,86155310.0
2012-03-27,748.298,753.02,748.298,752.5742,66327736.0
2012-03-28,752.6262,757.5127,750.7949,752.8118,69139983.0
2012-03-29,753.208,761.1175,752.2326,756.9839,88082778.0
2012-03-30,756.2512,759.2628,751.3864,752.1554,55819163.0
2012-04-02,747.4146,747.9682,742.5512,743.6768,88908546.0
2012-04-03,745.8942,753.9585,740.1148,751.4793,68615573.0
2012-04-04,749.3081,749.5921,743.8565,746.7332,101288651.0
2012-04-05,745.9519,750.4487,743.8516,744.1005,52067343.0
2012-04-06,744.1303,748.38,742.5379,744.2119,31398043.0
2012-04-09,743.1161,746.3999,739.8631,740.5187,50915138.0
2012-04-10,740.1036,740.1906,731.4162,733.5727,42571150.0
2012-04-11,732.1968,738.1343,727.1217,727.1217,58392036.0
2012-04-12,726.5694,727.5946,711.1383,718.9158,58928062.0
2012-04-13,717.5054,723.3794,716.0563,716.095,127699844.0
2012-04-16,716.1167,719.9025,713.5694,716.3114,70326280.0
2012-04-17,716.5701,718.3617,711.8743,718.3617,72366803.0
2012-04-18,719.7073,724.4119,717.303,722.0762,83435530.0
2012-04-19,721.326,721.9422,717.8203,718.8339,104481218.0
2012-04-20,719.3633,725.5139,718.8047,722.7834,49891151.0
2012-04-23,721.9619,723.7423,720.1878,720.1878,52638015.0
2012-04-24,722.4244,726.4229,720.9879,724.1385,35233762.0
2012-04-25,723.4895,726.925,720.8754,721.7499,55420109.0
2012-04-26,720.7363,722.3242,714.2941,715.2205,123868377.0
2012-04-27,713.3562,714.2617,708.5789,709.0372,56658086.0
2012-04-30,709.6023,715.5039,708.3249,715.3055,128246169.0
2012-05-01,715.3045,717.9463,711.5147,715.2888,70855705.0
2012-05-02,715.6158,718.9535,711.5116,717.9343,94780532.0
2012-05-03,721.0211,724.858,719.613,723.4648,53478082.0
2012-05-04,725.1276,731.0848,724.9425,729.8455,55211352.0
2012-05-07,730.077,731.6911,726.3874,730.6603,60897668.0
2012-05-08,729.6083,731.6719,726.8412,727.403,113890335.0
2012-05-09,725.1292,727.1878,721.1869,721.8469,49372836.0
2012-05-10,720.7892,724.5337,718.0931,718.0931,68951260.0
2012-05-11,719.2124,724.2039,718.344,724.2039,47016024.0
2012-05-14,722.113,724.9548,713.9681,716.7351,59604903.0
2012-05-15,716.2889,720.548,714.6038,715.2172,87321915.0
2012-05-16,712.7293,714.1649,702.6322,703.0471,68766357.0
2012-05-17,705.5166,712.647,703.8661,709.5582,59548445.0
2012-05-18,709.2459,712.1832,703.6653,708.5639,97201211.0
2012-05-21,707.5891,711.4526,702.8956,705.2699,37017579.0
2012-05-22,707.0793,711.0351,702.4527,709.3222,62647226.0
2012-05-23,710.1425,716.1402,710.1425,712.7794,152220383.0
2012-05-24,713.6701,717.8059,711.3187,716.4288,81633422.0
2012-05-25,716.2755,717.575,711.1653,715.0064,91320724.0
2012-05-28,715.6482,717.3711,712.2316,716.5703,137759509.0
2012-05-29,717.749,725.5511,717.0328,723.5068,81633490.0
2012-05-30,723.9645,732.2869,721.6241,730.2409,79773284.0
2012-05-31,732.7734,739.3423,731.1588,737.8767,68396552.0
2012-06-01,739.6401,743.8386,739.4926,741.3542,35069631.0
2012-06-04,738.8869,742.9118,731.0794,731.7165,51790761.0
2012-06-05,733.2288,740.4797,733.1916,735.7845,118834299.0
2012-06-06,736.3533,742.3207,736.3533,739.7128,50163771.0
2012-06-07,737.6604,740.1501,735.5018,735.7992,83108889.0
2012-06-08,736.1727,739.6392,731.6205,736.7225,76339009.0
2012-06-11,737.3533,740.022,734.6617,737.8621,66742720.0
2012-06-12,739.9849,745.3944,738.9036,743.5016,60068534.0
2012-06-13,742.3698,742.7216,736.0583,739.1545,77047565.0
2012-06-14,739.2636,742.3085,736.2932,739.6446,65772368.0
2012-06-15,741.6662,746.1374,739.6523,745.156,97663661.0
2012-06-18,742.9394,745.77,737.6887,737.9664,57594085.0
2012-06-19,739.1443,746.4307,738.3794,744.6159,26234001.0
2012-06-20,746.332,752.4108,743.9317,751.7798,72858754.0
2012-06-21,753.1443,758.1961,752.0869,757.207,80525732.0
2012-06-22,755.7712,758.6193,751.3369,751.4477,92600395.0
2012-06-25,751.1585,752.4697,746.9138,750.6189,85302949.0
2012-06-26,746.9751,747.536,737.9262,739.2094,64712423.0
2012-06-27,738.4763,738.9631,729.4992,736.1587,61786634.0
2012-06-28,735.8357,740.9193,731.0404,731.0608,39484988.0
2012-06-29,732.2235,742.7799,731.9421,741.9514,64308590.0
2012-07-02,742.7398,747.7121,739.44,747.0301,69075283.0
2012-07-03,747.9399,752.6088,746.6317,750.1116,64863414.0
2012-07-04,750.0644,753.9995,744.5747,744.8627,94969693.0
2012-07-05,743.8799,744.9129,733.6854,734.365,34706497.0
2012-07-06,734.6574,740.7446,734.2941,738.1413,50722174.0
2012-07-09,738.5528,757.0446,737.8401,755.9744,47143759.0
2012-07-10,753.932,757.0949,740.7524,741.35,86911533.0
2012-07-11,741.9793,744.1474,739.5466,742.5611,65904929.0
2012-07-12,742.1384,750.3562,739.1641,739.4441,61529999.0
2012-07-13,740.1047,750.8618,739.0347,750.1881,43211714.0
2012-07-16,750.2135,761.3911,749.3763,750.4793,63292656.0
2012-07-17,752.1592,759.2901,748.222,756.4607,48793592.0
2012-07-18,757.6087,771.1509,756.521,763.4816,59717112.0
2012-07-19,762.8798,767.1172,760.2173,761.6221,149438871.0
2012-07-20,760.8157,763.6995,759.1809,760.0283,114478332.0
2012-07-23,759.0101,760.6876,754.394,756.8848,63647261.0
2012-07-24,759.7326,770.6801,758.6038,768.2914,137028668.0
2012-07-25,768.2952,770.1742,763.8209,768.3235,114272584.0
2012-07-26,767.6749,771.2023,763.6729,764.18,157767060.0
2012-07-27,764.4448,770.1911,762.6028,765.7999,82871524.0
2012-07-30,765.6363,766.8693,760.1851,765.3586,47600476.0
2012-07-31,767.5632,772.8687,764.9088,771.9608,99143317.0
2012-08-01,772.051,772.7631,768.248,772.5946,107296652.0
2012-08-02,776.0899,783.9998,775.6603,782.4046,85322185.0
2012-08-03,777.6876,778.4651,771.0819,771.8025,50210969.0
2012-08-06,771.4465,775.6126,765.4183,765.4183,79540303.0
2012-08-07,768.2131,773.8588,767.614,773.0411,39970720.0
2012-08-08,771.3448,774.4277,762.3639,763.1529,98196313.0
2012-08-09,762.715,763.2685,748.1752,748.8409,53195985.0
2012-08-10,749.8857,762.7019,745.2283,758.1042,132252587.0
2012-08-13,759.3261,762.1307,755.4997,759.9144,56171616.0
2012-08-14,761.4456,769.4716,760.6395,764.4472,72022175.0
2012-08-15,762.5086,766.7669,745.7217,749.3132,72557553.0
2012-08-16,747.1132,747.7993,738.5596,739.7138,100203110.0
2012-08-17,742.1799,751.2981,740.7675,748.5744,51413254.0
2012-08-20,746.2086,748.5906,735.7997,740.7361,79439047.0
2012-08-21,734.9415,740.6947,728.1826,731.2133,51153169.0
2012-08-22,730.7286,731.9075,721.2129,730.1947,45956981.0
2012-08-23,726.2351,729.8157,720.7648,721.5258,87309606.0
2012-08-24,725.6539,752.6753,723.8634,751.3293,69281407.0
2012-08-27,748.5192,752.3381,744.9037,745.4888,68959080.0
2012-08-28,745.8314,750.0641,744.5154,745.9078,80379495.0
2012-08-29,745.2008,749.5077,727.4629,728.2478,45820890.0
2012-08-30,725.7216,727.571,711.2454,715.0487,58494598.0
2012-08-31,718.5534,740.1179,713.6837,731.1901,52859585.0
2012-09-03,732.5245,736.1774,727.1264,733.16,86473803.0
2012-09-04,729.6728,734.9102,719.6848,720.4254,34944544.0
2012-09-05,720.1256,724.1659,711.4444,718.9348,35717931.0
2012-09-06,726.358,735.9502,724.0316,735.1041,64447911.0
2012-09-07,735.6865,737.7854,730.4617,736.6224,54939029.0
2012-09-10,736.5881,737.4371,724.2359,728.2939,48968304.0
2012-09-11,728.7128,735.8786,724.777,730.3991,51850697.0
2012-09-12,724.1232,724.5754,717.1138,718.9334,98204713.0
2012-09-13,717.5374,719.6671,712.37,716.2794,115589797.0
2012-09-14,716.2355,717.8663,709.8364,715.4856,59210402.0
2012-09-17,713.7999,714.4592,693.4764,696.8814,56124621.0
2012-09-18,699.2805,705.3487,698.3082,700.5285,38451405.0
2012-09-19,699.9127,705.439,694.5356,698.0642,66953588.0
2012-09-20,698.735,707.0378,697.1486,701.4848,113382843.0
2012-09-21,701.6769,706.0599,696.2946,702.9395,85768962.0
2012-09-24,702.9067,707.0365,699.6308,702.796,58535297.0
2012-09-25,706.1442,715.6749,706.0853,711.2108,80621272.0
2012-09-26,710.735,714.8066,705.9029,707.1839,60703229.0
2012-09-27,703.2842,703.6842,691.8536,692.0158,110899191.0
2012-09-28,692.1039,701.5188,690.8697,693.2241,99701748.0
2012-10-01,693.121,698.3185,687.8949,691.8635,89347901.0
2012-10-02,689.8581,690.8744,675.8416,677.3094,58695895.0
2012-10-03,671.1184,674.0497,661.0205,662.0286,109051166.0
2012-10-04,659.1974,660.2807,649.6544,653.9941,74569104.0
2012-10-05,651.5948,652.9145,648.564,649.6991,111642351.0
2012-10-08,653.8595,669.4714,652.7879,668.5297,73064546.0
2012-10-09,670.2507,679.3348,667.2495,673.1454,35998053.0
2012-10-10,673.0638,680.2431,670.6627,671.3881,100131667.0
2012-10-11,669.4375,672.7314,664.7708,665.58,68310869.0
2012-10-12,663.2491,665.9391,659.9018,661.1951,72724584.0
2012-10-15,662.5472,675.4875,662.2087,670.6665,62013045.0
2012-10-16,669.7633,674.2715,663.9857,666.5048,90969186.0
2012-10-17,668.4569,675.1486,668.4513,673.1026,54101247.0
2012-10-18,672.3706,678.9866,667.8282,668.7162,57157223.0
2012-10-19,667.437,667.5006,656.9826,660.3215,57285878.0
2012-10-22,657.5927,658.2574,644.9206,651.2595,43717660.0
2012-10-23,650.9302,652.6431,643.6467,648.1834,67937613.0
2012-10-24,648.2069,651.5319,644.6516,648.2494,90973580.0
2012-10-25,652.273,662.6948,650.404,662.6784,42813588.0
2012-10-26,665.0049,677.9545,663.7087,675.5864,91154449.0
2012-10-29,669.6624,670.4941,657.6478,658.1973,45936241.0
2012-10-30,656.6091,656.8373,639.1856,640.829,59359401.0
2012-10-31,645.78,657.3179,645.2069,655.7671,53255933.0
2012-11-01,656.9215,666.264,656.701,662.8011,122712182.0
2012-11-02,661.1749,663.4412,643.2554,643.4494,22629128.0
2012-11-05,631.9037,634.6641,619.9536,621.1147,127849339.0
2012-11-06,621.7291,626.758,619.7135,623.5005,70979234.0
2012-11-07,622.4359,622.4359,607.0112,617.7555,65795818.0
2012-11-08,618.2055,631.7668,612.1828,627.5509,85867845.0
2012-11-09,633.6043,643.7736,629.1054,640.1728,63704886.0
2012-11-12,639.9859,647.1315,636.2192,639.2588,76122027.0
2012-11-13,637.8159,638.9866,630.433,635.3614,84205326.0
2012-11-14,636.7576,648.7992,636.2008,640.3172,66618101.0
2012-11-15,639.5586,644.0317,630.7043,634.7033,54516308.0
2012-11-16,630.4527,633.1856,622.5922,627.4962,118301398.0
2012-11-19,620.1541,624.3175,611.6478,612.7102,42014551.0
2012-11-20,613.3376,621.5735,611.5298,617.1932,82179587.0
2012-11-21,616.2734,617.0705,605.9014,614.706,53551472.0
2012-11-22,614.0533,616.246,606.859,612.8699,63983283.0
2012-11-23,611.8233,613.2298,599.1163,604.7867,39481359.0
2012-11-26,605.4,609.8872,600.4699,609.8842,60975651.0
2012-11-27,608.905,611.4941,605.2939,608.0018,52670606.0
2012-11-28,605.5479,609.6643,603.2309,603.2309,89075405.0
2012-11-29,607.7592,626.8788,606.603,623.9605,69162054.0
2012-11-30,624.6302,631.0464,616.8401,627.9605,111763820.0
2012-12-03,628.3152,634.1362,625.9784,631.0117,63142867.0
2012-12-04,629.9435,630.5133,625.9418,627.9456,73220074.0
2012-12-05,629.7637,632.7663,627.4038,630.8711,54049919.0
2012-12-06,621.2527,622.8592,614.0796,614.6952,33925224.0
2012-12-07,614.6634,616.7595,604.2256,614.4346,97974437.0
2012-12-10,618.8525,624.3779,613.8637,624.3779,80680634.0
2012-12-11,623.3174,624.3531,604.5206,605.593,79896066.0
2012-12-12,606.1957,616.6511,604.2975,609.8416,143256223.0
2012-12-13,610.4001,626.3466,610.3697,618.2258,57207121.0
2012-12-14,620.0227,627.8551,617.5369,624.7404,99498759.0
2012-12-17,625.7081,628.8008,620.545,627.6016,76352718.0
2012-12-18,626.737,630.1154,624.1853,624.1853,57549851.0
2012-12-19,624.3922,631.7507,620.766,626.7925,84517278.0
2012-12-20,626.8449,632.2125,624.3614,626.9976,167583839.0
2012-12-21,629.2303,639.8051,628.5582,634.6753,74537677.0
2012-12-24,634.5907,644.2329,633.2336,634.1703,78692989.0
2012-12-25,629.3691,631.2956,622.8097,624.2463,74256671.0
2012-12-26,621.799,625.2334,618.4272,619.2161,50095337.0
2012-12-27,619.4933,627.2197,616.6241,622.3771,79733549.0
2012-12-28,623.919,627.476,620.7347,627.2812,34891754.0
2012-12-31,627.8418,638.6975,627.5393,629.7449,34199481.0
2013-01-01,630.2185,632.5198,625.3678,631.1491,67599479.0
2013-01-02,630.4974,634.8621,626.8793,628.4089,100503738.0
2013-01-03,630.5021,632.1707,629.1826,630.8696,61592369.0
2013-01-04,630.7715,634.9035,629.2785,630.2764,107950321.0
2013-01-07,630.8662,636.2727,625.6507,634.2993,55911596.0
2013-01-08,637.2101,640.9089,635.9927,640.6481,35522852.0
2013-01-09,642.9543,651.5847,640.5231,650.02,113419001.0
2013-01-10,651.211,657.7649,650.1391,655.1734,80586975.0
2013-01-11,654.6667,657.9232,649.0013,649.208,68234486.0
2013-01-14,649.1616,651.3369,645.5457,648.1813,36915471.0
2013-01-15,647.2875,649.3115,642.0728,642.5681,156138432.0
2013-01-16,642.243,645.1687,638.1264,639.7482,46974476.0
2013-01-17,640.4245,645.0591,636.8157,645.0591,95477512.0
2013-01-18,645.7324,654.7696,645.0954,653.4018,90903553.0
2013-01-21,653.781,660.8944,652.9888,656.4693,69148905.0
2013-01-22,656.4641,657.4615,651.8797,656.4555,98685693.0
2013-01-23,655.9455,656.3492,648.3549,654.7138,112439584.0
2013-01-24,656.8088,668.4457,656.4265,667.9859,71473056.0
2013-01-25,668.4972,674.2181,666.7255,670.805,62614453.0
2013-01-28,668.2233,668.2233,662.0272,662.6947,50451540.0
2013-01-29,669.2223,673.5202,667.6235,672.8236,70984854.0
2013-01-30,674.972,681.727,673.7513,680.9244,129727183.0
2013-01-31,680.7766,681.8281,674.5621,679.4363,110884049.0
2013-02-01,679.2389,682.9266,678.0724,678.8101,75506005.0
2013-02-04,678.622,678.6247,672.4174,675.673,86204370.0
2013-02-05,675.2491,678.8614,674.1612,674.6989,59810646.0
2013-02-06,675.9612,682.1912,675.7556,680.5834,53926564.0
2013-02-07,678.8689,679.1999,675.9878,677.2199,57061330.0
2013-02-08,677.9478,681.455,675.9341,681.2519,84969009.0
2013-02-11,675.9417,675.9596,664.6272,664.7884,49719744.0
2013-02-12,664.7239,668.4962,661.2386,664.5188,66742482.0
2013-02-13,666.1414,672.3896,663.5139,671.1426,68566528.0
2013-02-14,673.3964,683.7258,673.077,682.028,50712596.0
2013-02-15,681.2573,684.2728,678.3713,679.5482,45031211.0
2013-02-18,679.6361,684.1291,675.2331,681.4318,88736381.0
2013-02-19,681.7306,686.3349,678.6142,685.2593,58857370.0
2013-02-20,682.693,682.8092,677.2182,679.7043,81158587.0
2013-02-21,682.1079,692.9847,681.6435,688.5434,61357044.0
2013-02-22,680.0693,681.501,669.9227,670.5373,70710701.0
2013-02-25,672.392,679.6515,670.4963,678.7282,46715248.0
2013-02-26,677.6479,683.6301,676.3648,676.769,55333941.0
2013-02-27,677.2845,679.9596,674.693,678.1315,67440555.0
2013-02-28,678.5143,687.4874,675.6325,682.8762,97896999.0
2013-03-01,684.7774,691.7689,682.3758,691.1484,62286722.0
2013-03-04,687.5546,690.1892,680.2497,681.2418,75838270.0
2013-03-05,682.5904,685.6362,679.2562,683.5791,97639188.0
2013-03-06,684.5918,690.9367,681.606,688.4152,152962619.0
2013-03-07,689.7683,693.188,685.1391,692.7891,61416154.0
2013-03-08,699.272,705.0483,696.8559,704.9906,147634728.0
2013-03-11,704.2001,705.6579,698.6926,699.6433,131957931.0
2013-03-12,699.206,702.2002,689.6351,689.9185,74546961.0
2013-03-13,691.7002,699.1581,690.4891,697.9869,142101802.0
2013-03-14,701.1354,704.919,699.0434,703.4985,58062620.0
2013-03-15,703.6702,707.9777,702.0692,704.5401,66727356.0
2013-03-18,705.7239,711.2152,705.167,707.4552,54257490.0
2013-03-19,706.4795,706.7715,702.5543,705.6041,88045980.0
2013-03-20,707.5003,709.9086,705.2522,709.3686,44462007.0
2013-03-21,704.4237,704.7654,697.696,697.8905,70799123.0
2013-03-22,698.3438,706.3306,697.9304,700.2566,62689516.0
2013-03-25,701.659,706.8209,699.4909,704.4535,69006338.0
2013-03-26,708.8256,720.8588,708.8256,720.8588,73983603.0
2013-03-27,719.4124,720.183,712.6572,715.6076,47536795.0
2013-03-28,717.73,730.6919,711.042,729.7751,78198741.0
2013-03-29,733.0003,740.1101,732.2506,738.3156,37202470.0
2013-04-01,738.0065,738.6483,725.8915,728.0963,105637654.0
2013-04-02,739.2979,751.8132,738.8907,750.286,57450976.0
2013-04-03,749.5244,758.0772,746.8206,747.6543,55810383.0
2013-04-04,746.7659,747.794,743.2395,746.4696,36801174.0
2013-04-05,746.299,749.1369,738.6023,744.9738,61741820.0
2013-04-08,748.5364,756.8562,745.4953,755.61,67320228.0
2013-04-09,756.3054,759.3922,753.4782,758.5755,74281844.0
2013-04-10,759.1064,764.066,758.2465,761.9205,73482439.0
2013-04-11,764.0077,766.3925,759.4697,766.3525,92245777.0
2013-04-12,766.9049,771.8581,766.4966,769.7307,70557258.0
2013-04-15,771.876,780.8853,771.7686,778.0893,64748126.0
2013-04-16,777.5204,782.6682,773.6288,775.7962,64429627.0
2013-04-17,774.8604,775.9662,768.4673,768.8654,59929936.0
2013-04-18,767.6212,769.3953,763.5107,764.1159,46407899.0
2013-04-19,766.1138,768.0104,763.2866,767.8718,55399173.0
2013-04-22,765.7721,767.7193,749.7872,750.0798,42801806.0
2013-04-23,749.0662,749.4473,743.5092,745.3107,75939973.0
2013-04-24,749.6091,754.9763,747.3414,752.9692,45719080.0
2013-04-25,750.3801,751.6387,742.435,742.435,78940838.0
2013-04-26,741.9059,745.5744,737.018,741.4006,80488132.0
2013-04-29,741.9214,747.8243,739.9448,742.8398,62072132.0
2013-04-30,738.5938,738.8241,732.3719,734.7699,96088639.0
2013-05-01,733.8142,740.1575,729.0282,730.7271,33854703.0
2013-05-02,729.5245,731.8263,726.4183,728.1436,83124534.0
2013-05-03,734.2837,740.3576,732.767,739.8032,99430922.0
2013-05-06,739.9003,746.2504,738.9712,740.7346,83659293.0
2013-05-07,739.176,739.176,727.0296,731.3902,65577506.0
2013-05-08,727.8481,728.8146,719.3143,719.391,112351930.0
2013-05-09,718.9863,726.0124,715.5438,716.0913,84123255.0
2013-05-10,715.6517,717.1425,707.2201,714.5511,145182484.0
2013-05-13,714.1216,716.7965,709.9208,713.0261,50602334.0
2013-05-14,712.018,713.011,709.737,711.2179,70182211.0
2013-05-15,711.0513,711.3771,703.8322,708.0772,54396027.0
2013-05-16,707.4383,708.4946,699.1478,700.493,45885054.0
2013-05-17,701.4501,707.986,699.3781,702.9713,55186399.0
2013-05-20,704.2417,722.7252,704.1324,714.8369,61365114.0
2013-05-21,714.4402,716.9635,712.5998,714.006,47558953.0
2013-05-22,714.9857,721.3429,713.8249,720.079,73109441.0
2013-05-23,720.2731,721.8633,717.3439,720.6806,115172498.0
2013-05-24,723.7392,730.0791,719.238,729.3718,58947515.0
2013-05-27,729.3458,735.4458,726.5469,728.8335,118473504.0
2013-05-28,731.2412,735.8909,730.2493,733.6429,71966482.0
2013-05-29,735.0907,740.0232,734.3045,738.8074,73780504.0
2013-05-30,738.5299,740.9075,735.3677,737.478,49860365.0
2013-05-31,737.8421,744.0493,736.4364,741.5821,82772957.0
2013-06-03,744.0495,748.8389,743.1013,747.6814,89195276.0
2013-06-04,743.7377,743.7377,739.3934,741.5838,49257893.0
2013-06-05,742.5975,744.7952,739.0985,743.9253,48909125.0
2013-06-06,748.3481,756.1746,748.146,755.7604,74540753.0
2013-06-07,757.1079,760.2423,755.5982,758.6494,113809851.0
2013-06-10,757.2849,759.5595,749.8554,752.6064,59126700.0
2013-06-11,752.9545,758.6771,752.3613,753.4192,121414746.0
2013-06-12,753.4047,756.1564,748.3772,752.4037,79779044.0
2013-06-13,751.5214,752.0871,748.5207,750.6369,56137384.0
2013-06-14,751.667,755.7334,747.9509,754.1067,102613861.0
2013-06-17,754.1594,759.6391,752.4821,756.3309,120938326.0
2013-06-18,756.016,760.5817,754.2152,755.3441,79360445.0
2013-06-19,755.2867,757.521,750.2472,755.1782,71869533.0
2013-06-20,754.8901,759.4985,753.9425,754.4799,66327275.0
2013-06-21,755.109,757.4758,752.0679,755.4645,64790811.0
2013-06-24,754.7955,754.8011,751.0782,753.9683,97889966.0
2013-06-25,755.6441,761.0734,753.5859,761.0449,66993876.0
2013-06-26,765.1089,769.5796,763.7321,769.0659,86184812.0
2013-06-27,769.0725,772.5296,768.5714,769.0856,84036825.0
2013-06-28,770.5552,774.4887,768.6057,774.2001,85662981.0
2013-07-01,775.9712,782.4525,774.8165,781.6879,45856442.0
2013-07-02,781.5481,787.6563,777.995,779.2861,61094743.0
2013-07-03,781.3248,786.9368,781.3248,783.6239,70170014.0
2013-07-04,784.3945,790.5903,783.5761,788.0292,97519854.0
2013-07-05,787.7583,790.1071,785.8863,786.9599,68199096.0
2013-07-08,787.0801,792.2243,785.9147,787.5443,118613436.0
2013-07-09,787.2113,790.2841,784.0783,785.9907,72419412.0
2013-07-10,786.0261,786.2298,781.7474,786.2298,71440574.0
2013-07-11,786.2566,788.7672,784.9148,786.3724,38398291.0
2013-07-12,786.4467,791.6328,785.525,788.7506,67333338.0
2013-07-15,789.3083,795.6008,788.1537,790.7309,66102697.0
2013-07-16,793.2986,799.963,793.0895,798.672,34571363.0
2013-07-17,799.4838,805.1011,798.9814,801.7365,54302089.0
2013-07-18,797.4488,798.3645,793.5399,793.6047,82417391.0
2013-07-19,796.0018,801.0391,795.7235,800.303,60727572.0
2013-07-22,801.5785,807.4287,801.2971,803.1388,96407275.0
2013-07-23,803.4323,807.8033,801.6213,806.9104,81087672.0
2013-07-24,807.0511,809.6399,805.5207,808.1159,29479239.0
2013-07-25,807.3869,811.391,806.0256,806.3476,39928420.0
2013-07-26,804.3572,805.4152,799.1173,799.5469,76210669.0
2013-07-29,800.4406,810.0013,799.5415,808.8715,41638142.0
2013-07-30,808.1326,809.0169,803.0723,805.6806,70972230.0
2013-07-31,805.822,807.331,800.2831,806.5422,70837036.0
2013-08-01,806.2172,807.0786,802.9447,805.8629,56837254.0
2013-08-02,802.7937,804.6566,800.3907,801.3997,30534108.0
2013-08-05,802.8251,808.8037,799.8404,805.603,49728773.0
2013-08-06,805.5135,809.6843,800.7343,802.3113,44000104.0
2013-08-07,805.2429,809.6334,804.9347,809.202,72189849.0
2013-08-08,808.8899,810.3034,801.9256,803.7183,61051439.0
2013-08-09,803.0564,806.0716,800.006,801.6279,118342900.0
2013-08-12,801.908,804.8484,799.4246,804.5712,35918498.0
2013-08-13,802.8655,804.9651,797.7253,798.7913,42570374.0
2013-08-14,800.0963,807.19,799.8369,805.2913,31282815.0
2013-08-15,803.9769,804.576,794.7841,796.8708,47858048.0
2013-08-16,797.8035,805.114,797.7482,800.9238,28931634.0
2013-08-19,801.6739,803.1979,797.1859,802.8031,81699337.0
2013-08-20,804.6436,808.668,804.1787,806.9061,100839009.0
2013-08-21,808.5637,813.4131,806.4675,812.5597,57145230.0
2013-08-22,811.5092,814.3971,807.5791,810.3356,84479136.0
2013-08-23,809.7981,811.9098,806.3598,808.7914,50367060.0
2013-08-26,808.9557,812.5284,804.7662,810.4229,66332110.0
2013-08-27,814.2887,819.0591,813.1229,818.2664,63646428.0
2013-08-28,817.1575,818.0509,815.3335,816.295,69374651.0
2013-08-29,815.7178,817.1438,809.8963,813.4137,69986969.0
2013-08-30,811.9415,816.1733,808.5762,810.326,122925225.0
2013-09-02,812.7698,818.8184,812.3258,815.7269,54227084.0
2013-09-03,817.6356,820.1601,815.2708,820.0313,44123985.0
2013-09-04,819.6503,822.0241,813.9403,817.5867,63240799.0
2013-09-05,815.807,816.5285,810.5086,810.5086,55524654.0
2013-09-06,810.2572,811.7275,806.5858,809.6409,113062575.0
2013-09-09,812.9508,817.0785,812.1057,816.4786,59908513.0
2013-09-10,815.8547,819.9461,813.3046,813.6553,85648130.0
2013-09-11,813.8508,819.3042,813.2883,814.6881,85096878.0
2013-09-12,813.7011,813.851,808.5995,812.0873,77872364.0
2013-09-13,811.8595,812.9801,809.5079,811.1067,76583568.0
2013-09-16,811.6118,817.831,811.204,812.4296,46016522.0
2013-09-17,812.6057,819.4206,812.4823,815.6481,26290999.0
2013-09-18,816.11,817.9146,810.6704,817.771,63127063.0
2013-09-19,823.1593,828.1369,823.0266,827.2876,48045108.0
2013-09-20,828.7945,834.6624,826.9236,832.4751,84236199.0
2013-09-23,827.8757,829.1293,823.2902,824.1782,95586209.0
2013-09-24,830.9511,835.3789,829.9266,833.6856,53565059.0
2013-09-25,831.7602,833.3713,825.9985,829.2868,59100629.0
2013-09-26,829.4809,834.1072,828.6961,830.114,67312309.0
2013-09-27,827.7095,829.6013,825.5016,825.8019,45230246.0
2013-09-30,826.7192,832.204,826.2431,828.1361,74466981.0
2013-10-01,829.6836,833.7008,826.4589,833.0911,55380159.0
2013-10-02,832.9434,833.7844,827.7661,831.8383,75139636.0
2013-10-03,834.5239,840.1523,833.7129,839.3384,40432370.0
2013-10-04,838.429,842.5759,834.8524,835.8256,101504024.0
2013-10-07,836.8267,843.9948,836.1814,841.9901,59063021.0
2013-10-08,841.2129,844.3584,837.8323,838.9185,85368447.0
2013-10-09,843.5233,848.9888,842.296,847.6506,41118192.0
2013-10-10,847.4596,849.2234,843.8843,845.5015,61789482.0
2013-10-11,845.175,847.0193,841.8182,842.2744,52987824.0
2013-10-14,841.0952,841.9876,834.8971,838.466,66014820.0
2013-10-15,838.4458,842.3891,838.3315,838.3315,72693040.0
2013-10-16,837.6613,841.8033,835.0699,835.6114,189627199.0
2013-10-17,831.8971,835.0563,827.1113,827.1113,44523270.0
2013-10-18,827.5694,832.1124,824.8137,830.9515,63593363.0
2013-10-21,830.7578,832.4032,826.4021,830.1281,43269392.0
2013-10-22,830.8402,835.9511,830.2533,835.3268,65557645.0
2013-10-23,835.3278,839.5986,834.5381,835.6108,45056557.0
2013-10-24,834.6519,836.825,829.985,832.1324,59220627.0
2013-10-25,831.9957,832.076,826.8114,830.9538,60218832.0
2013-10-28,833.8685,839.0827,833.764,838.4606,54323434.0
2013-10-29,840.2364,840.9325,838.0137,840.8679,121999328.0
2013-10-30,841.1956,847.1651,839.2649,844.5497,44057676.0
2013-10-31,842.3575,843.636,836.093,838.2995,65185277.0
2013-11-01,842.0593,848.3709,841.7091,845.2531,116625412.0
2013-11-04,845.7993,853.3385,845.7993,847.5369,88268416.0
2013-11-05,845.8666,846.0014,838.5994,841.5924,53392566.0
2013-11-06,840.607,840.7329,832.7102,835.2363,122014073.0
2013-11-07,837.0626,842.2937,836.3698,838.3766,40574463.0
2013-11-08,840.3506,842.4693,839.1901,841.9914,42183789.0
2013-11-11,842.0214,842.8339,837.2933,842.1371,174653762.0
2013-11-12,841.1968,841.9765,837.8754,840.1284,52904765.0
2013-11-13,836.8849,838.9803,830.5521,831.6596,88451271.0
2013-11-14,826.2983,826.8658,819.2788,820.2866,55019826.0
2013-11-15,817.1184,818.9018,809.358,813.7807,136513520.0
2013-11-18,814.1147,820.6575,812.3012,817.298,80832157.0
2013-11-19,819.6206,828.6681,812.6255,825.8508,69756168.0
2013-11-20,825.0419,828.1449,821.7267,823.5803,105032108.0
2013-11-21,826.122,828.6318,825.2452,827.2705,36842716.0
2013-11-22,826.6579,828.3437,819.1779,823.0175,78962113.0
2013-11-25,823.1258,827.4893,819.043,823.39,50485529.0
2013-11-26,825.1166,830.7437,823.7226,828.3214,96258822.0
2013-11-27,826.2191,828.1108,822.4353,823.6496,52031639.0
2013-11-28,822.4785,824.4006,819.0855,819.1586,74290468.0
2013-11-29,819.4109,824.5934,817.141,820.079,83888213.0
2013-12-02,817.7412,817.7521,812.3061,812.6466,117988036.0
2013-12-03,812.3509,816.7,810.3074,810.3074,136048759.0
2013-12-04,809.7589,810.9389,807.6404,809.3652,37840763.0
2013-12-05,807.9417,812.7151,794.9842,795.7564,76848584.0
2013-12-06,794.3225,800.4849,791.8228,791.8228,77717611.0
2013-12-09,793.1489,803.6425,792.9256,796.8585,42697113.0
2013-12-10,793.5837,796.929,786.6975,787.4168,76920308.0
2013-12-11,786.8503,788.1317,782.4384,785.6631,87833682.0
2013-12-12,785.692,791.6697,781.4929,786.7963,119493789.0
2013-12-13,787.7494,793.7127,786.1103,793.4744,63299878.0
2013-12-16,795.2507,802.826,792.902,799.9684,62158739.0
2013-12-17,802.8673,805.9852,801.9361,805.6149,42398592.0
2013-12-18,805.8895,809.1701,802.4383,807.5424,91224890.0
2013-12-19,807.5908,814.2056,807.3865,808.2872,29004662.0
2013-12-20,808.2599,810.9724,804.5109,808.1429,91630628.0
2013-12-23,808.9156,812.0143,806.1579,809.801,61895910.0
2013-12-24,812.0161,814.0102,810.0962,813.7231,101909143.0
2013-12-25,813.0027,813.933,808.7801,810.948,74262301.0
2013-12-26,810.045,810.5152,800.3977,803.1715,56534495.0
2013-12-27,806.2716,810.0881,804.4902,809.3671,67501323.0
2013-12-30,809.5166,815.0842,808.9269,809.785,86354833.0
2013-12-31,808.6383,809.8589,805.4604,807.2134,63285201.0
2014-01-01,805.2313,807.278,802.8009,803.6371,118530790.0
2014-01-02,804.5216,810.422,803.9181,806.3985,56792157.0
2014-01-03,807.8311,812.0136,804.1809,810.3985,109729407.0
2014-01-06,810.8264,814.7148,808.4235,811.2228,88225236.0
2014-01-07,810.6515,811.8733,803.6218,805.6231,61461582.0
2014-01-08,806.6139,812.6741,806.1251,811.7662,43948064.0
2014-01-09,812.2443,814.0711,810.1702,813.88,23151568.0
2014-01-10,813.4688,814.6015,809.0854,812.1729,53003491.0
2014-01-13,812.2439,815.6624,809.8597,813.9601,90269464.0
2014-01-14,816.5596,827.535,815.6624,827.3308,58640270.0
2014-01-15,828.9628,832.4065,828.5892,830.4562,52910827.0
2014-01-16,833.2154,838.6823,833.2154,836.8014,53598563.0
2014-01-17,835.2461,836.631,831.0884,832.1434,117978528.0
2014-01-20,831.5423,833.0549,828.1019,828.7444,75684810.0
2014-01-21,829.2969,831.4914,826.0337,830.1075,98785855.0
2014-01-22,830.3621,835.8773,830.3621,832.2917,81301701.0
2014-01-23,830.7134,831.0657,827.6999,828.8604,73984840.0
2014-01-24,828.5178,834.3625,826.5506,827.6766,63488647.0
2014-01-27,827.5767,829.7781,822.3143,827.1353,57914022.0
2014-01-28,827.3887,832.0584,826.32,828.804,61558189.0
2014-01-29,829.9441,832.8472,828.4523,832.1596,43894050.0
2014-01-30,834.8905,841.7038,833.719,840.06,64789550.0
2014-01-31,840.0855,840.5384,834.8081,840.1634,62887937.0
2014-02-03,839.416,839.6748,833.5929,837.2148,71585316.0
2014-02-04,836.3927,837.3144,832.0949,833.5548,65942446.0
2014-02-05,834.3235,840.6462,834.1518,839.331,84161598.0
2014-02-06,839.6757,843.2985,837.514,840.0919,54055091.0
2014-02-07,839.3321,841.8962,831.1378,835.249,59894178.0
2014-02-10,834.6178,835.9036,831.2855,833.301,73147348.0
2014-02-11,834.9017,843.0449,834.9017,842.4127,101758697.0
2014-02-12,842.2074,843.4804,838.4311,841.9241,38177287.0
2014-02-13,844.8805,852.6375,844.8492,851.835,62094914.0
2014-02-14,852.0323,852.7965,847.9118,852.7965,89632100.0
2014-02-17,853.4461,858.6266,851.7718,857.9991,61527537.0
2014-02-18,856.7943,861.7937,853.5106,854.0854,45719710.0
2014-02-19,853.8532,855.384,852.7876,853.244,34382809.0
2014-02-20,854.7703,862.515,854.6485,860.431,57351662.0
2014-02-21,860.6448,864.3327,858.0513,861.26,53697125.0
2014-02-24,861.3394,864.2242,859.6122,861.4075,44545886.0
2014-02-25,862.1604,866.0428,859.5941,865.5261,91177127.0
2014-02-26,869.0436,872.7775,866.925,871.899,93878894.0
2014-02-27,873.1062,879.6287,872.2806,878.6799,43127314.0
2014-02-28,880.0607,882.6077,878.6231,881.6017,48310927.0
2014-03-03,876.304,876.3967,871.8322,872.2667,63793881.0
2014-03-04,874.3662,876.3003,871.5199,876.0526,76666443.0
2014-03-05,876.1809,880.1316,875.5417,876.3853,78056346.0
2014-03-06,875.6352,876.3141,867.0195,873.2605,132152753.0
2014-03-07,873.4144,876.7885,870.6918,873.5519,98057618.0
2014-03-10,869.773,869.773,858.9207,861.4566,64427117.0
2014-03-11,860.0941,862.0125,853.0873,853.7028,44837876.0
2014-03-12,853.8419,861.8075,851.2144,855.7533,103671157.0
2014-03-13,854.5488,857.9412,851.8875,852.6923,57533501.0
2014-03-14,850.6572,853.0438,847.0676,849.2171,31195650.0
2014-03-17,849.8753,852.9221,846.0014,851.7724,70376902.0
2014-03-18,850.7477,851.4666,842.6157,848.7568,81597558.0
2014-03-19,843.3955,844.3411,837.3125,837.3125,58252848.0
2014-03-20,837.6294,842.8343,834.7229,839.0093,77754103.0
2014-03-21,837.6533,839.3552,827.0245,827.5754,85729161.0
2014-03-24,826.6888,831.4037,819.2658,822.1766,66243942.0
2014-03-25,820.8304,822.632,806.6446,807.7783,97925981.0
2014-03-26,808.1425,810.5282,804.1981,808.487,126572175.0
2014-03-27,808.2654,810.7536,799.565,807.2526,36603792.0
2014-03-28,807.5779,808.831,800.8349,808.6868,79053759.0
2014-03-31,810.1925,819.2076,804.1123,818.1127,41480436.0
2014-04-01,815.6074,816.5236,806.9506,810.2086,125502730.0
2014-04-02,807.5291,810.2714,798.4948,803.0989,73448966.0
2014-04-03,800.891,801.6877,792.88,796.147,54583993.0
2014-04-04,792.8123,793.7827,787.2331,789.9496,82242125.0
2014-04-07,790.3683,794.6635,788.0616,791.3742,52223025.0
2014-04-08,790.8046,792.9673,783.8165,785.0345,101466893.0
2014-04-09,784.1918,791.7001,779.064,782.9628,36759759.0
2014-04-10,783.8052,788.7714,779.7934,786.5198,142328121.0
2014-04-11,786.7902,793.6661,784.779,791.4709,102938968.0
2014-04-14,796.0957,803.0215,794.4252,802.9357,69232202.0
2014-04-15,803.5084,808.3432,802.5278,806.826,77445545.0
2014-04-16,811.0463,815.7046,806.9629,814.9748,80622538.0
2014-04-17,814.4987,821.4991,811.9519,811.9519,38124184.0
2014-04-18,812.4337,816.6151,808.4587,813.9535,46013623.0
2014-04-21,813.3542,817.2463,807.5447,810.1888,82553025.0
2014-04-22,810.741,820.3126,810.0594,818.9173,65112367.0
2014-04-23,820.3863,825.4654,819.2585,823.6158,51072830.0
2014-04-24,824.0834,836.2024,823.6086,833.7843,72391173.0
2014-04-25,835.483,842.3874,834.891,840.7789,101624039.0
2014-04-28,841.1621,842.679,838.0294,841.931,81568540.0
2014-04-29,844.5507,850.0946,841.9931,849.9188,56615131.0
2014-04-30,850.1258,855.0446,848.7966,850.7015,62122504.0
2014-05-01,851.6752,856.0843,850.4976,853.6698,42835223.0
2014-05-02,853.8898,861.9128,852.6363,857.603,52787689.0
2014-05-05,859.5402,863.8486,857.4118,862.4331,38561659.0
2014-05-06,863.4843,867.8646,861.1846,865.738,56959782.0
2014-05-07,870.3393,877.8848,868.5748,877.8848,63923624.0
2014-05-08,875.1071,876.3189,866.2974,868.756,55863931.0
2014-05-09,866.2997,868.372,863.0118,864.7032,91398065.0
2014-05-12,867.9613,874.2507,866.5448,874.2507,49092457.0
2014-05-13,870.9048,872.1542,863.9722,867.4186,41554371.0
2014-05-14,868.4854,875.6376,868.221,871.2762,63780362.0
2014-05-15,870.754,870.754,862.0928,865.3951,75437780.0
2014-05-16,865.7712,867.9402,862.2309,866.8299,126096247.0
2014-05-19,867.3643,874.9618,865.8192,871.9681,61777928.0
2014-05-20,872.7795,877.0332,871.4606,873.3029,94488996.0
2014-05-21,872.9621,873.2912,863.5269,870.5677,41724902.0
2014-05-22,871.3796,879.9601,868.6349,875.5229,67775519.0
2014-05-23,876.7278,880.0947,873.1357,880.0609,61999862.0
2014-05-26,880.2605,883.1072,878.4521,880.6614,90292816.0
2014-05-27,879.4506,880.2184,868.8293,869.5512,73122211.0
2014-05-28,868.3095,868.4232,859.4729,867.0703,96913809.0
2014-05-29,866.3713,866.5272,860.226,862.5271,36008185.0
2014-05-30,867.0661,872.3291,865.1695,872.3144,81250220.0
2014-06-02,871.4856,873.1071,865.7636,868.8748,60136479.0
2014-06-03,872.129,878.1682,870.4783,878.1682,74696981.0
2014-06-04,878.63,884.9505,877.789,882.0722,37114284.0
2014-06-05,883.5125,889.054,882.7011,885.9913,53920275.0
2014-06-06,886.8268,894.6684,886.6432,893.6306,105399212.0
2014-06-09,893.8345,896.6547,890.0265,895.1712,42524119.0
2014-06-10,891.5736,892.2748,887.6562,888.6292,77741978.0
2014-06-11,888.6785,889.8378,884.554,888.8312,124622236.0
2014-06-12,886.4481,886.9436,883.148,883.4312,54621060.0
2014-06-13,886.5947,894.4306,885.5905,890.9806,73893304.0
2014-06-16,890.9858,897.0736,889.951,890.9927,60859782.0
2014-06-17,894.6181,901.5026,894.1695,901.5026,61628320.0
2014-06-18,903.1097,904.2038,899.8208,904.1064,27453552.0
2014-06-19,903.354,907.7663,900.9153,902.8267,94856492.0
2014-06-20,888.723,889.066,880.4895,880.8904,43371453.0
2014-06-23,882.3291,891.5327,881.6296,891.2951,108955756.0
2014-06-24,890.1802,894.6989,887.5026,888.6869,73351332.0
2014-06-25,890.8106,894.4707,885.9279,894.3787,78821779.0
2014-06-26,895.6029,899.7893,892.3858,898.0206,62935723.0
2014-06-27,892.7621,895.8896,885.7856,886.4894,119982753.0
2014-06-30,887.2083,891.6136,877.399,891.6136,88403704.0
2014-07-01,891.712,899.6284,886.3692,897.2206,68725001.0
2014-07-02,898.6358,907.7217,895.9435,907.509,84497967.0
2014-07-03,908.3591,919.015,908.3591,916.5533,63596764.0
2014-07-04,916.1738,919.1339,911.8101,911.8101,45110759.0
2014-07-07,914.521,921.0787,911.8521,919.5982,79753389.0
2014-07-08,919.7582,929.064,919.0469,922.6497,39246108.0
2014-07-09,923.0693,930.7058,921.9059,925.5844,42402199.0
2014-07-10,925.0344,927.3144,919.7625,924.2856,47812980.0
2014-07-11,921.0989,921.971,914.5143,916.6957,43804905.0
2014-07-14,920.1005,931.4565,920.1005,931.4565,65302624.0
2014-07-15,933.8289,938.678,929.6275,937.1652,59588993.0
2014-07-16,937.2489,944.1636,936.3765,937.9851,57505506.0
2014-07-17,936.8777,937.2857,925.4494,926.0922,77559431.0
2014-07-18,927.4368,934.3073,927.0326,929.3824,91884563.0
2014-07-21,932.4288,939.5429,929.0122,936.6862,39065426.0
2014-07-22,937.9334,950.9986,933.228,950.5601,82056071.0
2014-07-23,951.6073,956.1152,948.8151,952.4898,21166082.0
2014-07-24,951.7291,954.5421,945.584,949.5432,98241817.0
2014-07-25,947.9598,952.0264,946.5999,946.7057,66139991.0
2014-07-28,946.8263,953.5564,946.7751,947.1803,84009442.0
2014-07-29,947.1651,952.4379,943.9829,947.0605,53017342.0
2014-07-30,947.0244,948.6274,940.9666,946.3043,40535171.0
2014-07-31,944.7085,946.4225,937.4414,939.4822,72263865.0
2014-08-01,937.3579,937.3579,930.1072,931.5374,93032763.0
2014-08-04,933.7502,938.2234,931.5039,936.6845,64371813.0
2014-08-05,941.1554,947.7128,937.465,947.4184,84213126.0
2014-08-06,947.0217,951.0563,944.9567,945.4048,58462428.0
2014-08-07,944.9211,947.2792,940.3785,944.5392,64172117.0
2014-08-08,945.017,953.2011,943.2614,945.9877,48079541.0
2014-08-11,947.0275,950.5674,945.5309,947.7123,51284289.0
2014-08-12,948.6952,953.1629,947.9111,953.1629,60843938.0
2014-08-13,953.1594,953.9507,947.9878,953.1522,34062384.0
2014-08-14,951.4885,951.6858,942.6919,946.0556,71972600.0
2014-08-15,946.402,949.233,944.2266,947.8687,49694758.0
2014-08-18,949.534,955.1179,948.9138,954.1461,69734700.0
2014-08-19,955.0641,958.855,954.0587,955.889,73592908.0
2014-08-20,957.1095,964.7933,956.513,958.6847,60200378.0
2014-08-21,958.7362,965.2532,956.2045,958.974,80627258.0
2014-08-22,957.4957,960.4642,953.6305,953.6305,74096041.0
2014-08-25,952.2901,953.8728,942.3022,945.7471,95914151.0
2014-08-26,945.3905,945.8768,936.7344,938.1742,53743317.0
2014-08-27,938.967,947.4892,937.7822,943.3747,69841082.0
2014-08-28,949.3726,953.2729,947.5141,951.9593,65357656.0
2014-08-29,951.1713,951.9685,944.3267,948.2987,58970049.0
2014-09-01,947.9547,948.5103,938.6774,944.9822,33185619.0
2014-09-02,944.251,944.7447,938.8968,941.9672,54906164.0
2014-09-03,941.3283,945.8382,936.7694,937.9248,66859597.0
2014-09-04,938.8696,940.9014,937.0605,940.2128,72140688.0
2014-09-05,937.7567,939.3847,932.3642,933.0719,84352629.0
2014-09-08,934.3576,936.8085,930.8802,935.4389,73975354.0
2014-09-09,936.4486,945.3878,936.4486,941.9568,63274425.0
2014-09-10,942.7243,950.0506,940.1645,948.4569,41503914.0
2014-09-11,949.453,961.3791,948.6143,957.8544,88491401.0
2014-09-12,956.4043,957.9377,946.8536,951.7905,63924748.0
2014-09-15,956.0059,964.1115,952.2778,961.4092,136819909.0
2014-09-16,963.0725,967.9036,962.3212,965.5963,39370409.0
2014-09-17,962.7508,965.016,957.8003,957.8509,40814673.0
2014-09-18,959.7377,963.1234,956.046,962.4179,68760720.0
2014-09-19,962.9105,972.2445,960.4377,969.3947,64749758.0
2014-09-22,970.6679,978.2869,969.4644,975.7704,47701431.0
2014-09-23,974.8879,976.3817,971.1007,973.0475,71263016.0
2014-09-24,973.8645,983.1043,973.774,979.6746,56456784.0
2014-09-25,979.4061,985.0094,977.4835,978.4432,102329404.0
2014-09-26,976.9919,978.1543,967.0427,969.4585,48841241.0
2014-09-29,968.3367,970.5124,964.4391,966.0952,40940342.0
2014-09-30,967.262,968.9315,960.3954,968.113,92402225.0
2014-10-01,969.6598,976.0129,967.9683,971.3628,56480761.0
2014-10-02,971.6524,977.3039,969.8678,973.652,45750047.0
2014-10-03,972.5695,974.8369,969.3602,969.3717,46822420.0
2014-10-06,968.4661,969.0363,955.8437,959.2613,71880933.0
2014-10-07,961.9437,968.623,960.7415,965.9965,66664739.0
2014-10-08,967.2654,975.8335,966.3245,973.7637,81157220.0
2014-10-09,975.2907,978.264,969.6843,977.9333,56433828.0
2014-10-10,972.4301,973.2396,953.6658,955.6795,87802154.0
2014-10-13,963.5965,980.2399,961.225,980.2399,164686548.0
2014-10-14,980.4896,986.7701,977.4325,980.7197,40371374.0
2014-10-15,981.2538,987.5781,972.1154,984.4093,112947387.0
2014-10-16,985.4086,992.1621,981.8628,989.3163,41767945.0
2014-10-17,988.0468,991.1328,979.2721,983.3459,113776133.0
2014-10-20,990.1877,1003.9521,988.8741,1002.9996,89117443.0
2014-10-21,1004.9022,1009.9971,1003.5731,1007.4634,87475029.0
2014-10-22,1004.2913,1005.204,997.4333,999.2188,45273586.0
2014-10-23,999.2471,1007.723,995.0697,999.4032,75478011.0
2014-10-24,999.5942,1002.5085,996.1857,999.7849,47739127.0
2014-10-27,1002.522,1014.4551,999.3125,1011.3513,42795310.0
2014-10-28,1014.0737,1021.9374,1014.0737,1015.1794,86753193.0
2014-10-29,1014.3161,1015.6535,1009.589,1012.2386,55511534.0
2014-10-30,1011.1036,1012.6973,1006.7209,1009.8079,66423109.0
2014-10-31,1011.3869,1022.1053,1009.5437,1017.0173,64167563.0
2014-11-03,1012.3491,1013.2367,995.0188,995.1156,50929322.0
2014-11-04,996.8857,1008.5385,994.8894,1007.3909,38426178.0
2014-11-05,1005.49,1005.5225,996.3455,1000.1153,81348814.0
2014-11-06,1001.0137,1007.7809,997.9636,1002.727,103373249.0
2014-11-07,1000.5728,1000.6503,988.8575,997.5786,68522332.0
2014-11-10,1005.3409,1011.977,1005.3409,1010.0153,75355632.0
2014-11-11,1009.7547,1016.9843,1009.3608,1009.4731,74648024.0
2014-11-12,1009.9288,1016.768,1009.2671,1012.1029,43497241.0
2014-11-13,1011.5061,1017.7268,1005.097,1007.2811,87690024.0
2014-11-14,1007.4918,1026.4157,1005.5826,1018.8605,76757614.0
2014-11-17,1020.9707,1027.5897,1020.0899,1025.1331,90753722.0
2014-11-18,1026.0882,1034.4237,1025.1303,1028.8123,100635524.0
2014-11-19,1028.8555,1033.2868,1026.0559,1028.9425,49134119.0
2014-11-20,1027.9013,1030.4802,1023.8345,1026.8152,56772455.0
2014-11-21,1025.9472,1030.6513,1022.048,1024.1132,37862933.0
2014-11-24,1022.6007,1024.0371,1014.1418,1017.5693,41686887.0
2014-11-25,1017.946,1023.0661,1014.1575,1019.2531,64936896.0
2014-11-26,1019.0359,1022.8623,1015.061,1018.7085,55021373.0
2014-11-27,1017.9771,1022.5363,1010.5617,1010.8945,100143257.0
2014-11-28,1008.4967,1008.4967,998.6482,1003.2804,67811520.0
2014-12-01,1002.9921,1003.681,995.6823,1000.7311,71220870.0
2014-12-02,1002.8334,1014.3722,1002.8334,1009.6328,62331488.0
2014-12-03,1010.2496,1016.0202,1008.1273,1012.8894,77467104.0
2014-12-04,1014.5741,1017.8946,1010.6522,1015.5318,116902340.0
2014-12-05,1017.3237,1025.0715,1016.3797,1024.3908,47441148.0
2014-12-08,1024.7672,1029.8311,1017.0731,1026.5373,67565028.0
2014-12-09,1026.8399,1033.886,1024.8564,1032.6264,59682289.0
2014-12-10,1031.6068,1032.8549,1023.8397,1029.3427,69542056.0
2014-12-11,1028.7903,1033.6829,1025.4493,1027.9155,56961557.0
2014-12-12,1027.582,1030.9982,1021.3415,1025.0998,54924858.0
2014-12-15,1025.5393,1031.1746,1024.3904,1027.7664,58557936.0
2014-12-16,1027.5733,1029.3416,1022.5947,1025.3103,73356483.0
2014-12-17,1026.2365,1034.6086,1024.3766,1028.5921,100320081.0
2014-12-18,1029.1565,1032.2344,1026.4149,1030.3311,97668584.0
2014-12-19,1023.0458,1024.0531,1011.3636,1012.3423,52648591.0
2014-12-22,1010.7974,1016.4251,1006.2634,1006.7558,62611006.0
2014-12-23,1008.1797,1019.6842,1007.5138,1015.8458,54246893.0
2014-12-24,1015.5323,1018.5685,1010.8125,1014.4692,62149601.0
2014-12-25,1011.1249,1012.8281,995.6149,1000.2421,76174611.0
2014-12-26,1001.8745,1007.4145,996.7271,1007.4145,63431514.0
2014-12-29,1009.6185,1025.5439,1007.2043,1022.5623,49527615.0
2014-12-30,1022.4929,1028.0226,1020.7548,1022.3044,82163476.0
2014-12-31,1020.7272,1020.9256,1002.4698,1007.4688,112715225.0
2015-01-01,1008.0136,1013.0092,1003.25,1009.1284,42942663.0
2015-01-02,1000.0558,1001.132,987.9196,992.6379,60572946.0
2015-01-05,994.2548,996.6267,989.9763,995.2246,61803852.0
2015-01-06,993.2443,993.5857,975.6989,978.9786,42572486.0
2015-01-07,979.2251,982.7491,972.2819,980.0403,41128835.0
2015-01-08,980.5585,988.1022,978.1025,982.4759,85569882.0
2015-01-09,982.0907,985.9085,972.9699,978.2811,75370476.0
2015-01-12,973.5856,977.2477,951.814,952.8332,49561944.0
2015-01-13,954.2183,961.5938,950.7011,958.3651,127322359.0
2015-01-14,964.3199,981.8046,962.8056,978.4413,48087485.0
2015-01-15,976.1052,977.9258,967.3287,969.5932,49731838.0
2015-01-16,968.9161,974.6806,966.6178,967.3005,144650329.0
2015-01-19,967.4477,975.9928,964.2909,967.6508,47790193.0
2015-01-20,965.7026,973.0234,964.3001,964.3001,51066659.0
2015-01-21,960.6577,964.1246,956.9926,958.7743,37545803.0
2015-01-22,959.1285,961.3079,952.5652,959.4838,62808075.0
2015-01-23,952.3997,952.9281,922.4177,926.0068,36936614.0
2015-01-26,920.2808,927.2835,903.3568,908.6684,63121952.0
2015-01-27,913.0868,923.6902,909.8698,917.7617,56219211.0
2015-01-28,916.8718,918.3542,908.8633,912.612,45815962.0
2015-01-29,903.4196,903.6984,870.2993,872.3364,62670091.0
2015-01-30,880.1007,898.4306,875.6399,896.9642,69619768.0
2015-02-02,898.5894,911.1963,894.9643,904.3126,86567074.0
2015-02-03,910.0784,919.1565,906.638,915.4868,61717364.0
2015-02-04,919.2827,934.0894,911.7042,931.7843,74397024.0
2015-02-05,928.5552,933.4464,911.0281,920.8076,41415328.0
2015-02-06,914.643,920.079,902.834,903.9796,48276795.0
2015-02-09,901.9298,902.5195,880.2152,884.373,101687109.0
2015-02-10,884.011,893.7192,871.0921,876.3926,80627307.0
2015-02-11,874.0762,881.1133,860.2804,868.0745,78924974.0
2015-02-12,868.3054,881.483,857.9361,877.994,41125525.0
2015-02-13,882.0661,891.5949,876.5849,891.4261,62145126.0
2015-02-16,894.4096,915.4118,891.6542,911.8376,56843675.0
2015-02-17,909.8115,910.5578,884.7535,897.3622,55388228.0
2015-02-18,896.1623,896.8051,877.9916,879.7877,106879017.0
2015-02-19,879.9372,885.6501,875.8437,880.0109,86809775.0
2015-02-20,878.9953,878.9953,869.3821,877.5597,82406304.0
2015-02-23,879.0079,902.7246,875.6659,898.5686,58389975.0
2015-02-24,898.7098,900.418,889.1313,899.6363,82401290.0
2015-02-25,903.6229,915.182,897.8765,913.4279,58285701.0
2015-02-26,917.2883,925.1637,914.7748,922.4614,25337961.0
2015-02-27,926.3836,941.0931,916.6817,937.6919,37334863.0
2015-03-02,944.6794,956.2094,942.5555,956.2094,85844737.0
2015-03-03,954.3015,954.9351,932.1578,939.0776,38275140.0
2015-03-04,939.078,939.3169,931.0648,939.0787,67179420.0
2015-03-05,940.568,947.3081,934.7189,945.9163,79923873.0
2015-03-06,946.1573,955.1588,936.3447,950.1506,41328372.0
2015-03-09,951.9073,966.3594,947.9142,957.7443,69279072.0
2015-03-10,959.471,966.5517,954.3583,963.8171,73125009.0
2015-03-11,963.2239,966.148,954.964,961.5139,99407746.0
2015-03-12,957.3757,958.4424,947.3124,949.7305,74985866.0
2015-03-13,951.0199,954.7672,949.4943,951.8793,123707676.0
2015-03-16,954.1379,957.874,951.6623,956.608,96868120.0
2015-03-17,958.7046,965.7482,957.0223,962.4905,100622868.0
2015-03-18,962.0444,962.8137,949.8134,958.8442,45700255.0
2015-03-19,957.8501,961.5492,952.8526,954.5227,66052737.0
2015-03-20,954.6915,959.6919,953.8613,954.8454,65936370.0
2015-03-23,955.1404,958.8865,948.9516,957.9831,44466072.0
2015-03-24,957.8335,958.6954,951.8529,957.0517,42121785.0
2015-03-25,954.592,955.7333,946.927,952.0035,38240360.0
2015-03-26,954.301,959.3968,951.0149,957.3605,70763212.0
2015-03-27,958.3437,963.3377,955.8631,960.899,66556292.0
2015-03-30,954.1452,956.5272,947.1305,947.7377,53825129.0
2015-03-31,950.4965,957.012,946.8128,955.8502,40967911.0
2015-04-01,954.588,954.764,944.3447,950.4301,34993425.0
2015-04-02,950.8824,968.1779,950.1009,963.4679,75078660.0
2015-04-03,961.473,964.1799,954.5844,955.5944,92596597.0
2015-04-06,955.4598,957.8473,951.7591,955.3418,58561260.0
2015-04-07,955.3606,958.1004,948.5639,955.52,34912415.0
2015-04-08,958.5938,971.8479,954.4597,970.2053,83204324.0
2015-04-09,971.0391,975.4926,964.8694,973.3617,105101778.0
2015-04-10,969.0628,973.7943,964.9462,964.9462,62161406.0
2015-04-13,965.4229,968.2497,959.9008,967.4062,62700038.0
2015-04-14,969.1473,979.4915,967.2958,977.6961,82581799.0
2015-04-15,976.0168,980.9773,972.2047,972.4691,33710700.0
2015-04-16,972.0695,977.9016,968.6853,969.5845,58814280.0
2015-04-17,972.7676,977.2375,969.8479,976.6904,51625882.0
2015-04-20,974.1149,975.584,964.6403,966.6243,55029591.0
2015-04-21,965.3178,969.2913,958.3255,962.9405,81972508.0
2015-04-22,963.3389,971.5637,963.2749,965.0475,83112895.0
2015-04-23,963.9114,964.4546,958.1339,960.4007,65528290.0
2015-04-24,954.6719,955.6317,948.7207,949.6557,178168191.0
2015-04-27,952.2848,956.1958,948.0726,955.824,87396006.0
2015-04-28,954.9425,957.1176,950.8722,954.564,59308602.0
2015-04-29,945.3554,945.5536,927.8982,929.6228,118304142.0
2015-04-30,925.081,925.5547,916.7603,920.8625,61376894.0
2015-05-01,922.5515,927.7197,918.5497,924.9657,50801245.0
2015-05-04,936.428,943.7805,932.6762,943.0556,80212330.0
2015-05-05,943.2049,953.9672,942.1759,944.1128,61912482.0
2015-05-06,940.85,943.9091,934.3764,934.3764,69670226.0
2015-05-07,934.3017,939.4971,925.7231,931.1496,56070205.0
2015-05-08,930.9507,931.1957,912.1237,927.8467,81014436.0
2015-05-11,926.2541,932.405,919.8131,921.2942,67093708.0
2015-05-12,910.0563,913.0893,900.8816,901.4034,120546779.0
2015-05-13,899.7007,901.1246,889.9495,895.144,54468369.0
2015-05-14,906.6942,911.0232,900.9796,909.9401,71364189.0
2015-05-15,910.5662,918.3752,905.9156,911.8485,91260117.0
2015-05-18,912.3667,919.4644,908.5349,913.1682,66786741.0
2015-05-19,913.442,913.8805,906.9994,913.6871,113509034.0
2015-05-20,917.6456,928.5709,914.8203,927.9704,44421774.0
2015-05-21,927.3698,940.4214,917.8143,923.4067,52020099.0
2015-05-22,920.6277,923.4955,907.8301,908.3944,65443291.0
2015-05-25,907.2993,907.6667,897.4203,902.264,37085862.0
2015-05-26,900.1112,904.8713,888.1187,889.3363,26191257.0
2015-05-27,889.6289,896.8971,880.682,892.8965,78478761.0
2015-05-28,892.3953,902.5565,886.6457,890.0612,68426278.0
2015-05-29,881.4474,886.6304,870.6667,871.378,40814918.0
2015-06-01,872.1101,879.0605,868.5929,874.8663,77245797.0
2015-06-02,867.2016,870.0274,846.8007,846.8007,57365009.0
2015-06-03,851.1291,868.5921,845.6158,866.3982,47399422.0
2015-06-04,862.2924,866.8269,841.6345,850.6928,97990130.0
2015-06-05,846.8537,846.8537,819.3795,825.5318,93081457.0
2015-06-08,820.5996,824.2283,808.5573,817.062,69336673.0
2015-06-09,823.0905,838.9542,820.5891,832.0405,47399884.0
2015-06-10,820.7299,825.3963,800.6041,801.0987,86230079.0
2015-06-11,793.7035,795.8634,763.4311,766.7172,60399482.0
2015-06-12,764.5382,770.0764,746.2956,752.7789,36098435.0
2015-06-15,753.374,760.0122,738.2488,756.0894,108006847.0
2015-06-16,763.2562,778.6849,763.2065,774.9859,66980672.0
2015-06-17,774.4364,775.6213,746.2831,754.0299,83043165.0
2015-06-18,751.5958,753.6829,733.0017,737.9381,43448502.0
2015-06-19,736.8936,739.0036,720.4121,732.545,91613249.0
2015-06-22,730.3866,743.626,714.1204,717.3722,32271126.0
2015-06-23,717.0359,719.8913,709.215,715.5098,70523292.0
2015-06-24,715.4087,715.7264,704.2996,714.4832,110229612.0
2015-06-25,712.7892,715.9896,696.8083,702.0508,35873156.0
2015-06-26,703.9896,710.457,695.0945,706.9334,74231665.0
2015-06-29,708.3471,720.6246,706.6985,712.0989,86489680.0
2015-06-30,723.243,729.2081,723.1267,725.1772,73610748.0
2015-07-01,723.7521,724.6485,715.0944,722.8764,73660160.0
2015-07-02,725.2424,733.9727,720.8333,732.5666,80090028.0
2015-07-03,734.9417,742.742,732.8891,737.6337,75637240.0
2015-07-06,738.4842,745.2041,736.7449,740.2742,82199882.0
2015-07-07,740.3419,743.4759,729.1522,740.9961,92793415.0
2015-07-08,742.9829,753.5164,738.7129,748.4776,28015007.0
2015-07-09,748.5128,751.7035,740.7181,748.5826,97731573.0
2015-07-10,750.3149,758.0716,748.8628,756.8793,103757979.0
2015-07-13,759.5272,774.6187,756.8971,771.0243,53577089.0
2015-07-14,770.9909,780.1287,770.0939,770.8943,77469188.0
2015-07-15,770.9649,778.6226,767.7442,771.0903,53635878.0
2015-07-16,772.3931,783.1809,772.064,773.6823,110252625.0
2015-07-17,771.6843,774.8794,764.9064,767.1274,70662118.0
2015-07-20,763.1888,766.151,751.5453,752.2873,31625579.0
2015-07-21,749.6958,750.4672,736.8831,737.8328,48567816.0
2015-07-22,740.76,749.0053,738.8709,747.1804,82454134.0
2015-07-23,747.5392,757.6226,744.2431,748.5303,91174525.0
2015-07-24,731.7179,732.7919,720.7548,721.1684,87852344.0
2015-07-27,719.8168,722.1558,710.1232,713.3939,51658782.0
2015-07-28,710.5905,712.0506,701.7467,706.744,87824571.0
2015-07-29,705.8502,715.5608,702.4314,702.6784,51131478.0
2015-07-30,705.2904,709.3381,700.5888,708.4039,44480563.0
2015-07-31,707.8732,715.7297,704.6185,707.1156,55558066.0
2015-08-03,707.172,713.3093,699.293,707.7938,41360540.0
2015-08-04,712.4052,718.9378,710.3363,715.4776,48569057.0
2015-08-05,720.7425,726.7906,720.1434,725.0483,48511284.0
2015-08-06,724.048,728.2345,722.5952,722.791,87370472.0
2015-08-07,722.3226,723.8558,712.7933,720.4643,91563777.0
2015-08-10,720.2953,726.0532,716.0905,719.513,67869718.0
2015-08-11,720.1523,725.6523,718.2357,722.3402,96747636.0
2015-08-12,721.4605,727.661,718.2235,719.9618,107663401.0
2015-08-13,720.9265,729.7151,719.7565,726.4317,81263689.0
2015-08-14,723.0803,723.1471,713.1821,716.5093,78576077.0
2015-08-17,712.0496,713.9346,703.306,704.0677,59222358.0
2015-08-18,705.4259,709.1579,701.5743,707.4325,33247191.0
2015-08-19,705.4936,706.3813,697.9331,699.9452,60877056.0
2015-08-20,699.3957,702.1719,695.7195,697.6015,53057860.0
2015-08-21,695.7829,698.7072,688.4063,689.5064,68968335.0
2015-08-24,690.255,695.0285,687.3205,694.3583,46843358.0
2015-08-25,692.7168,694.1448,688.0669,690.5833,88660715.0
2015-08-26,693.4604,697.2758,688.7633,697.2758,41662255.0
2015-08-27,706.3289,721.3614,706.075,720.8488,92414827.0
2015-08-28,719.8361,719.8361,711.4653,718.8968,99140285.0
2015-08-31,719.3056,722.3878,712.5081,720.0521,51530744.0
2015-09-01,721.6911,724.4359,719.7452,722.7629,75146228.0
2015-09-02,722.7945,730.5387,722.3346,725.2984,108106598.0
2015-09-03,725.7126,730.4129,725.0089,728.0118,59819175.0
2015-09-04,728.8512,733.516,725.3749,732.2562,89191426.0
2015-09-07,732.9182,739.2897,732.3762,735.4681,54257788.0
2015-09-08,741.3302,745.5126,740.1513,744.5261,45310569.0
2015-09-09,745.5408,748.151,742.6059,748.0686,68207337.0
2015-09-10,746.9207,746.9207,738.8181,743.2985,76110100.0
2015-09-11,738.6187,740.4763,729.3847,732.4927,64255929.0
2015-09-14,735.3012,740.1003,735.3012,737.5203,71707866.0
2015-09-15,741.3817,765.9467,741.3817,765.9467,61808724.0
2015-09-16,762.588,764.4809,754.757,757.6026,51747152.0
2015-09-17,757.567,760.9679,755.3668,757.5184,78175727.0
2015-09-18,757.274,758.0278,749.5835,754.7065,52802765.0
2015-09-21,753.8324,754.8518,747.3121,752.1747,74148144.0
2015-09-22,751.3996,752.2846,741.0392,743.6119,41778575.0
2015-09-23,745.603,748.4301,741.7306,748.0813,72523341.0
2015-09-24,748.0885,756.3063,745.7379,748.4824,81538312.0
2015-09-25,747.2763,751.8449,744.244,744.244,84397714.0
2015-09-28,744.3019,747.3379,741.6726,744.4203,48834353.0
2015-09-29,745.6378,752.9395,745.0526,748.1944,25190303.0
2015-09-30,747.7286,753.2178,742.6289,742.6289,141244977.0
2015-10-01,739.9599,744.927,734.6735,736.8281,55108642.0
2015-10-02,734.9191,737.2801,728.6047,729.7232,42726771.0
2015-10-05,732.7927,737.8771,729.3762,737.1103,50197220.0
2015-10-06,732.4699,734.5692,722.4637,724.5271,42824945.0
2015-10-07,725.7905,736.3915,718.2909,733.462,46724314.0
2015-10-08,731.9071,736.4693,725.093,725.973,67977539.0
2015-10-09,725.3477,725.3477,715.1609,716.0464,57826198.0
2015-10-12,716.5379,720.7006,711.2547,717.9906,59094893.0
2015-10-13,718.2006,720.8822,715.2902,718.724,59684003.0
2015-10-14,718.8503,723.9463,716.4725,719.2447,73051998.0
2015-10-15,719.2061,722.8164,716.4797,719.1875,62934776.0
2015-10-16,718.5673,722.4651,712.9785,713.1385,36419477.0
2015-10-19,713.8205,717.945,711.3177,715.1696,100100971.0
2015-10-20,715.3515,719.9384,710.7212,716.1972,87463638.0
2015-10-21,716.8187,722.1658,716.7242,719.2955,58637371.0
2015-10-22,720.9347,726.3491,716.9044,725.4951,68267042.0
2015-10-23,722.5807,722.5807,713.4616,718.4548,66721388.0
2015-10-26,722.5426,726.8757,722.5426,726.1483,68384530.0
2015-10-27,731.8429,737.2345,730.9182,737.2345,99626642.0
2015-10-28,737.0581,738.7188,731.281,735.3191,39974780.0
2015-10-29,737.0388,740.4347,735.1955,739.7646,45616831.0
2015-10-30,737.9493,738.5901,733.2957,736.0242,76421095.0
2015-11-02,736.5779,737.8695,733.8361,737.1402,96246398.0
2015-11-03,740.3706,742.6465,737.8871,741.7484,41761435.0
2015-11-04,740.803,742.4726,737.2786,738.9237,68702229.0
2015-11-05,732.5444,733.0809,727.868,729.2736,54513059.0
2015-11-06,734.3763,737.4072,733.675,737.0525,14965480.0
2015-11-09,738.428,741.8236,734.4736,740.6323,52919327.0
2015-11-10,738.4183,738.7348,730.227,734.2713,115308061.0
2015-11-11,731.3087,732.1659,723.9749,724.4373,88411464.0
2015-11-12,721.6083,723.7736,711.8843,711.9281,44782070.0
2015-11-13,712.9887,728.2473,712.7172,728.2167,89455271.0
2015-11-16,726.3282,731.3754,725.0285,725.0784,60844015.0
2015-11-17,725.2289,728.4134,723.8123,725.3772,49297656.0
2015-11-18,724.9717,726.4286,719.3612,724.4473,54222648.0
2015-11-19,727.2381,735.2131,726.6541,733.0988,78309055.0
2015-11-20,733.8598,737.1427,730.3628,736.2075,63473627.0
2015-11-23,736.4009,738.2477,731.5427,737.5393,64917839.0
2015-11-24,735.1195,738.5041,726.4997,728.4965,45068525.0
2015-11-25,728.4276,732.5795,726.3221,728.3561,84265644.0
2015-11-26,728.5282,731.092,720.9728,730.6069,93518926.0
2015-11-27,727.8908,731.2008,718.7812,718.7812,115274866.0
2015-11-30,719.6811,722.915,716.2258,721.0116,47744022.0
2015-12-01,716.2177,718.7753,711.37,712.9621,79264731.0
2015-12-02,713.377,717.6939,710.061,715.5947,58636121.0
2015-12-03,715.3118,716.4978,701.6665,707.5999,137999544.0
2015-12-04,706.9833,707.662,697.4084,698.2776,105153317.0
2015-12-07,699.4407,703.7489,692.9143,702.3029,98502718.0
2015-12-08,701.6095,704.214,698.8188,700.9449,98881178.0
2015-12-09,700.7665,710.4607,695.9236,699.0104,58090688.0
2015-12-10,699.1297,705.8956,695.5579,700.0355,95414460.0
2015-12-11,701.4509,706.3364,700.9013,704.2022,71946800.0
2015-12-14,704.4685,715.0995,702.737,713.2272,74773289.0
2015-12-15,713.0792,719.2702,709.9608,711.4027,84073826.0
2015-12-16,711.3835,712.9673,704.6599,710.2719,48869688.0
2015-12-17,710.5247,714.6808,706.5216,712.9683,72022939.0
2015-12-18,712.9526,715.8559,711.0609,712.519,44226503.0
2015-12-21,712.5596,716.5523,709.5012,712.8899,36387973.0
2015-12-22,714.1061,718.5047,713.0732,717.8576,66858657.0
2015-12-23,716.5201,718.2004,711.0562,712.9891,58184041.0
2015-12-24,714.4785,717.7395,713.6226,717.1016,39888252.0
2015-12-25,717.4248,721.7843,715.5693,718.6704,109419710.0
2015-12-28,720.655,725.2565,718.4036,723.4098,100766633.0
2015-12-29,723.8877,725.8929,722.633,725.1979,39058749.0
2015-12-30,724.0212,724.7482,719.6952,722.1567,53932898.0
2015-12-31,720.2667,720.7061,717.2751,719.2747,92906245.0
2016-01-01,717.3749,718.4376,708.4261,709.9975,77219702.0
2016-01-04,711.027,716.8149,709.1218,712.8249,63323354.0
2016-01-05,712.9896,713.5189,706.8731,713.3592,76961066.0
2016-01-06,713.166,716.7449,712.34,712.8309,60517435.0
2016-01-07,713.6005,716.2754,710.6563,715.7623,126095063.0
2016-01-08,716.0768,717.8111,713.8605,717.4005,69583407.0
2016-01-11,717.5486,727.9508,716.6148,726.5817,57421778.0
2016-01-12,725.4585,727.8702,724.5981,724.9423,97985358.0
2016-01-13,727.8582,738.8814,727.5395,737.0062,63079029.0
2016-01-14,738.4994,747.0232,738.0639,747.0232,41851688.0
2016-01-15,742.6024,742.6024,729.96,730.3853,55276054.0
2016-01-18,729.0285,730.309,723.2907,724.239,42266793.0
2016-01-19,723.7628,726.4652,720.8797,722.9456,52908843.0
2016-01-20,722.5902,727.1665,719.9889,721.4931,48589983.0
2016-01-21,720.812,722.6936,711.0631,713.6792,54747330.0
2016-01-22,715.2531,721.292,713.0654,720.6064,72032361.0
2016-01-25,719.2582,721.0487,713.9818,715.8371,53532303.0
2016-01-26,715.7294,723.8667,712.4722,714.3556,67265951.0
2016-01-27,713.1459,717.2835,709.0441,711.6798,69986868.0
2016-01-28,710.2166,714.7913,708.3179,708.7752,38151296.0
2016-01-29,710.7786,712.1289,708.8966,711.7858,103068566.0
2016-02-01,709.4601,710.043,699.7084,700.2442,62446344.0
2016-02-02,703.0595,709.9685,701.7403,708.8152,60683697.0
2016-02-03,712.8056,717.3528,710.4284,717.3528,63167320.0
2016-02-04,719.1389,729.2782,718.0119,727.4983,78518335.0
2016-02-05,727.4669,730.8287,725.0556,727.4207,145263087.0
2016-02-08,722.8066,726.4023,716.1711,716.9647,88335157.0
2016-02-09,716.3235,717.1058,708.4632,708.9762,33265250.0
2016-02-10,710.0986,715.1662,707.0146,714.0266,53364850.0
2016-02-11,715.5718,723.7943,715.2606,719.0638,100085125.0
2016-02-12,719.4302,720.2636,714.4073,720.0625,45318436.0
2016-02-15,721.8657,724.4272,717.3325,723.1371,84431857.0
2016-02-16,723.5789,727.5386,722.2784,724.3438,71372486.0
2016-02-17,723.5053,726.3654,721.4869,721.9911,66831418.0
2016-02-18,720.8016,722.9884,713.773,716.6658,51142191.0
2016-02-19,715.1389,716.7232,708.8197,710.3485,49058725.0
2016-02-22,711.7505,717.4853,710.2828,717.3884,60895882.0
2016-02-23,717.4378,720.0221,716.0265,717.5293,57581381.0
2016-02-24,717.1551,717.4113,709.0991,716.1792,97113684.0
2016-02-25,714.0246,715.7877,704.0881,706.4522,67647672.0
2016-02-26,705.9655,707.7411,701.6211,704.779,45159388.0
2016-02-29,704.9279,707.8945,703.573,705.2614,60562802.0
2016-03-01,707.5582,714.0147,706.6538,710.0903,48656629.0
2016-03-02,711.3584,713.4477,710.5147,712.0056,54923695.0
2016-03-03,710.7574,710.7574,705.0961,709.6129,103452469.0
2016-03-04,707.2623,709.0296,699.8526,700.4576,48353582.0
2016-03-07,701.7184,707.119,701.2361,703.3335,90353610.0
2016-03-08,705.5716,712.9275,703.7855,712.4013,81811076.0
2016-03-09,710.7025,711.4255,706.9959,707.092,52953141.0
2016-03-10,707.1693,709.9659,703.3213,707.3778,52364175.0
2016-03-11,706.2339,707.5738,703.8977,705.0321,58840265.0
2016-03-14,705.6925,720.4245,705.639,719.4275,32421602.0
2016-03-15,718.9917,718.9917,711.4447,715.4232,75389939.0
2016-03-16,714.0588,714.136,708.3441,709.9769,35424276.0
2016-03-17,710.8887,715.5662,709.2072,715.1299,125624144.0
2016-03-18,715.1963,718.456,710.2478,715.7504,63867118.0
2016-03-21,716.3209,725.2382,716.3209,720.105,69824649.0
2016-03-22,722.185,726.0306,718.897,725.6043,65632816.0
2016-03-23,729.2119,739.6341,728.298,738.2411,81101784.0
2016-03-24,737.6707,737.6707,730.9804,734.7451,115927632.0
2016-03-25,731.2512,733.9449,727.7418,729.0286,59692125.0
2016-03-28,726.782,729.1457,721.7769,722.8567,59982354.0
2016-03-29,722.7719,725.0703,719.3477,721.2465,57244624.0
2016-03-30,719.6855,720.0761,713.1258,714.0255,42826614.0
2016-03-31,712.9126,714.0023,702.4378,703.7755,52948284.0
2016-04-01,704.3732,707.3357,700.8472,706.4999,71955411.0
2016-04-04,711.7698,718.1278,710.4096,715.604,61097651.0
2016-04-05,716.6366,721.5892,712.5441,719.5102,91678076.0
2016-04-06,720.8506,724.2064,718.3499,724.2064,112473722.0
2016-04-07,723.6126,724.3204,719.1499,723.2947,69695671.0
2016-04-08,723.2148,724.9564,719.098,721.6396,57178655.0
2016-04-11,721.8786,726.2553,719.7782,724.1391,41109153.0
2016-04-12,724.618,728.6446,722.1125,728.5893,50906570.0
2016-04-13,728.6585,732.5064,726.7883,728.9824,107424567.0
2016-04-14,727.5894,728.8147,724.159,726.182,50771523.0
2016-04-15,726.4848,732.1045,725.8715,727.5131,33834191.0
2016-04-18,725.7829,726.4428,720.2681,722.7549,84120253.0
2016-04-19,723.6273,727.0191,720.6504,724.8435,145532073.0
2016-04-20,725.8039,729.6029,721.931,729.5267,76224682.0
2016-04-21,729.1211,732.799,725.6449,727.6497,67445848.0
2016-04-22,727.2834,728.7253,723.5969,723.6755,109938761.0
2016-04-25,723.717,725.9701,721.3402,723.8669,59860596.0
2016-04-26,723.594,727.288,720.4609,721.3128,52316090.0
2016-04-27,720.9278,722.1682,718.1913,719.0513,44418952.0
2016-04-28,718.8754,719.662,715.7723,717.2824,58101515.0
2016-04-29,717.8371,719.1579,716.3059,718.4207,131740640.0
2016-05-02,717.2906,721.5885,712.875,712.875,70456118.0
2016-05-03,713.6462,715.6889,707.802,715.6716,50170346.0
2016-05-04,716.3877,721.1374,716.3205,717.0792,68650710.0
2016-05-05,717.5836,720.1281,717.4593,717.7628,86379534.0
2016-05-06,718.055,719.6256,715.7946,719.2907,88111693.0
2016-05-09,719.6501,721.0909,716.0503,720.6696,51161723.0
2016-05-10,720.2312,723.391,718.6409,718.9644,76131493.0
2016-05-11,718.9594,721.3146,717.358,718.9476,88416026.0
2016-05-12,720.8043,724.4123,719.4352,723.1171,51362777.0
2016-05-13,720.9254,723.2213,718.0553,718.0854,50467615.0
2016-05-16,720.7943,725.8731,720.7768,722.8918,65944908.0
2016-05-17,722.8681,724.4115,717.8941,721.4582,36284177.0
2016-05-18,722.0408,725.2394,721.0745,723.2302,108529532.0
2016-05-19,723.4201,727.34,721.0497,726.9313,39206559.0
2016-05-20,728.0529,732.3543,725.875,730.7514,62443440.0
2016-05-23,730.1058,730.5206,725.3293,726.7095,53179120.0
2016-05-24,727.8363,733.5056,727.7866,730.7718,64853656.0
2016-05-25,730.6393,732.9532,728.4621,729.3662,89189599.0
2016-05-26,728.8924,728.8924,725.2566,725.8083,59024250.0
2016-05-27,725.861,728.2348,724.7347,726.2692,48402047.0
2016-05-30,727.5183,728.9722,725.8918,728.4356,74578668.0
2016-05-31,728.9399,734.8672,728.78,731.7091,75315831.0
2016-06-01,731.5792,733.5791,729.754,731.2256,30487181.0
2016-06-02,732.4044,735.3647,730.6186,735.3349,91708578.0
2016-06-03,737.6929,739.3017,737.1999,738.2576,61293678.0
2016-06-06,737.0737,738.5647,734.1871,734.1871,65092044.0
2016-06-07,735.199,742.4357,735.199,741.5346,80680761.0
2016-06-08,741.9387,743.3061,740.8036,742.6777,79283337.0
2016-06-09,742.9864,746.3261,741.6511,744.3264,62978882.0
2016-06-10,744.1209,746.0563,741.5873,743.512,33398636.0
2016-06-13,744.3648,747.2459,743.1905,746.4995,61407091.0
2016-06-14,745.707,748.9358,742.0624,743.3276,51112911.0
2016-06-15,742.8333,743.0425,736.0662,739.6733,55339911.0
2016-06-16,740.9961,743.9062,740.4646,742.8473,101205304.0
2016-06-17,743.6918,747.4858,743.3836,744.7122,52933560.0
2016-06-20,737.463,739.1418,731.6409,731.9346,54736799.0
2016-06-21,734.0046,741.8148,732.8694,740.3503,56227808.0
2016-06-22,739.769,740.9489,735.6223,738.8609,68589764.0
2016-06-23,739.2529,745.6571,736.4346,745.6571,58359388.0
2016-06-24,742.9199,744.9375,738.5908,740.0719,104294849.0
2016-06-27,743.1126,747.9073,741.188,746.8877,52436256.0
2016-06-28,747.0319,753.7535,747.0319,749.5215,23043233.0
2016-06-29,749.9471,755.0728,745.8421,753.2598,50547557.0
2016-06-30,755.1452,765.2797,754.6997,761.8862,93399557.0
2016-07-01,761.4858,762.5461,754.3607,755.7586,57636926.0
2016-07-04,752.1741,753.5713,746.5342,747.5516,58180277.0
2016-07-05,747.321,751.4762,745.7723,745.9087,107975170.0
2016-07-06,741.7987,742.4104,734.9782,737.0105,97949887.0
2016-07-07,737.635,741.4294,735.9475,740.7709,49739400.0
2016-07-08,740.1675,741.5376,733.9023,737.1391,56584474.0
2016-07-11,738.5658,744.6968,735.1993,743.8417,80117535.0
2016-07-12,743.9532,747.0229,737.834,744.1628,67601811.0
2016-07-13,744.3483,746.9273,737.0824,746.2173,48230270.0
2016-07-14,749.6247,759.8373,748.4079,758.7097,60292327.0
2016-07-15,758.2501,760.5739,757.0549,757.6737,68846562.0
2016-07-18,756.5528,756.733,752.0506,753.7153,58021334.0
2016-07-19,743.3393,743.7758,736.043,736.5304,42083039.0
2016-07-20,738.645,742.9317,735.6742,740.9013,69333969.0
2016-07-21,741.3657,743.5368,738.4696,741.7855,64929734.0
2016-07-22,741.7858,745.4313,738.0724,741.8531,56882125.0
2016-07-25,743.9826,753.0415,743.9778,748.748,45968310.0
2016-07-26,748.4652,749.6194,744.0264,747.5096,36723247.0
2016-07-27,747.8737,758.5795,745.9611,753.4635,24626554.0
2016-07-28,752.5356,754.0537,746.6061,747.4784,67906148.0
2016-07-29,743.126,747.4416,737.341,738.9904,62055197.0
2016-08-01,739.4503,746.0241,738.6251,741.1929,53707108.0
2016-08-02,739.1337,743.5762,737.3305,737.3305,57351466.0
2016-08-03,737.6454,741.4897,732.2566,739.5055,53079818.0
2016-08-04,741.8505,752.8793,740.638,752.6985,35626090.0
2016-08-05,753.0137,757.0889,749.2761,755.0888,63375275.0
2016-08-08,757.364,763.9749,755.4652,762.9953,57604596.0
2016-08-09,764.5702,769.0265,763.6558,767.1671,79748994.0
2016-08-10,769.4212,773.9294,766.7052,771.3525,48157343.0
2016-08-11,770.4826,772.9861,764.4489,764.4846,71005508.0
2016-08-12,765.5552,769.9919,761.3882,767.1637,42434768.0
2016-08-15,766.9388,772.2585,762.515,763.8114,56789798.0
2016-08-16,766.5292,768.484,766.2154,767.2841,91509375.0
2016-08-17,766.6561,770.8083,765.2761,765.7169,55546390.0
2016-08-18,763.9396,767.1821,758.1687,758.1687,47132580.0
2016-08-19,759.3746,767.0757,758.8734,764.1128,82380305.0
2016-08-22,764.4211,769.7608,763.7886,766.9635,132972957.0
2016-08-23,767.9158,775.2526,767.9158,773.7373,43919930.0
2016-08-24,775.1895,783.291,775.1895,780.5803,41620746.0
2016-08-25,781.1315,786.5468,776.3933,783.4473,54618814.0
2016-08-26,786.2525,793.8413,784.9685,789.5682,91556196.0
2016-08-29,790.4893,794.4911,788.1891,792.0394,46221665.0
2016-08-30,793.1836,795.9938,790.2257,795.3368,57438572.0
2016-08-31,793.6466,797.1692,787.0935,787.1003,52120671.0
2016-09-01,787.2426,790.6279,785.5492,787.6788,56597132.0
2016-09-02,787.4045,788.3038,779.6409,784.7706,63879498.0
2016-09-05,785.2298,790.5633,784.2125,789.679,43819990.0
2016-09-06,790.5128,794.7085,789.3708,792.7644,95200385.0
2016-09-07,791.9426,796.3047,786.1586,787.9373,41474056.0
2016-09-08,791.1282,797.717,791.002,795.8549,112552355.0
2016-09-09,794.4132,797.2832,791.0344,792.6841,42843943.0
2016-09-12,792.4651,796.423,789.1176,789.3338,93929645.0
2016-09-13,789.2899,790.523,784.925,786.7992,76378046.0
2016-09-14,787.7279,789.7436,786.4925,788.395,97186640.0
2016-09-15,785.0086,785.9545,778.0639,781.6173,72785034.0
2016-09-16,781.6207,784.9955,779.6887,781.628,31347996.0
2016-09-19,782.5004,791.1816,780.6795,790.9144,34248838.0
2016-09-20,791.7994,798.4738,791.6083,794.8338,75323718.0
2016-09-21,795.6651,801.3667,793.1912,801.2247,41184772.0
2016-09-22,796.6713,797.2814,789.3815,789.3815,54133928.0
2016-09-23,787.9901,792.9914,779.8291,780.215,44344858.0
2016-09-26,786.8979,792.8915,785.1925,792.8443,82063659.0
2016-09-27,792.353,794.1498,786.1457,787.9713,53879097.0
2016-09-28,786.3238,786.8881,776.7232,779.4094,38988123.0
2016-09-29,790.8503,794.4934,790.8503,793.9173,77401201.0
2016-09-30,792.8654,798.0158,785.8094,787.2744,80582376.0
2016-10-03,788.4765,793.736,787.827,792.8724,32942392.0
2016-10-04,793.9126,797.4526,788.2881,796.9879,60563738.0
2016-10-05,796.1902,802.4875,790.7978,792.5954,84873574.0
2016-10-06,791.5979,793.2633,787.5173,790.8479,71236580.0
2016-10-07,789.7079,793.2587,786.7041,786.9508,39945091.0
2016-10-10,787.1521,790.3154,784.4594,787.2745,79975946.0
2016-10-11,787.7901,790.9142,784.1777,789.4203,70828583.0
2016-10-12,789.6791,794.7202,787.3977,792.6137,53585262.0
2016-10-13,792.7164,801.1866,791.7313,795.6176,34962337.0
2016-10-14,794.1167,796.1237,789.1563,790.8942,46499086.0
2016-10-17,790.8887,792.5024,786.301,789.4942,54294182.0
2016-10-18,787.3961,788.1397,779.0217,781.3987,43452820.0
2016-10-19,786.3847,791.2938,785.2649,791.2938,82988622.0
2016-10-20,790.779,792.1524,786.0188,786.5131,77872494.0
2016-10-21,785.0889,786.1033,777.0568,777.0568,112194329.0
2016-10-24,777.7481,789.6199,774.921,784.7197,58162064.0
2016-10-25,783.5031,784.2793,774.9811,776.7643,52618224.0
2016-10-26,777.3747,782.4072,773.9572,780.2103,41109510.0
2016-10-27,781.3817,784.4992,777.0745,782.7423,75856671.0
2016-10-28,778.8701,781.0966,773.5292,774.0393,99002111.0
2016-10-31,773.0495,775.8034,769.6784,771.7876,75976497.0
2016-11-01,772.63,779.1012,770.9436,777.5541,55686275.0
2016-11-02,779.2383,788.8373,778.1726,785.8079,57351499.0
2016-11-03,783.7027,787.7465,781.4689,781.4689,54973391.0
2016-11-04,784.3896,790.8495,782.385,788.1431,59101770.0
2016-11-07,788.0291,789.4748,784.2722,787.7896,99129860.0
2016-11-08,787.1398,789.2329,784.5801,785.3067,35802278.0
2016-11-09,787.9272,793.8198,786.4526,791.5238,66991627.0
2016-11-10,796.0159,802.146,795.1442,800.0921,41105739.0
2016-11-11,800.9846,806.8347,799.9524,804.8563,97097298.0
2016-11-14,807.0602,813.6067,806.6473,812.3547,52597428.0
2016-11-15,811.338,811.4994,802.2541,809.5604,53422170.0
2016-11-16,809.4765,810.6125,806.699,809.3233,110785491.0
2016-11-17,804.8995,807.8275,801.7092,802.7977,83661852.0
2016-11-18,805.3848,810.5696,805.0307,809.1176,38076253.0
2016-11-21,809.4021,814.3696,806.1137,810.4035,129731464.0
2016-11-22,813.19,819.8433,810.7695,816.1531,39328389.0
2016-11-23,815.808,815.808,808.8752,811.6363,69249099.0
2016-11-24,812.1055,820.4502,811.302,819.522,58666674.0
2016-11-25,819.5834,821.6619,816.0544,820.906,65790935.0
2016-11-28,820.5621,821.6833,817.8227,820.1768,66466668.0
2016-11-29,818.6548,819.8052,814.0767,814.3295,75908170.0
2016-11-30,815.0152,817.9955,809.7556,817.6471,64040562.0
2016-12-01,812.8136,813.8907,809.2073,810.0059,99676094.0
2016-12-02,811.4948,816.6131,811.0208,816.3676,125160667.0
2016-12-05,816.2811,821.4407,814.908,816.0268,71443947.0
2016-12-06,814.5351,816.7352,808.7413,809.2107,90252307.0
2016-12-07,811.3884,818.8347,810.0414,817.4117,71299413.0
2016-12-08,815.4551,815.8217,810.5169,812.9044,90760962.0
2016-12-09,815.2863,818.6659,812.3648,817.7992,199095997.0
2016-12-12,817.8848,819.2822,812.8948,818.0999,62234935.0
2016-12-13,818.2965,825.2529,817.5312,819.0991,94445653.0
2016-12-14,819.4217,824.1065,818.0831,822.5612,92603671.0
2016-12-15,822.0754,822.0754,814.7498,820.5564,79010208.0
2016-12-16,826.1646,834.2194,825.1426,833.8298,66987992.0
2016-12-19,833.5595,835.3877,831.39,832.3857,86291786.0
2016-12-20,832.5383,837.1717,830.9378,833.4459,51642661.0
2016-12-21,832.5047,833.4055,829.447,831.5141,67319333.0
2016-12-22,831.2297,833.5433,824.226,826.5228,52060645.0
2016-12-23,826.2999,830.8049,823.3816,825.0241,48034579.0
2016-12-26,823.6116,825.2922,810.1838,810.1838,75625092.0
2016-12-27,811.0909,817.2742,808.6273,813.6139,45102150.0
2016-12-28,813.9006,816.2519,808.4421,816.0986,47869076.0
2016-12-29,813.508,814.6346,801.6529,801.8042,62986622.0
2016-12-30,801.223,812.202,798.4828,799.9962,86398900.0
2017-01-02,797.6977,798.7398,791.758,792.651,74163094.0
2017-01-03,792.9701,802.4361,791.8941,795.1121,52744274.0
2017-01-04,793.8608,796.4024,785.7681,788.8974,51398518.0
2017-01-05,791.7298,798.2909,791.0693,794.0433,52793921.0
2017-01-06,798.7796,814.7077,796.9129,814.3271,56785770.0
2017-01-09,813.7157,814.3541,805.8985,811.7009,62177628.0
2017-01-10,812.5716,816.1134,809.3921,814.1265,62027114.0
2017-01-11,815.6725,824.3488,814.6232,823.0215,91113958.0
2017-01-12,823.9217,824.8461,820.2221,824.8461,80773298.0
2017-01-13,823.5393,823.6687,813.3853,819.5307,63059092.0
2017-01-16,819.0722,820.5257,814.8486,818.5989,84565253.0
2017-01-17,818.2682,819.0355,811.8895,816.7411,108739623.0
2017-01-18,817.1756,822.7195,816.6571,818.6553,45966121.0
2017-01-19,819.42,822.473,810.8351,822.1597,50222742.0
2017-01-20,822.2846,825.3363,819.4325,824.1418,55568529.0
2017-01-23,824.4556,828.1371,818.6116,826.4051,118148181.0
2017-01-24,827.6679,833.6481,826.9707,832.5432,60603905.0
2017-01-25,832.4397,837.7818,829.9917,830.6469,41171061.0
2017-01-26,830.0673,833.794,827.0789,828.7986,106230123.0
2017-01-27,828.5035,831.4782,826.0346,827.6252,101631201.0
2017-01-30,827.7737,833.0971,827.2275,830.629,43209838.0
2017-01-31,830.5548,833.1083,827.5609,828.6694,82545047.0
2017-02-01,830.6966,834.6705,829.4828,834.2912,33356595.0
2017-02-02,833.3283,833.9927,828.6149,832.0899,39581627.0
2017-02-03,832.0816,837.317,830.2942,832.0002,108167030.0
2017-02-06,829.9463,831.6202,825.2958,827.9048,59573606.0
2017-02-07,828.5367,831.1759,827.096,830.3679,94124227.0
2017-02-08,829.7052,831.7394,826.8623,827.5858,72670826.0
2017-02-09,827.8572,833.9294,826.948,831.7462,71365374.0
2017-02-10,831.7376,834.4593,830.8056,831.7278,46705079.0
2017-02-13,832.8587,842.4629,832.3855,837.329,62132587.0
2017-02-14,839.6285,843.988,839.6285,842.7183,69418823.0
2017-02-15,842.2536,845.2117,839.8976,839.8976,57231351.0
2017-02-16,841.6972,847.2315,840.8713,846.5204,67246371.0
2017-02-17,846.0777,846.8475,839.8197,840.309,52508540.0
2017-02-20,837.9195,840.6674,835.7412,836.0282,54659969.0
2017-02-21,835.9111,838.7636,832.1884,834.2495,115790249.0
2017-02-22,834.2517,834.8689,829.8983,834.2833,51253027.0
2017-02-23,833.6289,835.0013,826.5493,830.1554,112139833.0
2017-02-24,830.2225,834.3761,824.1424,831.613,60056965.0
2017-02-27,831.7544,835.4751,828.3369,832.7065,43884381.0
2017-02-28,833.0808,834.6753,829.8639,834.2116,73698732.0
2017-03-01,835.0273,839.7194,832.7614,838.2775,53475977.0
2017-03-02,838.3389,842.1518,836.3744,838.6404,128682534.0
2017-03-03,839.1861,844.1372,838.8775,843.4259,40104056.0
2017-03-06,844.3352,850.0453,842.7817,848.0701,77114686.0
2017-03-07,850.7967,857.3414,850.5035,856.808,42083584.0
2017-03-08,856.1877,857.6422,851.224,855.1234,75740365.0
2017-03-09,855.1252,859.6925,854.378,855.1365,46959920.0
2017-03-10,856.9575,863.3708,856.2891,862.8239,61172463.0
2017-03-13,859.9194,860.9884,856.8861,857.0256,138446186.0
2017-03-14,857.5569,860.5562,855.9741,858.4982,60712208.0
2017-03-15,862.8996,871.8155,861.3038,870.2411,84081861.0
2017-03-16,870.2683,872.5724,866.6139,870.4403,59923759.0
2017-03-17,873.8899,881.3437,873.6384,878.5178,66730686.0
2017-03-20,884.6274,891.3907,883.294,890.3064,59556472.0
2017-03-21,890.2187,891.9147,888.1866,890.0836,70138462.0
2017-03-22,890.8379,893.5107,888.1503,892.6764,63439640.0
2017-03-23,894.0694,896.8,892.3794,895.8558,105025728.0
2017-03-24,894.6299,895.1994,890.5923,892.9233,76977405.0
2017-03-27,891.3635,892.8998,889.5199,890.087,99612717.0
2017-03-28,890.114,895.5591,886.1501,891.7737,81074923.0
2017-03-29,893.5686,896.8715,892.2141,895.3084,42269458.0
2017-03-30,895.512,899.4343,894.2866,896.1803,49458796.0
2017-03-31,896.6052,900.5559,896.2937,897.0719,45816121.0
2017-04-03,897.3065,899.5697,894.8312,898.1251,49588713.0
2017-04-04,897.3747,898.8955,890.5727,893.3357,43339368.0
2017-04-05,895.274,902.4984,893.7129,901.9981,84743565.0
2017-04-06,901.5055,904.4791,899.6378,900.359,99246335.0
2017-04-07,899.5404,903.9898,896.5251,897.9329,26831201.0
2017-04-10,898.9195,903.3955,896.4158,902.9357,76486482.0
2017-04-11,904.1342,907.3797,903.6605,906.6071,43075012.0
2017-04-12,903.0976,904.2569,895.3413,896.8317,83788649.0
2017-04-13,896.726,900.6098,894.8781,896.5041,83201239.0
2017-04-14,898.5511,901.7949,897.9293,900.762,118915161.0
2017-04-17,902.2541,905.8092,900.382,905.3962,83476085.0
2017-04-18,904.2697,905.9141,895.0283,898.1051,43704277.0
2017-04-19,899.2945,905.1073,898.4416,902.2043,72302642.0
2017-04-20,901.7883,902.2262,896.8652,900.9254,44424315.0
2017-04-21,899.0464,899.0464,884.1625,887.6271,28031506.0
2017-04-24,886.5089,888.4492,879.884,882.6015,97374551.0
2017-04-25,881.4776,881.4776,875.0086,875.0086,88571090.0
2017-04-26,876.0478,877.4522,871.7685,876.8152,71915993.0
2017-04-27,876.5085,880.2646,874.1842,874.7923,123816095.0
2017-04-28,876.0678,884.2252,875.5626,880.7521,58071788.0
2017-05-01,881.3253,887.9399,878.865,885.4609,90284788.0
2017-05-02,882.4599,884.0826,871.5454,875.3103,45476329.0
2017-05-03,873.4039,878.1345,871.9811,871.9862,85371104.0
2017-05-04,872.0191,875.3326,866.6849,872.0862,112462480.0
2017-05-05,870.9833,871.936,866.6042,868.4574,84514108.0
2017-05-08,870.3007,881.2447,866.4631,879.2694,32867513.0
2017-05-09,879.4576,882.3974,875.2063,879.6917,35523457.0
2017-05-10,879.476,880.1277,874.4281,878.7265,53342872.0
2017-05-11,877.1881,881.1142,870.9543,873.4961,116491241.0
2017-05-12,872.6435,879.8239,868.7254,869.8124,84224532.0
2017-05-15,869.4965,871.0103,859.842,862.4249,50964206.0
2017-05-16,867.1122,880.072,867.1122,878.9525,82619998.0
2017-05-17,879.433,883.4919,877.1982,881.2726,49360495.0
2017-05-18,879.495,883.6596,871.2443,873.4826,45233544.0
2017-05-19,872.398,872.444,862.9774,870.863,83922920.0
2017-05-22,873.1408,875.2476,866.7286,875.1624,46690768.0
2017-05-23,872.9078,872.9078,857.4611,861.2621,131636428.0
2017-05-24,862.4755,883.9014,861.5941,882.3599,32540181.0
2017-05-25,882.5133,885.7368,877.2823,882.9656,58347576.0
2017-05-26,882.7057,884.3346,875.6442,882.0164,99743496.0
2017-05-29,882.8229,888.1928,881.9051,886.7133,74953483.0
2017-05-30,888.402,897.6078,886.3888,893.2326,46617448.0
2017-05-31,895.4476,900.8182,893.2602,899.979,127640685.0
2017-06-01,900.9033,910.4476,900.056,909.2512,105614918.0
2017-06-02,903.4938,907.1363,899.6869,900.3358,66170395.0
2017-06-05,900.4989,905.0178,898.3306,901.6031,65250609.0
2017-06-06,902.8295,908.3086,900.6306,905.8903,97937392.0
2017-06-07,903.5051,904.3374,891.249,891.7293,96358932.0
2017-06-08,889.8983,893.7026,882.9115,883.5288,79987176.0
2017-06-09,877.7227,878.0867,871.3257,872.9687,104663056.0
2017-06-12,873.0083,874.4474,866.5408,873.6319,88877062.0
2017-06-13,876.4642,885.932,874.4993,884.5657,96662686.0
2017-06-14,885.5624,888.383,878.2718,888.383,47208545.0
2017-06-15,887.6377,890.1611,882.8647,886.9436,38155252.0
2017-06-16,885.4676,888.021,874.4324,877.3824,79420810.0
2017-06-19,877.5307,879.7455,875.6269,878.7112,127214680.0
2017-06-20,876.2551,877.4977,871.7138,874.8363,37535747.0
2017-06-21,881.6417,890.7458,879.4273,890.1644,72632272.0
2017-06-22,891.1658,897.1323,889.0224,895.519,50013219.0
2017-06-23,895.2945,898.04,891.8312,891.8867,64784700.0
2017-06-26,890.3338,894.3941,887.1335,887.7799,84079398.0
2017-06-27,894.532,901.0121,892.8487,900.9523,71594077.0
2017-06-28,899.9954,900.8988,893.848,894.2374,46787459.0
2017-06-29,901.2855,905.7882,898.5299,905.4842,67320928.0
2017-06-30,907.0942,912.9014,906.1456,910.2745,111331833.0
2017-07-03,909.0015,911.0345,903.3081,906.4309,49229754.0
2017-07-04,906.553,908.6747,899.3268,907.9607,52047299.0
2017-07-05,907.0122,908.6225,904.7266,906.2764,83811553.0
2017-07-06,906.5339,910.2162,903.0497,907.2703,109392440.0
2017-07-07,908.0676,910.2489,904.1875,909.4064,56918915.0
2017-07-10,908.4193,910.1696,900.9513,905.7999,41332862.0
2017-07-11,904.605,907.9614,898.4721,900.8272,52066027.0
2017-07-12,900.8606,904.5667,897.4809,901.2113,54165185.0
2017-07-13,901.4268,903.4169,897.6096,902.0813,52461445.0
2017-07-14,901.5054,907.2925,900.8785,900.8785,68290542.0
2017-07-17,901.2992,916.8227,901.0167,914.8788,47924840.0
2017-07-18,914.7906,918.2043,912.1591,914.0944,181198858.0
2017-07-19,912.8931,914.1309,906.1888,906.8761,114493257.0
2017-07-20,905.1533,905.9708,899.6992,900.2745,63256466.0
2017-07-21,899.5359,903.3356,896.7971,898.153,36649869.0
2017-07-24,897.5158,898.0887,890.8558,893.1402,94888413.0
2017-07-25,893.2271,896.0296,887.2931,895.0528,52189638.0
2017-07-26,897.7698,905.701,897.6136,905.701,76333252.0
2017-07-27,906.2502,909.7613,903.0966,909.6965,85137557.0
2017-07-28,907.9212,909.8334,900.777,903.6149,63297984.0
2017-07-31,904.0661,906.3968,900.9165,904.651,47598442.0
2017-08-01,907.3836,918.4543,907.3836,914.786,66387457.0
2017-08-02,914.0124,916.487,907.3877,911.0239,46273773.0
2017-08-03,906.628,907.0691,890.9491,892.5807,90752452.0
2017-08-04,889.8829,893.4557,881.152,885.5529,102421377.0
2017-08-07,886.2628,901.2377,883.3898,895.9377,53181629.0
2017-08-08,897.1101,902.956,883.3314,902.0325,34503999.0
2017-08-09,904.5841,912.1946,904.4499,907.7994,74511489.0
2017-08-10,910.2332,915.1843,907.3913,915.1528,48344676.0
2017-08-11,917.5839,925.3651,915.9317,921.9081,41128159.0
2017-08-14,922.5496,928.6756,921.4811,925.6513,148883843.0
2017-08-15,925.7523,927.0519,923.0529,925.8174,37642119.0
2017-08-16,927.0507,929.2218,923.2829,928.5185,74333780.0
2017-08-17,928.6895,932.7745,926.3719,929.4499,83551150.0
2017-08-18,931.391,940.2303,931.1299,935.6962,61185871.0
2017-08-21,936.2063,940.375,932.4511,938.9726,98790792.0
2017-08-22,939.1147,941.0211,935.5109,939.5742,70053396.0
2017-08-23,941.0176,945.4974,937.9275,945.4974,108359221.0
2017-08-24,943.5454,944.2841,931.3907,931.3907,62698424.0
2017-08-25,935.6119,967.1984,935.2099,964.6999,47253819.0
2017-08-28,965.6354,968.0242,960.7566,967.8003,68904372.0
2017-08-29,967.9194,971.8987,963.7649,968.3585,82030961.0
2017-08-30,968.7071,974.4247,964.5005,969.6874,87867328.0
2017-08-31,976.6615,981.2456,976.2812,980.6237,59347117.0
2017-09-01,983.0005,989.792,982.286,989.2954,46288587.0
2017-09-04,993.0125,1000.8532,991.7754,996.2057,101320837.0
2017-09-05,999.0785,1006.1357,996.4115,1003.0803,81722639.0
2017-09-06,1003.5404,1009.5446,1003.2081,1004.1791,54824917.0
2017-09-07,1002.2815,1003.6897,994.6065,995.9573,113128871.0
2017-09-08,990.105,990.8056,985.7099,988.0999,58671199.0
2017-09-11,988.1962,992.4773,979.7778,990.3027,63065764.0
2017-09-12,990.6337,996.0464,988.7899,991.1863,75510827.0
2017-09-13,990.2815,994.2776,987.0461,988.0052,90008001.0
2017-09-14,987.9876,991.2208,983.8723,987.7952,105107477.0
2017-09-15,989.4761,992.5541,986.5277,992.5541,95468694.0
2017-09-18,990.3156,991.3559,982.0234,983.0681,54756746.0
2017-09-19,985.6952,991.6911,983.5596,990.598,45874565.0
2017-09-20,992.0774,997.6571,988.1495,996.1275,54475740.0
2017-09-21,1001.1539,1007.1582,997.5895,1007.0547,34675411.0
2017-09-22,1006.0368,1013.406,1002.6507,1004.0222,46078427.0
2017-09-25,1007.3935,1012.4678,1005.5687,1012.0866,70086440.0
2017-09-26,1011.9677,1017.7423,1010.5022,1011.5898,103908978.0
2017-09-27,1009.657,1009.9691,998.0986,998.9962,52198047.0
2017-09-28,999.9362,1008.6729,999.286,1005.775,143753691.0
2017-09-29,1004.0406,1005.0951,996.2528,1002.1259,62775480.0
2017-10-02,1001.5912,1006.7849,994.7846,1000.3373,71112141.0
2017-10-03,996.8245,997.3576,989.1475,991.936,49475659.0
2017-10-04,988.8097,988.8097,981.1834,981.1834,55494282.0
2017-10-05,980.7588,985.6438,973.7572,973.7572,44153882.0
2017-10-06,973.5795,977.2636,970.2004,972.3923,85026127.0
2017-10-09,970.1074,970.1074,964.0134,968.0942,108578545.0
2017-10-10,965.6604,966.5596,956.5401,958.8516,39576457.0
2017-10-11,958.2092,958.2092,947.4552,953.7284,69412800.0
2017-10-12,954.6825,967.088,954.5296,961.8145,82996126.0
2017-10-13,959.6706,964.5501,950.23,951.971,44287024.0
2017-10-16,953.5091,961.3418,951.616,957.7835,80515388.0
2017-10-17,960.0143,965.1455,958.6404,961.9463,68551171.0
2017-10-18,970.075,982.3443,968.9962,980.1717,47530525.0
2017-10-19,980.4461,985.9813,979.0958,981.694,98812674.0
2017-10-20,982.3572,990.4447,979.7956,986.1802,98771312.0
2017-10-23,984.8476,987.1373,980.8908,983.3504,94706384.0
2017-10-24,986.2901,992.8277,983.369,991.4857,43982776.0
2017-10-25,991.3761,996.577,988.9113,989.9323,81493342.0
2017-10-26,995.2027,1015.0557,994.1582,1014.731,80957077.0
2017-10-27,1013.4132,1014.396,1002.0504,1010.3384,88363837.0
2017-10-30,1007.7975,1012.9781,1001.3314,1002.0171,38053329.0
2017-10-31,1002.1368,1004.6626,996.409,1002.6909,87051114.0
2017-11-01,1000.6141,1007.8144,997.5869,999.4225,50390346.0
2017-11-02,999.251,1003.307,997.4325,998.2161,106034408.0
2017-11-03,1000.8912,1005.3726,998.1731,1004.8705,62989754.0
2017-11-06,1002.646,1004.6045,986.6744,994.5371,88794790.0
2017-11-07,993.4527,994.6846,982.9973,990.2329,55170814.0
2017-11-08,989.7369,991.1782,979.9479,986.9792,90315509.0
2017-11-09,986.8003,988.9302,977.2988,978.4194,65567839.0
2017-11-10,971.1711,971.3191,951.6806,951.7952,33945369.0
2017-11-13,950.9368,954.9199,944.2281,948.0518,78596271.0
2017-11-14,943.2103,945.6746,927.6839,927.741,112751074.0
2017-11-15,929.5235,941.6684,925.2613,934.7262,64070583.0
2017-11-16,929.4178,929.9223,912.7263,916.5232,50009941.0
2017-11-17,911.0736,913.1804,894.9364,899.8362,52002086.0
2017-11-20,898.7072,908.1546,888.334,889.0014,34944091.0
2017-11-21,891.5852,898.482,888.9552,894.7361,64516576.0
2017-11-22,891.0172,896.5829,879.9803,881.8252,109337029.0
2017-11-23,883.7818,897.5115,880.1744,895.2286,100528085.0
2017-11-24,902.2614,925.0921,902.2614,923.0495,80657111.0
2017-11-27,923.4421,933.32,919.4159,927.5801,40889274.0
2017-11-28,928.5566,937.0282,927.4092,930.8808,77034109.0
2017-11-29,931.1435,943.9066,929.1967,935.3937,89643063.0
2017-11-30,933.59,935.4346,925.6193,929.6554,62194148.0
2017-12-01,928.6847,929.104,909.8378,912.2088,65240710.0
2017-12-04,910.9754,916.4892,906.0372,909.0838,81755910.0
2017-12-05,906.2718,913.7851,894.485,894.5347,67651031.0
2017-12-06,887.246,889.9257,873.5102,874.4823,63887325.0
2017-12-07,874.3299,881.2044,871.0165,874.1296,54857259.0
2017-12-08,858.0272,859.931,831.8954,834.4376,62895700.0
2017-12-11,838.3093,849.6368,834.7325,846.7428,96009896.0
2017-12-12,846.5871,855.4699,840.7236,845.8835,87094091.0
2017-12-13,846.3442,857.1318,842.4969,849.077,98846459.0
2017-12-14,845.1245,847.152,823.616,826.9245,71548387.0
2017-12-15,827.4161,832.3279,818.125,828.4788,41241732.0
2017-12-18,829.9571,844.2912,826.4305,836.9237,59518778.0
2017-12-19,848.2225,870.6018,845.1714,861.1955,75928512.0
2017-12-20,861.6805,866.795,849.8278,866.1802,33142237.0
2017-12-21,862.9239,864.3622,849.9761,857.9087,47234146.0
2017-12-22,859.0171,863.4571,847.7763,860.9907,54149787.0
2017-12-25,853.8207,856.4444,834.4155,838.7888,59226867.0
2017-12-26,827.2417,828.5825,806.3792,811.6834,76304460.0
2017-12-27,809.0493,810.5146,791.3375,806.6256,58325849.0
2017-12-28,807.8473,815.8796,805.0166,811.929,142734074.0
2017-12-29,817.4535,828.9775,813.0607,827.418,91492436.0
2018-01-01,828.768,836.006,817.6395,831.2588,51632687.0
2018-01-02,831.0203,833.8662,820.3888,828.8022,188347714.0
2018-01-03,827.9463,829.484,817.0224,826.2544,34770111.0
2018-01-04,821.7317,827.4893,814.9766,815.7744,56544456.0
2018-01-05,813.6579,814.2372,806.6826,809.29,58581162.0
2018-01-08,811.4201,830.694,809.858,819.6552,51194944.0
2018-01-09,823.9289,840.8777,823.2001,833.5704,94499485.0
2018-01-10,831.5163,835.4526,819.289,823.8766,57427163.0
2018-01-11,824.8672,833.4416,823.5921,828.2508,27127368.0
2018-01-12,820.7855,820.7855,804.9061,809.6626,72706846.0
2018-01-15,808.0362,811.1645,797.3855,802.5168,36608808.0
2018-01-16,803.8864,810.7891,802.4341,806.8044,70016116.0
2018-01-17,809.6633,823.9248,808.8483,819.0763,40750665.0
2018-01-18,819.2921,827.0343,817.1424,819.5598,147268601.0
2018-01-19,827.7678,842.1516,823.5897,840.9712,67658364.0
2018-01-22,839.4828,840.6776,831.6839,837.1668,88373758.0
2018-01-23,842.9751,857.3427,841.0666,852.2671,58753664.0
2018-01-24,853.3646,859.9055,851.5273,858.5879,92789583.0
2018-01-25,854.8269,857.5525,840.6536,844.7281,54116210.0
2018-01-26,846.6366,861.7207,841.4226,855.0783,50407295.0
2018-01-29,854.7386,859.2091,847.5659,853.1186,82916192.0
2018-01-30,853.1216,856.8415,848.1562,853.1486,77005016.0
2018-01-31,856.8893,866.3327,856.0816,863.5877,59985984.0
2018-02-01,863.8285,867.8978,859.0037,865.1307,54090277.0
2018-02-02,865.3471,868.019,858.1906,865.7885,29518631.0
2018-02-05,865.0102,866.5308,858.5394,860.7169,42521427.0
2018-02-06,862.0179,867.9258,861.2401,864.4529,70184449.0
2018-02-07,868.1997,875.9186,868.0489,871.4312,35933728.0
2018-02-08,870.4194,871.3088,855.399,855.9568,77674422.0
2018-02-09,862.2958,869.2758,859.9083,868.0035,65612571.0
2018-02-12,867.55,872.175,864.3599,866.8238,70838696.0
2018-02-13,867.8623,890.4783,867.3807,888.0058,55075400.0
2018-02-14,891.1401,903.2529,887.6203,902.9041,49587015.0
2018-02-15,901.8848,903.4559,896.4174,901.1744,62813897.0
2018-02-16,898.8446,898.9262,887.7209,890.2845,76144394.0
2018-02-19,891.2355,899.9837,890.229,893.2687,67812847.0
2018-02-20,892.0364,892.0364,874.2631,877.1967,40384491.0
2018-02-21,880.3836,896.8247,880.3836,892.7957,62707132.0
2018-02-22,896.0948,908.143,896.0948,903.3195,58493332.0
2018-02-23,899.898,902.3013,888.7911,892.9365,86690310.0
2018-02-26,893.2,901.2433,889.8337,898.3979,68970899.0
2018-02-27,898.4914,907.9071,897.3488,898.7305,69912820.0
2018-02-28,900.7094,909.7086,900.3276,907.6014,46357038.0
2018-03-01,907.173,911.251,895.527,904.0825,75775174.0
2018-03-02,905.1609,911.1744,898.1361,909.1888,56463747.0
2018-03-05,909.8798,914.5927,907.4016,913.098,60376087.0
2018-03-06,912.58,916.4272,908.9602,911.4246,66797234.0
2018-03-07,914.1863,919.7644,913.6627,916.4209,132195956.0
2018-03-08,918.2244,931.5714,917.8632,927.3802,38517514.0
2018-03-09,924.2472,927.1649,918.1333,921.83,71494497.0
2018-03-12,920.2379,921.4474,908.3001,909.6609,114455352.0
2018-03-13,900.5955,905.4026,892.3872,893.1436,48548014.0
2018-03-14,892.6027,895.5517,884.4115,888.9571,43141634.0
2018-03-15,888.1161,888.9563,878.1183,884.3798,48308936.0
2018-03-16,885.7306,892.943,875.9775,892.2817,128637809.0
2018-03-19,888.8076,890.0552,878.3219,879.0235,72885269.0
2018-03-20,881.6416,896.5265,876.3402,896.2804,48419942.0
2018-03-21,898.7059,908.804,895.2748,903.346,49079204.0
2018-03-22,902.8422,904.4913,889.1799,890.7592,80237255.0
2018-03-23,886.2083,886.3297,876.5482,883.1597,42524308.0
2018-03-26,881.7547,884.3139,866.3909,868.2442,72026782.0
2018-03-27,867.7033,871.8996,852.3682,853.3077,46937214.0
2018-03-28,851.3693,858.0887,846.0858,846.0858,57134216.0
2018-03-29,847.1425,856.4328,845.7593,849.9709,49918405.0
2018-03-30,849.9697,858.4015,844.8764,849.9496,40302536.0
2018-04-02,851.4026,877.8507,850.8919,877.4566,89305445.0
2018-04-03,874.3721,880.8494,861.8149,863.4194,116720216.0
2018-04-04,861.4529,862.2861,844.5146,844.8841,99444596.0
2018-04-05,844.7673,847.6213,835.2604,842.5964,90473671.0
2018-04-06,843.689,854.4765,843.1761,852.8826,90038408.0
2018-04-09,851.7051,858.0831,846.4146,847.6504,87823910.0
2018-04-10,845.6505,846.6925,836.8873,842.1471,24624290.0
2018-04-11,842.3131,845.4391,837.8667,842.9708,68303396.0
2018-04-12,847.6741,854.239,843.1821,853.6986,101733895.0
2018-04-13,853.9662,861.3501,851.2789,854.7064,66456113.0
2018-04-16,852.0728,854.3708,846.9762,848.6801,52019242.0
2018-04-17,851.9641,859.9978,845.454,859.1263,81218313.0
2018-04-18,859.7106,869.9476,859.0641,864.0045,97034453.0
2018-04-19,864.8317,868.5017,863.1217,867.1681,108100805.0
2018-04-20,867.3246,876.2794,866.2316,867.7522,71438219.0
2018-04-23,868.6532,875.1337,867.0541,870.1464,89080760.0
2018-04-24,869.7096,870.8119,861.1142,865.9352,87585211.0
2018-04-25,868.1438,881.7735,868.1438,878.5698,97235173.0
2018-04-26,882.3814,896.3281,881.1098,894.4967,48038184.0
2018-04-27,893.6079,893.6079,881.2097,884.6967,55213763.0
2018-04-30,885.0605,889.8385,880.1358,885.792,60537664.0
2018-05-01,887.6466,896.5555,887.6239,893.8803,58738411.0
2018-05-02,893.2399,894.6051,885.8115,889.2926,60228330.0
2018-05-03,890.7347,894.7561,885.5853,892.5906,63264147.0
2018-05-04,891.9455,892.4196,877.9848,886.1818,43125219.0
2018-05-07,887.7497,897.1167,887.7497,896.4314,133217986.0
2018-05-08,895.4304,898.8581,890.1148,893.0421,95768481.0
2018-05-09,893.4914,895.5126,885.4614,894.9531,47440865.0
2018-05-10,895.1959,905.7993,894.0372,904.0765,54288280.0
2018-05-11,903.4983,908.8839,902.219,902.3063,95109391.0
2018-05-14,907.25,916.2692,906.5999,914.0026,39782382.0
2018-05-15,916.5106,920.5884,915.4332,920.1514,52057521.0
2018-05-16,917.0496,918.8566,912.2029,912.2029,35127732.0
2018-05-17,917.4071,922.6322,915.7379,921.3265,64868814.0
2018-05-18,921.5056,928.4443,914.91,922.4886,37978906.0
2018-05-21,926.0482,930.2039,923.8207,929.2218,73899729.0
2018-05-22,930.0889,934.7143,926.6508,932.9426,72239304.0
2018-05-23,931.3797,932.294,924.9626,929.6287,84772262.0
2018-05-24,930.3883,942.3711,928.0429,934.3983,74385476.0
2018-05-25,935.4462,943.1262,935.3703,940.9607,45011224.0
2018-05-28,943.4141,949.7954,942.202,947.0403,32715822.0
2018-05-29,946.6675,951.7507,945.7685,945.7685,86486800.0
2018-05-30,946.195,950.0782,942.8028,947.7004,63468868.0
2018-05-31,947.913,954.9267,945.622,949.5498,40154537.0
2018-06-01,948.0604,948.0604,943.4114,944.4672,56808517.0
2018-06-04,944.1784,947.2482,939.5711,943.0528,42789460.0
2018-06-05,941.8979,944.8629,936.7598,936.7598,108766285.0
2018-06-06,938.8079,949.6083,938.4962,948.2327,73309689.0
2018-06-07,949.2496,957.8934,948.2161,952.2941,61245847.0
2018-06-08,950.2954,951.3607,946.5844,947.9543,55031773.0
2018-06-11,948.1915,954.1181,945.5915,949.6025,75364726.0
2018-06-12,950.257,956.4081,950.257,950.9264,49720376.0
2018-06-13,950.2202,954.002,945.9947,948.1436,39569370.0
2018-06-14,943.0708,943.3374,935.2865,936.4932,98979304.0
2018-06-15,938.105,947.1184,936.7537,945.1626,109264136.0
2018-06-18,942.3148,944.1845,939.9095,940.7185,84462998.0
2018-06-19,939.634,941.6539,933.9472,935.5424,50781865.0
2018-06-20,934.5148,937.3191,929.6083,932.865,96140946.0
2018-06-21,932.7608,934.1208,929.2077,932.4732,50127978.0
2018-06-22,932.8487,941.972,932.1898,938.4648,33675501.0
2018-06-25,940.1074,944.9053,937.2892,944.9053,128905440.0
2018-06-26,949.4685,956.6256,946.4341,953.9884,73169099.0
2018-06-27,952.5846,956.1736,949.8084,951.0517,81947684.0
2018-06-28,950.6879,950.6879,944.8983,948.8702,72001567.0
2018-06-29,949.8707,953.7761,948.3145,951.3391,74161198.0
2018-07-02,952.875,956.8223,949.7112,956.8223,45390748.0
2018-07-03,959.6223,963.0883,956.3979,962.9794,80874619.0
2018-07-04,962.8774,965.7161,957.5888,961.0056,60303812.0
2018-07-05,961.5216,969.2625,957.2161,967.9099,65152581.0
2018-07-06,968.71,974.7202,967.241,970.5018,71394274.0
2018-07-09,970.2821,971.7631,965.3781,969.4662,105340958.0
2018-07-10,972.4673,982.3342,971.9884,980.8097,88887175.0
2018-07-11,980.9346,985.9213,980.1156,981.3332,48595352.0
2018-07-12,983.4662,988.6416,983.4662,986.4257,58332657.0
2018-07-13,985.3824,988.4663,983.9843,984.599,43292514.0
2018-07-16,984.6649,984.9835,981.9294,984.6836,98522408.0
2018-07-17,986.4533,994.5035,985.3425,990.9575,87262329.0
2018-07-18,992.3761,997.2391,990.3722,995.9538,55434612.0
2018-07-19,994.7454,997.5763,989.182,991.0985,91971699.0
2018-07-20,991.3135,997.22,990.3091,995.6618,54634076.0
2018-07-23,997.5203,1004.3883,995.4335,1003.3082,42568977.0
2018-07-24,1006.2438,1011.7278,1005.6046,1011.7278,112057344.0
2018-07-25,1013.538,1020.0287,1013.1273,1019.6103,56312403.0
2018-07-26,1020.0599,1023.39,1017.6492,1023.39,66088089.0
2018-07-27,1023.3741,1025.4481,1017.0486,1023.3455,153376270.0
2018-07-30,1018.1811,1018.8912,1008.1115,1008.2591,92246349.0
2018-07-31,1008.2018,1009.0095,1001.8601,1007.7265,48030145.0
2018-08-01,1007.5973,1011.4227,1004.9344,1007.4425,71450177.0
2018-08-02,1006.5494,1009.8438,998.6222,1003.51,25419403.0
2018-08-03,1002.3252,1003.9482,990.9782,992.96,106370884.0
2018-08-06,992.5592,997.7017,988.6322,991.5633,69452235.0
2018-08-07,989.2609,989.9182,983.6886,984.9758,31648045.0
2018-08-08,984.7972,987.7526,979.9966,984.3364,191660098.0
2018-08-09,986.175,989.1517,984.8244,986.7658,42996615.0
2018-08-10,987.3163,997.7888,983.9747,995.3819,97955572.0
2018-08-13,994.7759,998.0051,992.1926,992.1926,68281977.0
2018-08-14,985.4182,985.7313,972.6269,973.3974,81305050.0
2018-08-15,973.4753,976.762,965.7441,974.3492,110374440.0
2018-08-16,975.8146,986.0064,974.9744,979.3936,89391446.0
2018-08-17,982.8069,998.8519,982.5625,997.9967,61367374.0
2018-08-20,998.3991,1006.2033,992.0683,1000.3206,36848315.0
2018-08-21,1000.0928,1000.0928,986.2604,989.5806,97135783.0
2018-08-22,988.4848,989.8759,978.657,985.8398,61447685.0
2018-08-23,985.5044,990.4613,977.7431,982.0785,54751022.0
2018-08-24,986.0262,992.265,981.8813,992.265,68812095.0
2018-08-27,990.4834,995.4694,980.9646,984.6433,90127833.0
2018-08-28,982.8283,984.182,965.4066,968.8712,36603226.0
2018-08-29,970.9205,977.5913,964.3781,975.1966,100249097.0
2018-08-30,975.6539,982.5276,973.718,976.9655,47167665.0
2018-08-31,980.3672,986.3607,975.4397,985.2588,77157394.0
2018-09-03,987.6183,993.5889,987.2507,989.0388,36819924.0
2018-09-04,993.2162,1001.7417,989.7964,999.5683,88713965.0
2018-09-05,1000.0844,1002.4096,994.1106,1001.238,71023219.0
2018-09-06,1008.563,1017.8696,1007.5848,1017.8696,96473631.0
2018-09-07,1009.6289,1010.2973,1004.4844,1005.3573,88841025.0
2018-09-10,1008.0642,1023.562,1007.3644,1021.044,32086186.0
2018-09-11,1025.6957,1041.0128,1025.1072,1041.0128,146797909.0
2018-09-12,1044.5535,1056.9116,1043.2443,1054.7546,38343744.0
2018-09-13,1052.9463,1058.7682,1039.7266,1040.6806,70087570.0
2018-09-14,1043.6601,1055.0473,1043.6601,1048.3685,59194655.0
2018-09-17,1046.0191,1052.0183,1038.3107,1038.3107,48631897.0
2018-09-18,1039.1127,1044.6016,1034.8852,1042.7215,74580673.0
2018-09-19,1042.7113,1048.7796,1037.0269,1041.6475,68513614.0
2018-09-20,1040.7169,1048.3525,1038.7508,1039.6142,123028596.0
2018-09-21,1036.507,1039.9185,1028.1865,1030.3751,122215199.0
2018-09-24,1031.2598,1034.5024,1025.0436,1032.9911,41728548.0
2018-09-25,1030.8854,1033.7348,1024.1926,1025.6435,48435105.0
2018-09-26,1021.5824,1025.1563,1013.4521,1014.019,71419744.0
2018-09-27,1016.0573,1022.4123,1013.4965,1020.6049,63644476.0
2018-09-28,1021.2216,1033.8954,1018.7937,1028.6992,48703476.0
2018-10-01,1026.5338,1028.5723,1017.372,1019.2051,64059405.0
2018-10-02,1022.1931,1026.8107,1018.9691,1025.6495,37185143.0
2018-10-03,1027.1448,1031.0279,1022.2374,1030.4391,63992172.0
2018-10-04,1034.243,1044.4331,1032.2748,1040.2399,65672192.0
2018-10-05,1042.4423,1057.0334,1040.2238,1053.5909,61755243.0
2018-10-08,1054.0009,1061.4869,1052.5672,1057.4715,87091121.0
2018-10-09,1057.4242,1063.3282,1054.1323,1056.512,84371642.0
2018-10-10,1056.6172,1061.6769,1053.32,1057.1024,68984601.0
2018-10-11,1053.5097,1055.5059,1045.8593,1047.4038,67754364.0
2018-10-12,1049.435,1064.4074,1049.0681,1062.9509,57349094.0
2018-10-15,1062.9532,1071.1226,1059.8637,1063.0064,32330115.0
2018-10-16,1063.0237,1066.4107,1060.3424,1063.0677,39526635.0
2018-10-17,1057.6985,1058.6469,1051.3356,1053.0976,66986659.0
2018-10-18,1056.8987,1068.3021,1056.8987,1066.163,99493465.0
2018-10-19,1067.0585,1067.5808,1063.0157,1067.3145,34759879.0
2018-10-22,1062.1476,1063.5299,1054.788,1055.921,31300866.0
2018-10-23,1056.3133,1060.5165,1052.6742,1057.7767,53375782.0
2018-10-24,1058.7646,1061.3432,1056.6619,1059.9936,96317963.0
2018-10-25,1060.0312,1069.7436,1059.1959,1062.4075,55801379.0
2018-10-26,1062.8034,1067.4521,1056.0616,1065.3565,154278047.0
2018-10-29,1065.2826,1071.3037,1063.7728,1064.8901,78915563.0
2018-10-30,1063.7968,1065.3207,1053.1557,1059.5583,69572135.0
2018-10-31,1057.6552,1062.1898,1054.199,1055.3557,56014202.0
2018-11-01,1054.1889,1056.4054,1047.6289,1050.5358,57646484.0
2018-11-02,1051.6531,1058.5474,1051.5801,1057.1362,70789768.0
2018-11-05,1057.3664,1060.4381,1056.5392,1057.5618,62013790.0
2018-11-06,1057.8372,1062.6567,1054.7454,1059.7784,77488285.0
2018-11-07,1061.7041,1066.2218,1058.3263,1065.9868,35961647.0
2018-11-08,1066.5798,1069.0725,1063.6698,1067.4898,42422786.0
2018-11-09,1065.5535,1069.5597,1057.2083,1062.234,36301860.0
2018-11-12,1061.8517,1065.6691,1060.642,1061.4122,73926841.0
2018-11-13,1057.3765,1058.8368,1049.7247,1051.2835,58211603.0
2018-11-14,1048.9401,1049.4304,1041.3609,1041.3609,97159761.0
2018-11-15,1040.1415,1044.4525,1035.8962,1036.3911,51749081.0
2018-11-16,1039.9886,1046.3084,1038.9082,1043.7007,66753175.0
2018-11-19,1041.885,1044.0663,1032.8227,1034.6928,39933372.0
2018-11-20,1031.6501,1033.7903,1024.3522,1025.2488,116625519.0
2018-11-21,1025.7107,1038.3352,1024.5933,1031.0193,87767957.0
2018-11-22,1030.4511,1033.6828,1024.5322,1025.2425,53447829.0
2018-11-23,1023.8787,1024.2799,1011.2909,1016.0663,62809378.0
2018-11-26,1016.7495,1027.2953,1015.0963,1021.9507,76169945.0
2018-11-27,1020.1597,1022.4887,1011.2583,1016.2528,81815437.0
2018-11-28,1013.55,1013.5993,1008.4724,1012.0262,71423426.0
2018-11-29,1011.1595,1015.1685,1005.2287,1006.6198,115955748.0
2018-11-30,1010.2815,1016.9423,1009.8287,1011.8048,48731797.0
2018-12-03,1008.0951,1011.6961,1002.9408,1004.6624,42117428.0
2018-12-04,1008.0173,1014.1051,1004.018,1012.4262,46184132.0
2018-12-05,1011.8309,1013.2986,1007.066,1008.5114,105670210.0
2018-12-06,1011.3412,1020.2503,1010.8197,1015.117,55866918.0
2018-12-07,1014.6604,1015.1822,1004.2427,1010.9299,39204396.0
2018-12-10,1009.5159,1011.9116,1005.4712,1008.038,83560446.0
2018-12-11,1008.7623,1012.7337,1007.0208,1009.7483,59780009.0
2018-12-12,1009.8672,1013.3852,1005.1814,1010.1114,56781870.0
2018-12-13,1009.8937,1013.7698,1006.8438,1007.7977,94937914.0
2018-12-14,1009.9101,1012.9605,1005.7385,1011.5249,55018022.0
2018-12-17,1011.8479,1016.9846,1010.9337,1012.8854,52820379.0
2018-12-18,1012.9402,1017.842,1008.3084,1013.2208,71730056.0
2018-12-19,1012.8853,1013.2795,1006.8735,1012.6894,75611393.0
2018-12-20,1012.6143,1016.3618,1004.7582,1010.733,61399122.0
2018-12-21,1008.6834,1008.8842,999.545,1003.8683,87267724.0
2018-12-24,1004.1054,1010.6616,1004.1054,1005.5404,48948862.0
2018-12-25,1006.1938,1009.9507,1002.8305,1008.9665,42047102.0
2018-12-26,1004.5552,1005.1739,999.9431,1000.7258,82996322.0
2018-12-27,999.2862,999.6208,986.384,989.9559,46849262.0
2018-12-28,989.2358,990.0907,983.7302,987.4534,44207303.0
2018-12-31,993.7625,1003.3822,993.3849,1003.0236,61735713.0
2019-01-01,1009.8448,1022.9846,1007.5513,1022.2305,27871944.0
2019-01-02,1021.8837,1024.8892,1018.6878,1019.9785,46989406.0
2019-01-03,1019.8757,1021.7032,1014.2015,1018.5353,45989559.0
2019-01-04,1026.0092,1034.7568,1024.7077,1034.7568,107744358.0
2019-01-07,1038.1909,1044.4076,1036.5317,1042.8817,51431971.0
2019-01-08,1042.0728,1042.6726,1033.48,1038.8922,84135015.0
2019-01-09,1040.4538,1046.655,1038.8017,1045.7565,81573518.0
2019-01-10,1050.0635,1055.3759,1049.4516,1055.0542,77702682.0
2019-01-11,1054.807,1057.2901,1048.8352,1053.0105,80858632.0
2019-01-14,1053.4247,1060.835,1052.3628,1056.9508,62089288.0
2019-01-15,1055.9407,1061.2493,1047.423,1047.865,57026768.0
2019-01-16,1044.4241,1045.08,1021.5639,1021.5639,37651746.0
2019-01-17,1021.5044,1023.5112,1015.857,1021.4433,52253801.0
2019-01-18,1021.1394,1029.3828,1011.5482,1018.0382,69141820.0
2019-01-21,1019.4771,1022.0031,1013.2427,1022.0031,105707011.0
2019-01-22,1023.1698,1029.685,1019.6826,1026.3949,62852342.0
2019-01-23,1027.3094,1033.4975,1022.6279,1031.9511,26510620.0
2019-01-24,1034.8915,1041.5631,1032.5536,1038.8306,64375952.0
2019-01-25,1035.7718,1037.5437,1030.2852,1030.6686,56816781.0
2019-01-28,1030.6766,1031.3539,1019.8928,1030.7134,107266622.0
2019-01-29,1029.4537,1030.1501,1021.7586,1028.1837,80788489.0
2019-01-30,1029.3016,1031.2433,1020.5115,1031.2433,74986608.0
2019-01-31,1036.7594,1047.1076,1035.8085,1043.3033,51881280.0
2019-02-01,1041.8472,1047.8331,1036.138,1037.7642,67101658.0
2019-02-04,1038.6943,1043.8057,1037.8201,1040.3496,75842177.0
2019-02-05,1040.4285,1042.2923,1036.9662,1040.6072,63811724.0
2019-02-06,1041.9999,1048.5183,1039.1385,1046.137,150220469.0
2019-02-07,1046.2811,1052.3579,1041.4471,1046.6155,72568523.0
2019-02-08,1047.2453,1053.7019,1045.9695,1048.983,89562731.0
2019-02-11,1049.7587,1058.8979,1049.7587,1053.0884,31940391.0
2019-02-12,1052.5215,1053.623,1048.5422,1051.4125,56122978.0
2019-02-13,1048.9111,1051.2069,1042.1827,1043.7008,28330434.0
2019-02-14,1048.8748,1059.1717,1048.2019,1058.0068,62316583.0
2019-02-15,1059.2142,1062.9109,1057.1659,1061.948,49722407.0
2019-02-18,1062.5685,1069.5754,1056.1185,1069.4566,84476575.0
2019-02-19,1069.9448,1073.7681,1064.5143,1071.8805,36359519.0
2019-02-20,1072.7646,1077.8958,1069.5607,1075.8106,78789776.0
2019-02-21,1077.4854,1084.0941,1077.4331,1080.4735,65161883.0
2019-02-22,1082.9508,1087.7226,1080.5433,1085.9554,62109723.0
2019-02-25,1086.8625,1094.2742,1085.6578,1089.4294,63631840.0
2019-02-26,1089.4497,1096.1085,1085.7835,1089.5692,62181487.0
2019-02-27,1089.2596,1091.1575,1084.2582,1088.3972,60204871.0
2019-02-28,1088.7607,1096.0462,1087.1149,1089.9916,31433604.0
2019-03-01,1085.2814,1087.6216,1072.2979,1075.2043,87905391.0
2019-03-04,1074.9634,1075.8609,1066.5295,1073.202,91456248.0
2019-03-05,1070.8101,1077.1224,1064.2793,1064.2793,72767564.0
2019-03-06,1066.6115,1076.5274,1060.7366,1075.4653,99497442.0
2019-03-07,1074.2122,1079.4352,1070.9119,1072.9028,79308638.0
2019-03-08,1073.9061,1079.5497,1071.8988,1075.9823,57395438.0
2019-03-11,1077.2197,1087.6636,1071.0693,1085.8116,84463122.0
2019-03-12,1087.2689,1095.2374,1086.2254,1090.3171,130940299.0
2019-03-13,1094.1619,1103.3751,1092.8624,1099.5651,52161317.0
2019-03-14,1099.2515,1108.5333,1097.7483,1097.9334,52922918.0
2019-03-15,1100.1796,1111.9535,1098.22,1106.8902,47194638.0
2019-03-18,1104.3771,1106.964,1098.5194,1098.8317,53903350.0
2019-03-19,1099.9279,1108.6866,1098.9298,1102.4744,60605520.0
2019-03-20,1092.3595,1094.2121,1086.2735,1086.2735,44574521.0
2019-03-21,1084.565,1084.5727,1064.4132,1069.2235,59217850.0
2019-03-22,1068.1429,1073.7111,1064.7034,1066.2307,51615796.0
2019-03-25,1064.8826,1068.6698,1060.3522,1061.4466,72554351.0
2019-03-26,1062.1465,1068.5212,1058.3644,1066.2212,42218348.0
2019-03-27,1059.6111,1060.6069,1049.727,1055.0988,51217237.0
2019-03-28,1055.1681,1057.1649,1049.4469,1055.2549,89979714.0
2019-03-29,1056.1372,1071.7999,1055.6999,1061.5857,78025081.0
2019-04-01,1060.81,1065.2062,1056.5591,1058.7665,71015498.0
2019-04-02,1066.3922,1084.5981,1065.1817,1083.1573,37326703.0
2019-04-03,1082.0075,1082.5059,1071.5487,1078.5242,63530235.0
2019-04-04,1079.0075,1083.6015,1074.2479,1080.5401,47203130.0
2019-04-05,1081.627,1087.0776,1081.627,1084.4264,57689958.0
2019-04-08,1079.7248,1079.8087,1069.1532,1070.9226,38635434.0
2019-04-09,1070.606,1073.631,1061.8563,1067.8378,116012044.0
2019-04-10,1070.5552,1078.3668,1070.5552,1074.1792,76271308.0
2019-04-11,1076.2164,1080.8341,1075.2382,1079.1104,82290483.0
2019-04-12,1075.2304,1079.1939,1064.4911,1066.7629,44919775.0
2019-04-15,1066.8813,1072.0738,1059.4059,1068.6179,51603560.0
2019-04-16,1066.5435,1067.5075,1057.1591,1063.4508,118180160.0
2019-04-17,1062.1713,1064.1156,1059.0778,1060.6985,42686873.0
2019-04-18,1061.83,1069.6249,1060.2342,1067.232,52385276.0
2019-04-19,1066.1963,1069.2847,1056.7886,1058.7797,53184127.0
2019-04-22,1063.4914,1077.0524,1062.1806,1076.3567,74915159.0
2019-04-23,1076.3156,1079.7867,1073.2649,1076.2693,77294634.0
2019-04-24,1078.1606,1083.3606,1070.2555,1082.4175,54682508.0
2019-04-25,1083.5994,1095.7552,1082.9132,1094.9577,47447965.0
2019-04-26,1095.0624,1101.2134,1087.5671,1095.9345,74811881.0
2019-04-29,1095.599,1100.3417,1091.7693,1094.9666,75974078.0
2019-04-30,1096.8049,1101.0828,1095.6858,1099.801,47377443.0
2019-05-01,1101.0564,1107.7501,1097.3948,1106.4593,40773751.0
2019-05-02,1106.8908,1116.7688,1105.5546,1110.1182,55076595.0
2019-05-03,1110.3978,1117.2071,1104.9799,1113.4667,74119376.0
2019-05-06,1111.5117,1114.1853,1099.7235,1102.9397,49174149.0
2019-05-07,1103.1608,1114.2287,1101.8718,1108.5663,45875604.0
2019-05-08,1109.1786,1116.5256,1105.3464,1111.1826,49953122.0
2019-05-09,1113.2095,1120.6149,1113.1111,1117.1847,48990421.0
2019-05-10,1117.7807,1120.9071,1114.7246,1120.2486,71518168.0
2019-05-13,1118.9444,1121.6632,1110.48,1113.9941,41388714.0
2019-05-14,1115.5609,1123.6427,1115.3904,1118.1922,62612635.0
2019-05-15,1117.6068,1117.6068,1111.0341,1116.4579,85905091.0
2019-05-16,1115.5985,1116.5174,1105.1636,1107.8065,55521789.0
2019-05-17,1114.2006,1125.8821,1114.2006,1125.7036,79538596.0
2019-05-20,1125.1435,1132.2808,1119.8986,1119.8986,41586455.0
2019-05-21,1114.3809,1114.3809,1101.7557,1102.4919,85503989.0
2019-05-22,1102.6291,1109.0557,1097.7015,1103.2179,95506302.0
2019-05-23,1102.6411,1104.4979,1093.8609,1094.2016,67954130.0
2019-05-24,1096.4632,1102.5271,1091.043,1101.1491,65005308.0
2019-05-27,1097.5332,1099.3128,1086.7477,1086.8005,63800623.0
2019-05-28,1086.6141,1086.8831,1073.8222,1082.3241,111496991.0
2019-05-29,1082.6562,1088.5167,1078.3557,1085.2732,59129762.0
2019-05-30,1086.3988,1092.077,1082.9619,1089.308,40041141.0
2019-05-31,1090.2588,1099.4467,1088.6575,1092.9687,35977299.0
2019-06-03,1082.1308,1083.3131,1071.1149,1071.762,68107545.0
2019-06-04,1071.0446,1074.0102,1065.985,1068.9353,74292674.0
2019-06-05,1069.5914,1085.6283,1068.2383,1070.4943,36236434.0
2019-06-06,1068.6707,1068.9245,1056.3294,1057.3133,55558919.0
2019-06-07,1062.6806,1077.2831,1059.1414,1069.5693,142835326.0
2019-06-10,1070.213,1077.7818,1067.9358,1071.782,87076832.0
2019-06-11,1070.2388,1074.6756,1058.7378,1061.418,64209058.0
2019-06-12,1057.9201,1058.5352,1044.8449,1047.5094,56738628.0
2019-06-13,1052.6012,1064.0844,1051.6921,1057.9943,98805804.0
2019-06-14,1058.2211,1067.9732,1051.5368,1061.6466,56334399.0
2019-06-17,1062.2671,1065.5438,1057.4175,1062.9108,65384211.0
2019-06-18,1062.483,1066.0215,1053.0324,1053.3099,54507989.0
2019-06-19,1052.1592,1056.935,1043.0188,1046.9563,45385098.0
2019-06-20,1047.0329,1051.3442,1042.445,1047.1203,44383389.0
2019-06-21,1041.1896,1043.7137,1033.6591,1036.4979,57345367.0
2019-06-24,1037.5726,1042.7153,1031.09,1041.7674,65202716.0
2019-06-25,1041.5447,1045.5764,1032.8262,1039.2168,37703902.0
2019-06-26,1039.7563,1044.1296,1033.7229,1044.1296,60088694.0
2019-06-27,1042.6949,1047.7318,1036.3943,1037.5402,105335043.0
2019-06-28,1031.6885,1032.0306,1012.0191,1012.8831,58982697.0
2019-07-01,1015.6367,1024.6528,1005.4205,1024.4815,70508043.0
2019-07-02,1025.5268,1045.3972,1025.2098,1031.7679,59217883.0
2019-07-03,1031.6731,1041.1894,1024.2118,1031.205,78331486.0
2019-07-04,1034.5805,1060.7498,1033.9874,1060.7498,82038346.0
2019-07-05,1064.9041,1076.7008,1062.9679,1073.0752,106687023.0
2019-07-08,1072.9939,1074.485,1066.685,1072.8587,58409820.0
2019-07-09,1074.912,1081.3774,1073.9946,1078.8743,32407444.0
2019-07-10,1080.1671,1087.9624,1077.28,1084.9889,45866387.0
2019-07-11,1087.8547,1095.0936,1086.6896,1090.7301,37020658.0
2019-07-12,1095.3144,1109.6238,1090.0378,1107.1206,65166073.0
2019-07-15,1106.9486,1115.3966,1103.4929,1104.3769,68049812.0
2019-07-16,1110.6507,1130.0821,1110.5682,1128.9006,74301932.0
2019-07-17,1132.0947,1139.7183,1130.1452,1136.7487,57862657.0
2019-07-18,1137.4411,1155.8696,1137.4411,1151.6365,92312699.0
2019-07-19,1151.7306,1155.8562,1144.1959,1154.0262,47211476.0
2019-07-22,1156.8188,1170.6658,1155.6241,1162.666,91686427.0
2019-07-23,1164.0749,1166.8506,1159.5246,1165.4022,50242602.0
2019-07-24,1167.307,1177.4523,1163.6695,1175.7066,124683950.0
2019-07-25,1172.735,1173.2435,1164.5665,1166.2686,34110016.0
2019-07-26,1165.9522,1173.7698,1161.4004,1165.3086,28154101.0
2019-07-29,1165.8548,1175.6428,1165.5478,1173.7063,51624414.0
2019-07-30,1172.3499,1172.4735,1158.8843,1161.7327,89807201.0
2019-07-31,1162.4266,1168.7117,1159.7083,1163.5621,101673583.0
2019-08-01,1162.8097,1167.2508,1157.6619,1159.2035,54377473.0
2019-08-02,1160.9477,1167.8221,1158.9842,1163.4483,43014137.0
2019-08-05,1165.0254,1172.2645,1161.0043,1172.2645,81945626.0
2019-08-06,1167.6489,1167.7646,1150.5543,1151.137,65286623.0
2019-08-07,1146.3318,1151.2157,1136.794,1140.2402,74455179.0
2019-08-08,1140.0985,1141.3257,1132.0111,1140.0535,45690067.0
2019-08-09,1142.6782,1146.0183,1137.4097,1145.8697,74614887.0
2019-08-12,1145.8305,1150.0645,1142.2788,1145.7866,58481575.0
2019-08-13,1146.3987,1152.1895,1141.0023,1150.4293,56488617.0
2019-08-14,1161.5602,1173.6653,1161.0864,1169.2684,68588033.0
2019-08-15,1169.407,1173.0838,1164.5865,1170.6387,55824795.0
2019-08-16,1171.3722,1184.8918,1171.163,1180.0975,103674100.0
2019-08-19,1177.0416,1179.3094,1167.2881,1168.8824,46755815.0
2019-08-20,1174.2086,1186.5435,1173.4151,1180.1093,90192141.0
2019-08-21,1180.4389,1187.0641,1176.4938,1180.8221,52806406.0
2019-08-22,1167.016,1168.5096,1160.4478,1162.0896,69513755.0
2019-08-23,1162.6756,1170.6996,1155.9243,1167.2429,88665755.0
2019-08-26,1169.5074,1180.0912,1169.5074,1176.1581,31748340.0
2019-08-27,1175.5792,1182.0062,1173.1876,1174.9549,144365080.0
2019-08-28,1179.1248,1193.3475,1177.6446,1191.4856,84354819.0
2019-08-29,1183.8394,1185.4172,1173.2763,1173.367,58552715.0
2019-08-30,1172.6397,1178.0637,1168.6568,1169.4285,78211476.0
2019-09-02,1169.8687,1177.5892,1167.0829,1175.4613,119630305.0
2019-09-03,1172.0464,1175.7518,1161.6282,1165.2099,39843925.0
2019-09-04,1163.4085,1170.7514,1159.1175,1161.3027,56578598.0
2019-09-05,1161.4219,1169.5766,1150.9904,1162.1411,70538144.0
2019-09-06,1162.6801,1181.0586,1156.2172,1168.8831,83051655.0
2019-09-09,1168.7132,1172.0258,1159.7858,1167.5053,88700002.0
2019-09-10,1167.9059,1169.8182,1164.0398,1168.3781,99855544.0
2019-09-11,1168.3801,1169.2782,1157.3392,1168.3852,101474328.0
2019-09-12,1162.4456,1164.5972,1153.3584,1153.9215,95699304.0
2019-09-13,1154.8503,1166.5781,1150.8242,1162.5422,123348616.0
2019-09-16,1162.8805,1165.9963,1157.6472,1165.9963,60128017.0
2019-09-17,1168.0143,1170.2733,1164.1134,1169.8366,79738389.0
2019-09-18,1169.6864,1173.5483,1167.3819,1169.1644,57993080.0
2019-09-19,1172.3796,1181.5238,1167.9627,1179.6748,70774209.0
2019-09-20,1183.2338,1196.039,1180.2899,1190.8352,55328105.0
2019-09-23,1191.9745,1195.8916,1188.1572,1194.0511,32081156.0
2019-09-24,1190.6783,1192.2211,1185.6221,1186.3341,83011724.0
2019-09-25,1185.8513,1187.5697,1179.755,1182.999,71396141.0
2019-09-26,1184.3046,1193.5883,1183.4188,1187.7955,89525205.0
2019-09-27,1188.7788,1195.8956,1186.8242,1195.8956,78136601.0
2019-09-30,1195.4866,1197.3994,1189.0718,1195.075,44477400.0
2019-10-01,1193.5568,1194.8239,1188.9342,1190.1949,118877437.0
2019-10-02,1198.2124,1201.9261,1196.9317,1201.2444,52086050.0
2019-10-03,1201.9854,1207.0532,1198.1305,1205.8684,73606569.0
2019-10-04,1204.4335,1210.4521,1193.3268,1193.513,99581144.0
2019-10-07,1193.9876,1198.743,1190.7022,1195.9346,62448605.0
2019-10-08,1201.0687,1212.5181,1200.633,1212.4401,54073307.0
2019-10-09,1212.6418,1219.1674,1208.2076,1214.3952,76467866.0
2019-10-10,1217.0617,1220.7691,1213.614,1219.3693,81563787.0
2019-10-11,1219.1787,1222.682,1216.9486,1218.1418,57155361.0
2019-10-14,1216.8031,1216.8031,1207.907,1212.1483,61667124.0
2019-10-15,1210.591,1216.3078,1201.7216,1201.986,58636680.0
2019-10-16,1195.8478,1196.5847,1171.3342,1171.3342,54901512.0
2019-10-17,1170.2618,1177.5108,1166.1933,1168.8492,46785070.0
2019-10-18,1170.036,1187.8934,1159.6499,1187.8934,102310822.0
2019-10-21,1189.4298,1194.3051,1182.9011,1194.3051,74298478.0
2019-10-22,1194.7392,1200.9929,1190.126,1195.2912,50732502.0
2019-10-23,1196.4175,1212.2904,1195.2239,1198.5888,58715572.0
2019-10-24,1197.5023,1202.0486,1182.9378,1185.6742,64991264.0
2019-10-25,1183.1871,1188.4201,1178.6733,1179.5444,128100843.0
2019-10-28,1177.1142,1180.9214,1166.8554,1173.7538,65950883.0
2019-10-29,1174.4846,1177.5698,1165.468,1175.6179,79991444.0
2019-10-30,1176.5354,1182.8516,1168.0011,1178.8507,79828362.0
2019-10-31,1178.2106,1182.0165,1171.8384,1177.0243,51901310.0
2019-11-01,1178.1758,1185.0529,1170.6329,1184.4118,103773281.0
2019-11-04,1184.603,1195.465,1179.4376,1188.8738,58571358.0
2019-11-05,1188.1271,1193.2888,1181.322,1186.9803,49288627.0
2019-11-06,1187.9137,1195.3362,1187.6897,1189.3035,37185193.0
2019-11-07,1188.7992,1189.2184,1173.4675,1176.0927,63726913.0
2019-11-08,1175.7991,1178.667,1165.1986,1172.8135,49240279.0
2019-11-11,1173.2399,1175.4421,1170.3124,1174.2883,49586501.0
2019-11-12,1174.264,1176.7377,1169.0291,1173.3076,101042337.0
2019-11-13,1180.3488,1195.953,1177.7948,1193.945,62838260.0
2019-11-14,1193.8743,1203.8572,1190.4525,1191.8442,51605962.0
2019-11-15,1194.3131,1208.6241,1194.0077,1200.5717,95597959.0
2019-11-18,1201.1559,1218.025,1200.795,1211.8638,173515784.0
2019-11-19,1208.4204,1208.566,1198.6656,1201.7383,38756151.0
2019-11-20,1201.8696,1209.5993,1199.667,1202.5269,62132478.0
2019-11-21,1201.954,1201.954,1186.8401,1193.4457,47654506.0
2019-11-22,1192.1192,1193.0912,1186.442,1190.8323,84217729.0
2019-11-25,1194.4928,1203.692,1193.2161,1198.3644,95781182.0
2019-11-26,1189.1711,1190.9974,1177.9769,1181.6893,121415760.0
2019-11-27,1181.4788,1183.4883,1172.3357,1180.0328,58666031.0
2019-11-28,1177.6444,1181.1549,1169.3405,1172.6633,75624705.0
2019-11-29,1173.3699,1181.3519,1172.3084,1175.0033,65882253.0
2019-12-02,1172.5571,1173.5209,1163.6062,1166.7081,111949501.0
2019-12-03,1164.9426,1166.8319,1148.3848,1151.7497,35683547.0
2019-12-04,1147.5346,1147.5346,1135.0654,1138.0099,79233834.0
2019-12-05,1137.8627,1141.7172,1126.8447,1136.992,118302183.0
2019-12-06,1139.9885,1149.1199,1134.081,1146.561,87978913.0
2019-12-09,1144.5995,1150.4653,1136.954,1137.2547,99080263.0
2019-12-10,1137.3245,1142.4618,1134.2603,1139.6183,67971803.0
2019-12-11,1142.2484,1149.4831,1141.2537,1146.6599,68086309.0
2019-12-12,1147.8924,1155.1348,1141.8594,1150.6335,47979903.0
2019-12-13,1152.8292,1164.7305,1149.9712,1164.1219,49111619.0
2019-12-16,1160.9229,1161.2936,1150.4577,1151.6838,49635700.0
2019-12-17,1150.8093,1151.9353,1141.9364,1149.6529,101142781.0
2019-12-18,1148.5059,1149.659,1137.2513,1143.7191,41384215.0
2019-12-19,1143.3062,1149.1066,1135.9855,1139.0775,78914408.0
2019-12-20,1134.8225,1136.7041,1118.4942,1119.4811,75727111.0
2019-12-23,1120.4534,1128.0905,1117.8691,1124.3747,48590270.0
2019-12-24,1123.0478,1125.3686,1115.0892,1118.2304,39502774.0
2019-12-25,1124.6884,1136.7928,1124.6884,1135.0729,60411262.0
2019-12-26,1134.0021,1135.3398,1123.1617,1125.3121,54252081.0
2019-12-27,1129.6834,1144.001,1129.5233,1137.5233,37674372.0
2019-12-30,1136.3201,1138.9967,1128.5636,1131.4177,94218149.0
2019-12-31,1130.7298,1135.4823,1124.6791,1124.8668,82799756.0
2020-01-01,1125.3859,1128.2894,1117.5796,1126.2083,79291364.0
2020-01-02,1126.5077,1135.3645,1124.8401,1128.8723,45742745.0
2020-01-03,1130.137,1135.5106,1125.4665,1134.4126,61342358.0
2020-01-06,1134.691,1138.6458,1123.1543,1135.5673,69319168.0
2020-01-07,1137.3973,1144.5797,1132.9164,1141.5961,60949779.0
2020-01-08,1142.9821,1151.5471,1140.6105,1146.9565,58762769.0
2020-01-09,1146.8893,1148.6247,1140.5214,1146.6727,68015226.0
2020-01-10,1149.0944,1155.3034,1148.7053,1155.0518,32087431.0
2020-01-13,1151.8123,1153.1335,1139.7917,1144.0318,101601995.0
2020-01-14,1141.6942,1145.3166,1137.7834,1138.3169,68863815.0
2020-01-15,1138.4171,1141.5648,1134.3132,1138.6434,50432271.0
2020-01-16,1136.9229,1137.8098,1131.0939,1134.7861,60307105.0
2020-01-17,1134.2637,1137.8879,1125.8044,1127.7779,64803048.0
2020-01-20,1128.41,1133.0944,1119.9368,1132.6426,64665037.0
2020-01-21,1132.8029,1134.8143,1130.1234,1133.0077,91657113.0
2020-01-22,1136.2621,1139.7419,1133.8851,1138.7734,92894259.0
2020-01-23,1136.8307,1137.9958,1131.014,1133.5472,90208530.0
2020-01-24,1140.0491,1145.3928,1139.5067,1142.6419,64360136.0
2020-01-27,1144.779,1155.8255,1142.5428,1148.6234,63515792.0
2020-01-28,1149.2446,1153.6785,1148.4436,1150.5789,90146511.0
2020-01-29,1152.0054,1156.2363,1150.3332,1152.638,61815350.0
2020-01-30,1149.6075,1149.6075,1137.5412,1141.3093,74655708.0
2020-01-31,1140.3997,1140.9986,1128.9469,1133.8802,40523582.0
2020-02-03,1135.7362,1145.7896,1134.2028,1139.0124,50626302.0
2020-02-04,1139.8919,1146.0647,1136.1899,1144.8568,82362365.0
2020-02-05,1141.1979,1144.5529,1136.6113,1136.6113,57780443.0
2020-02-06,1136.6976,1138.4057,1129.2153,1137.1381,75047274.0
2020-02-07,1140.0801,1150.6439,1138.0546,1149.6842,58112267.0
2020-02-10,1148.9109,1151.6646,1143.8996,1145.1554,71214616.0
2020-02-11,1144.8528,1146.2485,1140.4505,1144.4356,73648413.0
2020-02-12,1143.8281,1150.2643,1142.8441,1142.8902,80272627.0
2020-02-13,1144.0361,1155.865,1141.0322,1151.109,62980499.0
2020-02-14,1155.1038,1165.0889,1152.4985,1164.8286,60021019.0
2020-02-17,1163.5312,1165.1998,1157.1603,1157.3428,55061806.0
2020-02-18,1158.2769,1166.7134,1157.8789,1166.4957,56004004.0
2020-02-19,1163.1932,1163.696,1144.5872,1144.9425,79856730.0
2020-02-20,1146.0335,1152.1147,1143.2976,1147.3971,63198063.0
2020-02-21,1146.1752,1147.5253,1138.8944,1142.5529,49705058.0
2020-02-24,1141.6943,1141.7597,1132.9475,1137.6825,82826423.0
2020-02-25,1135.6272,1136.5573,1129.8888,1134.301,38034345.0
2020-02-26,1131.9529,1133.0999,1124.2079,1125.9354,50517059.0
2020-02-27,1121.4464,1122.6257,1102.6994,1103.0758,50613067.0
2020-02-28,1103.4866,1111.6113,1098.9493,1104.9684,60335065.0
2020-03-02,1102.3391,1104.7896,1095.7504,1097.6664,42037365.0
2020-03-03,1095.0545,1096.4364,1089.3863,1092.9237,94866265.0
2020-03-04,1091.6756,1091.7793,1082.6664,1086.7309,73041084.0
2020-03-05,1075.9452,1076.1362,1066.8937,1070.0253,81511635.0
2020-03-06,1070.1414,1071.8441,1060.0677,1070.465,62929502.0
2020-03-09,1073.91,1080.6739,1069.9467,1077.7275,47414515.0
2020-03-10,1076.4773,1077.2704,1068.4497,1075.0399,48630063.0
2020-03-11,1078.4932,1092.7778,1078.1249,1088.9394,84200709.0
2020-03-12,1090.0994,1099.4658,1088.1732,1098.8452,30435088.0
2020-03-13,1098.7129,1101.5315,1093.0114,1098.5316,58194493.0
2020-03-16,1100.6675,1111.159,1100.6675,1107.7189,86682161.0
2020-03-17,1106.7528,1108.7885,1099.9628,1103.5874,79312000.0
2020-03-18,1106.4125,1110.2562,1103.2261,1109.5112,45016527.0
2020-03-19,1110.8077,1122.611,1108.8271,1113.5115,76990254.0
2020-03-20,1113.0281,1117.1802,1106.9522,1111.8712,95463295.0
2020-03-23,1113.7642,1121.0012,1113.3487,1117.2187,54511701.0
2020-03-24,1116.6836,1118.8413,1111.5804,1114.5729,46308532.0
2020-03-25,1115.3621,1121.1511,1111.3973,1117.7401,66200790.0
2020-03-26,1117.8559,1120.6087,1111.4353,1119.0253,69233398.0
2020-03-27,1119.727,1122.1907,1112.9665,1121.4385,77389259.0
2020-03-30,1120.584,1127.1248,1117.2458,1118.7594,62320812.0
2020-03-31,1121.1034,1126.7235,1118.2804,1126.3041,62843488.0
2020-04-01,1128.0872,1138.8205,1125.8457,1138.2072,48905346.0
2020-04-02,1136.6687,1143.9629,1132.8184,1134.8238,80551577.0
2020-04-03,1134.9213,1139.7754,1133.2202,1135.4758,90171149.0
2020-04-06,1136.218,1146.5422,1133.334,1143.3018,52074215.0
2020-04-07,1139.2533,1140.6432,1130.508,1131.7469,41708279.0
2020-04-08,1130.9528,1132.9459,1125.624,1129.591,116213137.0
2020-04-09,1131.4482,1139.9206,1131.4482,1135.4851,43344880.0
2020-04-10,1135.1161,1139.106,1132.5376,1134.6408,59999456.0
2020-04-13,1134.1818,1138.7593,1127.6253,1131.5454,96338803.0
2020-04-14,1131.5004,1135.1352,1127.157,1130.416,57805250.0
2020-04-15,1122.5557,1123.0895,1110.1529,1114.236,77614035.0
2020-04-16,1118.3134,1126.8587,1110.7437,1125.2229,44830318.0
2020-04-17,1124.1743,1128.4868,1117.8684,1123.0286,22045275.0
2020-04-20,1125.235,1131.1358,1119.7302,1130.2993,56833287.0
2020-04-21,1131.1379,1134.293,1125.5795,1132.0958,48826703.0
2020-04-22,1131.3158,1132.8932,1122.4222,1124.0772,53722499.0
2020-04-23,1122.92,1124.9815,1111.7799,1119.9797,58585722.0
2020-04-24,1122.7509,1130.434,1117.883,1129.9967,55516870.0
2020-04-27,1130.0776,1134.1072,1126.8643,1130.2191,36681897.0
2020-04-28,1129.3235,1133.6598,1125.5605,1128.0649,47271686.0
2020-04-29,1125.6335,1126.6369,1112.121,1117.3841,80531993.0
2020-04-30,1120.3979,1123.2962,1116.343,1122.3327,61838441.0
2020-05-01,1122.5817,1128.349,1120.1489,1124.19,126991386.0
2020-05-04,1124.8305,1128.3092,1122.64,1125.9627,108219406.0
2020-05-05,1118.3586,1120.1616,1109.9738,1111.3507,66871967.0
2020-05-06,1111.2973,1118.5808,1108.4588,1110.4815,69288126.0
2020-05-07,1110.3784,1114.3753,1108.1612,1110.246,78225433.0
2020-05-08,1109.3711,1110.4957,1100.1642,1108.1332,59854618.0
2020-05-11,1107.1296,1114.4576,1104.2374,1104.5902,65312694.0
2020-05-12,1103.6094,1107.7975,1095.755,1101.8205,60120037.0
2020-05-13,1098.5274,1104.7316,1088.8127,1091.2642,49922566.0
2020-05-14,1091.1479,1097.324,1090.1893,1091.0023,65636512.0
2020-05-15,1088.1399,1089.354,1079.967,1084.7465,74938047.0
2020-05-18,1083.9308,1084.968,1078.1027,1080.1139,68693962.0
2020-05-19,1084.1901,1091.6396,1081.7401,1089.8892,100964118.0
2020-05-20,1089.6802,1093.3943,1086.3992,1089.2807,68350740.0
2020-05-21,1090.9566,1099.9217,1083.5777,1098.5313,65442146.0
2020-05-22,1092.2658,1092.5255,1085.0783,1088.474,40192630.0
2020-05-25,1088.4107,1092.3328,1080.1381,1087.4288,67993231.0
2020-05-26,1087.4303,1088.5677,1079.3989,1087.4359,101769048.0
2020-05-27,1088.312,1093.9105,1084.806,1092.3169,55368466.0
2020-05-28,1093.0609,1100.155,1085.7107,1096.4065,30005383.0
2020-05-29,1096.4758,1100.4893,1094.3353,1096.7036,173848386.0
2020-06-01,1096.557,1100.0345,1088.2866,1095.9364,64396169.0
2020-06-02,1094.8461,1096.4749,1090.4831,1094.1516,84988826.0
2020-06-03,1094.2335,1098.4754,1089.5769,1094.434,73887867.0
2020-06-04,1096.4407,1101.3775,1095.6097,1099.1193,63885587.0
2020-06-05,1099.4189,1101.5029,1095.717,1100.8508,105914264.0
2020-06-08,1101.4406,1107.9662,1100.4206,1104.6159,51895355.0
2020-06-09,1107.2899,1115.5225,1104.8582,1111.4345,57856467.0
2020-06-10,1110.5284,1112.8068,1107.1697,1108.7707,73353731.0
2020-06-11,1107.6905,1110.7132,1097.1205,1097.1205,65259777.0
2020-06-12,1094.6698,1094.6698,1087.79,1090.6487,60219907.0
2020-06-15,1090.5014,1096.5251,1086.7556,1089.5439,52554667.0
2020-06-16,1091.7138,1100.1529,1087.7553,1098.2102,89343638.0
2020-06-17,1096.5933,1102.3424,1094.4343,1094.7268,45336463.0
2020-06-18,1089.3594,1089.9735,1078.1392,1079.1879,97972890.0
2020-06-19,1082.3735,1090.8767,1080.0971,1090.8767,73169943.0
2020-06-22,1091.0822,1096.6901,1089.0401,1092.218,73581002.0
2020-06-23,1092.4886,1102.2506,1091.3255,1094.0376,63425183.0
2020-06-24,1092.9612,1098.7542,1088.4265,1089.0611,37777282.0
2020-06-25,1088.9372,1092.5475,1086.5759,1088.5904,94703378.0
2020-06-26,1091.1311,1096.8287,1089.8695,1093.516,45857671.0
2020-06-29,1092.9481,1098.173,1088.6638,1091.9957,50255363.0
2020-06-30,1098.1821,1102.8622,1096.4583,1102.1947,61135439.0
2020-07-01,1101.1951,1102.8032,1095.7682,1098.9181,77116349.0
2020-07-02,1100.7531,1105.6543,1098.3657,1104.2111,82265711.0
2020-07-03,1105.9754,1111.9722,1098.9999,1111.9389,50266609.0
2020-07-06,1111.8106,1113.7489,1105.9892,1110.5793,65322522.0
2020-07-07,1111.163,1118.2515,1107.8727,1115.7391,93913502.0
2020-07-08,1116.1319,1120.7348,1113.3367,1119.547,69287716.0
2020-07-09,1120.4668,1131.3967,1119.4246,1128.944,47273434.0
2020-07-10,1129.6297,1136.9294,1128.5905,1136.5324,105367449.0
2020-07-13,1136.1644,1140.044,1134.3058,1135.6343,100557445.0
2020-07-14,1135.5117,1136.2289,1129.5145,1135.2765,99457549.0
2020-07-15,1137.4021,1146.9465,1135.5251,1146.9465,114672198.0
2020-07-16,1146.6139,1147.129,1132.2285,1144.5199,47013448.0
2020-07-17,1145.0252,1153.8882,1142.5976,1153.536,74715078.0
2020-07-20,1151.8837,1153.5531,1138.1385,1141.2178,52330716.0
2020-07-21,1139.3201,1139.3201,1131.1844,1132.5967,79574707.0
2020-07-22,1132.1163,1136.8859,1128.3339,1129.5346,50843461.0
2020-07-23,1129.4666,1137.7681,1128.8509,1128.8568,63694156.0
2020-07-24,1127.012,1127.7795,1120.1488,1120.8219,102743925.0
2020-07-27,1123.2468,1131.4648,1121.796,1127.5423,50744797.0
2020-07-28,1126.8075,1126.9155,1118.0896,1123.0935,60616746.0
2020-07-29,1122.5068,1126.1603,1119.3717,1121.3986,81041315.0
2020-07-30,1122.0464,1127.8119,1115.847,1125.1559,96292005.0
2020-07-31,1128.5192,1139.2078,1128.5192,1135.2431,66235917.0
2020-08-03,1129.4351,1131.0162,1122.7162,1124.6519,42999654.0
2020-08-04,1127.1313,1134.6955,1126.8717,1131.6302,55639069.0
2020-08-05,1132.8142,1144.1772,1132.7099,1136.948,39465831.0
2020-08-06,1137.0921,1143.3168,1135.3442,1137.5179,48607514.0
2020-08-07,1139.4246,1144.8908,1138.7447,1143.8094,86982030.0
2020-08-10,1143.1598,1144.8675,1136.7544,1139.1461,67594428.0
2020-08-11,1138.9743,1140.9092,1131.4591,1133.8723,106153335.0
2020-08-12,1143.7059,1153.4137,1143.1627,1150.5639,70944235.0
2020-08-13,1151.1041,1157.6247,1150.5994,1156.6579,53450549.0
2020-08-14,1160.9434,1175.2084,1159.2876,1171.905,106610730.0
2020-08-17,1172.063,1176.54,1167.7,1172.9588,68885400.0
2020-08-18,1170.6237,1172.9645,1162.4027,1165.6783,94131829.0
2020-08-19,1169.7704,1180.4933,1168.8036,1180.3519,95938547.0
2020-08-20,1180.8379,1187.3621,1180.2543,1183.8025,88991852.0
2020-08-21,1181.8655,1184.1926,1176.9465,1178.7,58858068.0
2020-08-24,1181.8284,1186.1571,1179.7873,1184.4278,41194965.0
2020-08-25,1179.2328,1181.7667,1168.6404,1169.2214,132221009.0
2020-08-26,1168.9292,1172.1836,1164.7116,1167.9907,46335396.0
2020-08-27,1167.477,1174.6927,1163.6321,1166.7369,30837214.0
2020-08-28,1167.3113,1180.6099,1167.3113,1168.8846,96478106.0
2020-08-31,1169.6624,1175.6637,1167.5563,1171.8052,70595948.0
2020-09-01,1172.7822,1178.8384,1171.7962,1174.3992,88719853.0
2020-09-02,1174.8254,1175.6515,1169.0972,1175.4198,67157186.0
2020-09-03,1176.0198,1181.3252,1167.2267,1178.759,83024564.0
2020-09-04,1179.6045,1184.9588,1174.432,1184.6473,92218655.0
2020-09-07,1179.8576,1180.3768,1159.0183,1159.0183,73901635.0
2020-09-08,1136.8074,1136.8074,1111.7706,1113.0217,47545493.0
2020-09-09,1113.9706,1126.3923,1105.3686,1119.815,40152861.0
2020-09-10,1129.7406,1151.9382,1128.5551,1141.8965,115070126.0
2020-09-11,1141.8577,1144.8927,1125.2781,1141.7041,33975047.0
2020-09-14,1141.1846,1143.6908,1123.613,1138.7118,57172426.0
2020-09-15,1136.9617,1153.1272,1129.864,1134.7805,53252460.0
2020-09-16,1132.6182,1137.3248,1119.5689,1125.7129,82620273.0
2020-09-17,1126.6231,1140.5184,1123.6845,1135.1716,40782838.0
2020-09-18,1137.231,1163.6773,1132.7118,1159.3919,120000527.0
2020-09-21,1161.679,1194.7537,1157.3724,1190.4858,39121410.0
2020-09-22,1188.9228,1196.6119,1180.266,1184.7184,96910554.0
2020-09-23,1186.319,1196.9809,1183.9633,1191.5294,144319352.0
2020-09-24,1188.528,1190.2645,1176.5376,1178.2516,67879507.0
2020-09-25,1175.6987,1179.1155,1159.2657,1159.2669,76942078.0
2020-09-28,1160.2312,1179.8379,1156.0629,1176.3864,96910902.0
2020-09-29,1174.0943,1185.3395,1170.4616,1170.5801,54585123.0
2020-09-30,1170.8228,1182.6601,1169.5091,1171.5345,113879309.0
2020-10-01,1161.7405,1165.7956,1143.3375,1146.3942,67296342.0
2020-10-02,1137.909,1138.5213,1112.4354,1118.0494,56929212.0
2020-10-05,1130.1868,1147.1447,1126.4346,1147.1447,79761302.0
2020-10-06,1148.6507,1153.9836,1140.8052,1152.4242,103510212.0
2020-10-07,1149.9511,1155.8789,1137.2032,1138.6671,47191992.0
2020-10-08,1140.895,1168.516,1135.7943,1155.3134,86734236.0
2020-10-09,1124.1124,1125.4121,1112.3936,1115.2719,44158966.0
2020-10-12,1112.2578,1116.1869,1095.1082,1105.3737,68041612.0
2020-10-13,1104.6186,1108.1076,1084.9684,1100.5291,74197802.0
2020-10-14,1100.5321,1110.9594,1088.7361,1100.5907,73840717.0
2020-10-15,1088.4403,1091.5111,1077.8809,1080.9483,94211298.0
2020-10-16,1077.1839,1079.7124,1058.8633,1069.9977,72826583.0
2020-10-19,1067.9696,1071.8798,1057.8443,1064.485,78867628.0
2020-10-20,1068.0973,1092.1824,1065.2838,1075.7703,75004738.0
2020-10-21,1087.3504,1119.6399,1085.4397,1118.8899,87030362.0
2020-10-22,1153.3711,1184.9033,1153.192,1184.9033,48228828.0
2020-10-23,1186.4517,1194.9946,1177.0584,1188.8693,49053206.0
2020-10-26,1223.1016,1240.7758,1219.2293,1239.0298,58270414.0
2020-10-27,1239.1194,1249.6549,1226.054,1240.9021,24665731.0
2020-10-28,1239.3627,1241.5414,1229.0087,1237.6975,68921946.0
2020-10-29,1245.1138,1260.2099,1241.7167,1254.759,109167045.0
2020-10-30,1262.729,1281.325,1261.9288,1276.7089,40019341.0
2020-11-02,1283.1809,1295.8289,1279.5033,1295.8289,89940846.0
2020-11-03,1302.3544,1312.0118,1298.5927,1308.197,52813043.0
2020-11-04,1318.283,1341.765,1318.082,1336.2785,81718760.0
2020-11-05,1335.1708,1339.6074,1322.9686,1332.1632,65770151.0
2020-11-06,1321.9035,1324.9298,1299.8012,1299.8012,86251638.0
2020-11-09,1300.5727,1339.4066,1300.0766,1330.1727,48616097.0
2020-11-10,1326.5407,1329.3568,1303.4444,1310.8126,51455144.0
2020-11-11,1308.3442,1317.9406,1292.6426,1293.5651,82770990.0
2020-11-12,1291.8187,1295.8318,1274.4266,1288.5065,106480048.0
2020-11-13,1287.8715,1292.6759,1276.809,1277.9001,83927333.0
2020-11-16,1276.8387,1286.1193,1269.8101,1273.4579,65798664.0
2020-11-17,1269.1275,1272.2977,1243.0683,1246.0993,58548720.0
2020-11-18,1254.0133,1273.1439,1253.241,1268.7195,99927164.0
2020-11-19,1269.8516,1277.2688,1263.7428,1272.1909,61293345.0
2020-11-20,1286.6115,1299.8078,1286.3474,1299.4552,50089268.0
2020-11-23,1298.0606,1300.159,1268.3653,1278.799,47114057.0
2020-11-24,1285.9993,1303.8062,1276.4329,1303.6868,36049513.0
2020-11-25,1306.7058,1322.9892,1301.2804,1312.4251,45472730.0
2020-11-26,1313.1403,1321.8989,1302.7946,1314.6528,74460780.0
2020-11-27,1314.7107,1317.3017,1295.154,1315.619,42152876.0
2020-11-30,1326.097,1341.2595,1325.9997,1339.8354,47530667.0
2020-12-01,1340.9833,1342.9809,1330.8683,1342.3844,31269427.0
2020-12-02,1343.3883,1345.8189,1333.1124,1345.2702,85924997.0
2020-12-03,1344.9803,1349.7161,1327.9809,1343.3389,47796414.0
2020-12-04,1343.1601,1353.3616,1336.0494,1342.4942,78524993.0
2020-12-07,1343.8315,1351.4038,1343.8315,1348.3024,86582330.0
2020-12-08,1345.2085,1346.5391,1337.8401,1338.8389,59117742.0
2020-12-09,1329.6753,1335.3157,1316.7122,1316.7976,57260646.0
2020-12-10,1313.5649,1314.7038,1305.979,1309.8821,133630490.0
2020-12-11,1300.0807,1303.4563,1284.9325,1285.4682,44862092.0
2020-12-14,1283.7301,1283.7301,1261.789,1273.9796,65361875.0
2020-12-15,1272.3895,1275.1476,1259.7113,1259.7113,73491921.0
2020-12-16,1260.5308,1264.9177,1254.9808,1261.4849,79579693.0
2020-12-17,1262.6902,1264.4443,1254.4916,1263.2285,41486746.0
2020-12-18,1263.6311,1274.3688,1257.786,1267.4036,55644188.0
2020-12-21,1267.6102,1278.1484,1266.6548,1268.5325,70701838.0
2020-12-22,1267.6514,1267.8762,1254.3554,1254.8695,73623327.0
2020-12-23,1254.7536,1262.6201,1252.1523,1254.334,102470731.0
2020-12-24,1247.8421,1256.9549,1235.8332,1236.5452,52715921.0
2020-12-25,1238.0048,1246.7141,1234.9165,1241.1117,30148762.0
2020-12-28,1246.5601,1252.9531,1243.8184,1252.7219,55716464.0
2020-12-29,1251.0098,1258.1724,1241.0991,1245.2481,133230170.0
2020-12-30,1244.5897,1244.5897,1227.1909,1232.5027,72669750.0
2020-12-31,1235.5325,1245.7193,1233.2577,1240.7518,51463799.0
2021-01-01,1238.7255,1242.8155,1230.7252,1235.2351,60487016.0
2021-01-04,1231.6553,1231.6553,1222.6917,1228.7194,64546418.0
2021-01-05,1220.9654,1229.6645,1212.36,1212.36,52910540.0
2021-01-06,1212.6173,1218.2959,1201.3965,1214.2194,83271167.0
2021-01-07,1210.5885,1214.5275,1203.8723,1205.4093,52442220.0
2021-01-08,1202.1883,1206.0282,1197.0875,1198.5282,77470070.0
2021-01-11,1195.6872,1198.7599,1188.256,1191.8218,77325207.0
2021-01-12,1193.309,1198.9543,1190.1255,1196.2695,46914886.0
2021-01-13,1194.8043,1201.4453,1177.9208,1188.6323,63029741.0
2021-01-14,1186.7968,1196.1468,1176.8404,1180.8542,61736834.0
2021-01-15,1180.421,1187.1141,1177.107,1178.6121,43606565.0
2021-01-18,1182.5315,1188.6102,1177.5708,1188.2103,63490846.0
2021-01-19,1183.7017,1184.6856,1168.2237,1168.3645,40042107.0
2021-01-20,1175.3853,1181.7008,1173.6906,1179.8844,86652223.0
2021-01-21,1181.3413,1200.0795,1180.2466,1198.5165,80693243.0
2021-01-22,1195.3642,1197.9655,1181.1353,1187.0189,124297358.0
2021-01-25,1185.3361,1185.4577,1174.0442,1178.0487,37404160.0
2021-01-26,1178.6004,1188.5392,1174.3049,1185.5585,78542775.0
2021-01-27,1190.8143,1203.5634,1190.4928,1200.8069,51131954.0
2021-01-28,1192.31,1192.8676,1186.0822,1188.1627,35093454.0
2021-01-29,1185.8136,1188.3586,1175.4348,1182.7783,50234746.0
2021-02-01,1183.2924,1192.5619,1182.5019,1185.0338,37598419.0
2021-02-02,1183.9706,1189.0423,1180.0649,1180.0649,48836700.0
2021-02-03,1180.109,1189.301,1177.4181,1180.8294,54040267.0
2021-02-04,1178.5344,1179.9217,1168.2981,1175.4654,63632351.0
2021-02-05,1175.6111,1178.7516,1167.3966,1177.2086,100981049.0
2021-02-08,1176.3177,1180.4052,1171.4893,1171.8872,46198854.0
2021-02-09,1172.9527,1181.0699,1169.9459,1181.0699,46410230.0
2021-02-10,1179.9148,1182.8138,1174.5376,1177.1945,46857719.0
2021-02-11,1178.8403,1190.4652,1178.035,1183.0988,89109293.0
2021-02-12,1185.9791,1191.9131,1185.9791,1191.2236,91279809.0
2021-02-15,1189.0775,1194.7464,1187.0722,1187.1872,72550116.0
2021-02-16,1186.8342,1195.3813,1182.8116,1185.268,73604843.0
2021-02-17,1184.9281,1188.3512,1180.5436,1182.6975,67281541.0
2021-02-18,1182.4762,1183.9729,1172.5622,1181.31,129866134.0
2021-02-19,1181.3709,1188.0832,1176.5872,1181.4975,46509774.0
2021-02-22,1182.0307,1183.5113,1179.6459,1182.3799,69635601.0
2021-02-23,1179.031,1182.7292,1171.0146,1175.7293,94359102.0
2021-02-24,1176.0361,1183.1508,1175.4225,1178.2471,164545968.0
2021-02-25,1178.5518,1184.0604,1175.2036,1181.9489,49083501.0
2021-02-26,1181.5274,1185.1006,1176.8793,1179.3602,64649222.0
2021-03-01,1179.0291,1181.2751,1169.5622,1171.642,52641376.0
2021-03-02,1172.9704,1180.1452,1169.6764,1177.8587,81401050.0
2021-03-03,1181.6282,1189.2508,1180.9428,1186.2102,50947519.0
2021-03-04,1187.9708,1195.9621,1187.8408,1192.9,46431654.0
2021-03-05,1191.439,1198.7156,1187.3819,1188.362,82862285.0
2021-03-08,1186.8573,1187.962,1182.3737,1185.2773,67062263.0
2021-03-09,1186.1881,1191.2228,1183.1012,1188.083,51767205.0
2021-03-10,1188.2397,1191.5832,1181.2886,1191.2746,83938089.0
2021-03-11,1191.0646,1192.5914,1181.0204,1181.7795,45015161.0
2021-03-12,1179.9371,1183.0037,1169.8505,1172.9392,43916478.0
2021-03-15,1173.4329,1178.8886,1168.86,1178.3023,50435308.0
2021-03-16,1178.8413,1187.0085,1178.8413,1181.593,144798721.0
2021-03-17,1181.8142,1187.3363,1178.7119,1182.804,109024631.0
2021-03-18,1182.8536,1189.3937,1178.4419,1183.4226,112167399.0
2021-03-19,1177.6111,1178.6294,1163.846,1166.5278,61449190.0
2021-03-22,1163.3466,1164.6975,1151.9361,1152.1513,66134371.0
2021-03-23,1154.9211,1163.1336,1149.091,1161.17,72304236.0
2021-03-24,1161.678,1167.9647,1159.5821,1162.3709,44947490.0
2021-03-25,1159.1478,1167.3931,1152.6255,1155.4999,75372115.0
2021-03-26,1154.6879,1156.7771,1143.4556,1147.6052,83216436.0
2021-03-29,1149.0956,1154.0016,1143.9568,1151.9637,51320634.0
2021-03-30,1153.7442,1162.5895,1152.8434,1158.3496,47283673.0
2021-03-31,1155.0791,1159.0404,1153.2769,1154.5009,111066825.0
2021-04-01,1155.9577,1165.7252,1153.2503,1163.8967,108713135.0
2021-04-02,1164.2153,1167.1712,1157.0826,1165.3388,95735154.0
2021-04-05,1166.6113,1175.9708,1163.4963,1174.7485,107761865.0
2021-04-06,1175.0689,1180.8275,1172.5514,1175.8203,76717593.0
2021-04-07,1179.8538,1188.4385,1179.2789,1185.8703,56909018.0
2021-04-08,1187.9407,1193.0174,1187.1271,1192.1926,75771042.0
2021-04-09,1191.5573,1195.5475,1185.8142,1189.1138,43525543.0
2021-04-12,1191.1269,1196.2742,1189.2434,1193.5641,73703534.0
2021-04-13,1190.2596,1192.3479,1184.9823,1184.9823,76701045.0
2021-04-14,1184.3351,1188.1878,1179.2247,1180.049,51171844.0
2021-04-15,1182.0391,1191.9247,1180.4336,1185.0052,103606958.0
2021-04-16,1184.991,1192.9134,1181.1158,1184.637,37301309.0
2021-04-19,1183.2345,1189.2602,1178.7956,1179.126,53066587.0
2021-04-20,1180.8491,1186.5364,1178.2666,1185.5526,44471484.0
2021-04-21,1186.285,1193.2656,1185.2033,1190.5152,68872910.0
2021-04-22,1191.2099,1197.8753,1190.8707,1194.0192,52402401.0
2021-04-23,1187.2662,1189.1129,1174.7182,1174.7182,89310535.0
2021-04-26,1175.9851,1184.6122,1167.7475,1181.2216,87376161.0
2021-04-27,1177.5144,1181.5279,1172.0228,1172.1241,51735599.0
2021-04-28,1171.4743,1172.529,1160.0326,1167.0482,55869809.0
2021-04-29,1165.5941,1167.2873,1157.3009,1159.5624,44623825.0
2021-04-30,1158.9816,1165.5721,1152.8581,1155.5716,75120408.0
2021-05-03,1154.9333,1155.8001,1144.4423,1147.7086,58957950.0
2021-05-04,1145.5726,1146.6514,1133.7569,1134.9215,89847007.0
2021-05-05,1133.0127,1136.928,1113.9614,1115.9609,100142384.0
2021-05-06,1117.553,1138.1891,1115.8489,1136.646,66154080.0
2021-05-07,1137.4867,1151.6498,1136.8653,1149.3515,54675031.0
2021-05-10,1146.5785,1148.1643,1140.7559,1141.9737,57549282.0
2021-05-11,1138.6838,1141.235,1130.9915,1135.0629,102720547.0
2021-05-12,1136.9734,1147.9109,1135.8005,1140.016,147674381.0
2021-05-13,1128.7024,1128.7024,1110.6501,1111.9736,46777890.0
2021-05-14,1113.4628,1122.6609,1109.416,1118.4612,70370116.0
2021-05-17,1118.9786,1125.7741,1109.755,1123.7717,42898676.0
2021-05-18,1125.1104,1130.1127,1120.2496,1127.6557,128096196.0
2021-05-19,1125.1514,1129.7653,1118.5375,1123.2057,57204630.0
2021-05-20,1124.1735,1130.9552,1121.3462,1125.6585,70386259.0
2021-05-21,1125.872,1130.5683,1121.9328,1128.3297,60920957.0
2021-05-24,1128.3042,1135.7217,1127.4218,1128.0648,53114590.0
2021-05-25,1129.2657,1138.3525,1125.1446,1131.7196,48017050.0
2021-05-26,1128.3519,1129.0862,1114.7422,1115.5409,90988245.0
2021-05-27,1118.0349,1128.3222,1117.6142,1126.8285,93230382.0
2021-05-28,1123.4503,1125.4427,1112.4131,1112.4131,60461114.0
2021-05-31,1112.747,1119.4798,1107.331,1115.9021,50200571.0
2021-06-01,1121.8408,1129.5284,1116.1059,1126.4453,62443965.0
2021-06-02,1123.4415,1123.4415,1109.8491,1114.6362,94171199.0
2021-06-03,1112.2747,1115.597,1105.0543,1109.1505,72511693.0
2021-06-04,1119.2994,1132.771,1117.2101,1130.356,126661980.0
2021-06-07,1128.0801,1132.6884,1110.9048,1118.0985,73832358.0
2021-06-08,1129.9728,1146.2841,1121.184,1144.1578,73261815.0
2021-06-09,1140.1543,1141.7697,1131.2845,1133.1244,53198831.0
2021-06-10,1130.3197,1135.3686,1119.4952,1124.9512,82516330.0
2021-06-11,1132.7356,1144.8611,1131.6053,1143.1774,69461376.0
2021-06-14,1142.9894,1150.3921,1139.3362,1142.649,104114442.0
2021-06-15,1146.756,1162.3113,1143.2624,1161.5231,62446298.0
2021-06-16,1163.3614,1178.8318,1161.3922,1177.5708,102006695.0
2021-06-17,1179.8238,1190.6371,1176.8704,1183.7399,42733388.0
2021-06-18,1185.0336,1195.9272,1177.7848,1188.3395,98493621.0
2021-06-21,1188.7629,1191.5497,1182.6928,1190.8431,139098303.0
2021-06-22,1191.9377,1195.4843,1187.308,1194.8268,59516802.0
2021-06-23,1192.2784,1194.1267,1187.3992,1189.0243,90457254.0
2021-06-24,1188.9722,1193.7321,1185.7543,1188.8934,101972112.0
2021-06-25,1188.8418,1195.4272,1180.1089,1188.7305,50289489.0
2021-06-28,1193.4304,1203.293,1190.8889,1203.1273,49699066.0
2021-06-29,1202.4805,1207.8464,1200.916,1201.349,96663128.0
2021-06-30,1203.7665,1215.8033,1202.9806,1215.8033,69742400.0
2021-07-01,1206.5785,1207.4128,1195.8817,1196.5076,75472909.0
2021-07-02,1198.0253,1212.5114,1195.5506,1204.6954,48675644.0
2021-07-05,1220.2109,1239.1931,1220.2109,1239.1694,141147611.0
2021-07-06,1245.7318,1258.6433,1241.9447,1256.0471,47769406.0
2021-07-07,1256.9333,1273.3661,1256.8649,1263.2747,41569872.0
2021-07-08,1262.0446,1270.256,1258.6713,1260.5924,40118680.0
2021-07-09,1261.1773,1272.2365,1257.8835,1266.8611,123349990.0
2021-07-12,1273.4048,1281.0996,1271.6792,1280.704,42371782.0
2021-07-13,1277.3023,1281.2521,1265.1452,1271.7663,83015233.0
2021-07-14,1271.4697,1277.7227,1260.6067,1268.8125,51153060.0
2021-07-15,1269.396,1276.7157,1264.3472,1270.2712,68256443.0
2021-07-16,1270.7568,1273.4069,1262.5452,1272.1078,70044441.0
2021-07-19,1270.5968,1272.2018,1253.1363,1261.0589,87123266.0
2021-07-20,1263.2098,1275.1464,1261.1267,1273.3631,79550326.0
2021-07-21,1272.15,1275.6658,1265.0226,1268.4795,50707263.0
2021-07-22,1268.5886,1270.8668,1260.3799,1268.7646,48210393.0
2021-07-23,1270.2001,1279.0325,1268.9018,1271.7021,51769786.0
2021-07-26,1271.3274,1274.4701,1261.6062,1266.578,82227286.0
2021-07-27,1264.2908,1266.7751,1259.8282,1261.4124,72049775.0
2021-07-28,1261.6941,1264.0754,1256.8989,1263.04,51110931.0
2021-07-29,1262.5034,1264.7999,1257.5436,1259.1951,70534187.0
2021-07-30,1259.2007,1262.8544,1254.1895,1259.2204,102796831.0
2021-08-02,1259.2249,1263.6456,1253.0735,1259.2827,95511287.0
2021-08-03,1257.2063,1258.541,1249.1125,1252.3413,46105166.0
2021-08-04,1249.9144,1250.7104,1245.6937,1249.2603,62394556.0
2021-08-05,1257.4413,1265.2592,1256.3132,1264.1732,60039930.0
2021-08-06,1268.7634,1278.3043,1264.5953,1274.4539,115534791.0
2021-08-09,1272.9194,1274.5478,1264.76,1270.8521,77270812.0
2021-08-10,1268.4901,1268.6822,1262.1837,1262.7005,73870408.0
2021-08-11,1262.4066,1263.2791,1257.0931,1261.7873,63688512.0
2021-08-12,1262.2427,1267.2137,1256.5194,1264.1567,82044612.0
2021-08-13,1264.2045,1267.6482,1260.5075,1264.4119,107655883.0
2021-08-16,1269.8944,1283.2255,1269.749,1282.2204,98174797.0
2021-08-17,1282.0764,1283.6315,1272.1818,1279.3983,68109898.0
2021-08-18,1280.1032,1282.2731,1273.7138,1281.2301,120603435.0
2021-08-19,1279.8104,1282.7224,1271.1312,1271.3898,67253067.0
2021-08-20,1272.3172,1285.2522,1272.2463,1280.0724,104617954.0
2021-08-23,1279.4956,1282.7225,1274.2781,1274.2781,54541058.0
2021-08-24,1269.6553,1269.7996,1250.9668,1254.617,116015550.0
2021-08-25,1251.2747,1251.3297,1236.1571,1242.6351,80942628.0
2021-08-26,1242.53,1248.4479,1236.6163,1241.9447,35619042.0
2021-08-27,1246.0776,1257.8744,1245.863,1256.1463,102416129.0
2021-08-30,1256.9889,1264.4896,1255.5118,1260.4083,71393355.0
2021-08-31,1261.0134,1276.8453,1260.0073,1263.2881,37187389.0
2021-09-01,1261.1365,1262.7011,1246.5275,1253.8112,97138947.0
2021-09-02,1258.2784,1267.4426,1257.5221,1263.0278,84941027.0
2021-09-03,1263.0161,1264.4099,1246.7501,1262.3624,122629262.0
2021-09-06,1264.3525,1279.6297,1264.3499,1279.6297,54233895.0
2021-09-07,1273.6282,1273.6282,1260.5064,1260.8626,56075421.0
2021-09-08,1266.0891,1284.5261,1265.6894,1284.5261,75154047.0
2021-09-09,1272.856,1276.8361,1260.0596,1261.2227,57401052.0
2021-09-10,1261.6879,1277.3552,1260.4378,1265.164,101913275.0
2021-09-13,1248.2241,1249.1662,1229.078,1229.6573,66556615.0
2021-09-14,1227.3562,1232.6851,1189.6116,1190.1447,58544344.0
2021-09-15,1193.7477,1203.898,1191.8922,1202.2748,93001681.0
2021-09-16,1203.3011,1233.8819,1198.7375,1223.1334,70368706.0
2021-09-17,1227.141,1254.2458,1224.1248,1248.2904,88328496.0
2021-09-20,1250.4272,1264.9219,1238.735,1262.3227,53294922.0
2021-09-21,1262.2594,1276.2269,1252.2128,1261.5022,51036084.0
2021-09-22,1267.8558,1273.2399,1259.119,1271.8626,27426930.0
2021-09-23,1270.412,1271.6803,1248.2069,1261.9843,50034794.0
2021-09-24,1252.6054,1258.9551,1235.2331,1235.4105,65737359.0
2021-09-27,1229.885,1229.885,1209.6076,1217.6407,38589302.0
2021-09-28,1207.1323,1209.204,1189.8614,1192.1364,86984366.0
2021-09-29,1191.4241,1198.5442,1178.5495,1180.6184,63407638.0
2021-09-30,1178.6039,1178.8233,1157.1831,1174.2191,129326866.0
2021-10-01,1181.4289,1216.0241,1177.5125,1204.637,103058456.0
2021-10-04,1213.5054,1223.9604,1210.175,1217.9133,50753911.0
2021-10-05,1220.2398,1228.9583,1218.4891,1225.1038,67820509.0
2021-10-06,1222.923,1227.3876,1210.1398,1217.7207,114223123.0
2021-10-07,1220.4084,1237.0293,1211.6555,1233.4601,59441009.0
2021-10-08,1238.1653,1253.2222,1233.6076,1246.4296,115259034.0
2021-10-11,1250.5186,1259.8265,1243.4228,1259.8265,98499227.0
2021-10-12,1270.5717,1283.4339,1270.5717,1277.1462,39240142.0
2021-10-13,1279.9553,1290.2758,1267.1171,1286.9795,73654956.0
2021-10-14,1284.0943,1285.5158,1264.5539,1265.9261,91830470.0
2021-10-15,1265.8028,1273.5302,1259.9175,1262.2357,73274201.0
2021-10-18,1262.7043,1265.8677,1248.466,1263.7317,86101544.0
2021-10-19,1260.2329,1263.7536,1249.1947,1253.6563,99560307.0
2021-10-20,1252.4511,1255.5853,1236.5038,1245.6138,137855894.0
2021-10-21,1247.6723,1253.6917,1237.2617,1252.5532,130695661.0
2021-10-22,1236.2112,1240.7101,1227.5239,1229.3812,76509328.0
2021-10-25,1233.4941,1252.4589,1230.9195,1247.2505,87812745.0
2021-10-26,1247.7172,1260.8808,1243.8594,1251.9929,93068190.0
2021-10-27,1257.0942,1274.8561,1250.7481,1268.7073,44794487.0
2021-10-28,1267.8556,1277.4224,1254.1092,1262.5887,109655005.0
2021-10-29,1258.857,1261.8324,1243.1725,1244.6339,101034513.0
2021-11-01,1245.0552,1254.3816,1238.8051,1246.1259,142992960.0
2021-11-02,1246.7178,1258.9305,1246.2895,1249.8203,58688333.0
2021-11-03,1253.1736,1269.6792,1245.9439,1267.4589,68858281.0
2021-11-04,1266.6513,1274.2188,1263.574,1265.3954,77036789.0
2021-11-05,1274.6282,1284.2717,1274.1031,1281.7253,67188834.0
2021-11-08,1282.2627,1286.8905,1273.9898,1285.1794,82855573.0
2021-11-09,1290.1527,1299.7799,1286.0868,1298.0086,52640114.0
2021-11-10,1299.6683,1303.202,1296.6507,1301.6713,41440372.0
2021-11-11,1299.0344,1299.8937,1290.8466,1292.5971,54074553.0
2021-11-12,1293.7383,1298.4017,1279.9147,1296.8946,40683121.0
2021-11-15,1298.1657,1304.2793,1292.8265,1303.9359,53881384.0
2021-11-16,1304.2085,1311.5662,1297.8598,1309.2824,55871518.0
2021-11-17,1305.1751,1308.252,1293.4095,1295.2182,83451958.0
2021-11-18,1299.3492,1305.4555,1296.2966,1302.7528,87411806.0
2021-11-19,1301.7768,1302.1353,1285.7228,1292.475,51193502.0
2021-11-22,1292.3001,1293.7533,1273.3596,1279.5767,67234782.0
2021-11-23,1282.8755,1290.8626,1277.6381,1287.2498,96562206.0
2021-11-24,1286.6143,1293.9437,1281.5976,1284.5319,68030669.0
2021-11-25,1284.9932,1289.2757,1277.5922,1288.485,54516111.0
2021-11-26,1290.2535,1299.0416,1289.6219,1292.4463,84989583.0
2021-11-29,1292.9283,1296.9903,1287.7681,1294.4938,80865851.0
2021-11-30,1294.9061,1298.4557,1289.5419,1296.8409,101929572.0
2021-12-01,1298.71,1312.3115,1295.8923,1301.6009,37670749.0
2021-12-02,1296.3688,1297.607,1284.6323,1284.6323,109277232.0
2021-12-03,1284.9378,1290.4241,1284.9378,1285.2151,71601726.0
2021-12-06,1288.537,1306.1036,1282.8479,1304.5259,113584786.0
2021-12-07,1306.0605,1321.4317,1305.1402,1320.0117,35144018.0
2021-12-08,1321.0283,1333.1961,1319.3645,1327.7647,51083981.0
2021-12-09,1327.6438,1334.8323,1320.9128,1327.4842,61657837.0
2021-12-10,1327.701,1331.0161,1321.3523,1329.0632,85963243.0
2021-12-13,1330.0251,1340.1973,1327.0112,1333.9688,38790893.0
2021-12-14,1332.5973,1336.7311,1328.4061,1329.8411,58080975.0
2021-12-15,1317.1924,1318.4688,1305.1689,1305.4945,68320880.0
2021-12-16,1306.3449,1331.823,1304.3679,1321.7215,37517863.0
2021-12-17,1321.754,1326.6255,1316.5351,1322.0298,47762453.0
2021-12-20,1321.6771,1323.1793,1305.5513,1312.8348,93136404.0
2021-12-21,1316.0072,1330.6763,1313.8568,1326.3004,65369862.0
2021-12-22,1331.9532,1345.7554,1331.1369,1342.6528,52935678.0
2021-12-23,1354.9665,1369.2281,1354.4924,1369.2281,69809771.0
2021-12-24,1364.479,1367.5975,1359.9788,1361.5371,54423011.0
2021-12-27,1360.9909,1367.4763,1356.8239,1359.5678,40012603.0
2021-12-28,1360.1053,1367.1363,1356.9789,1361.2629,63830961.0
2021-12-29,1361.0253,1371.5335,1359.7863,1360.88,94465391.0
2021-12-30,1361.7412,1368.1033,1351.8731,1366.2433,129631418.0
2021-12-31,1366.4837,1377.1451,1365.1804,1367.709,62291265.0
2022-01-03,1367.2575,1376.6704,1364.226,1365.5735,41607284.0
2022-01-04,1365.097,1368.2633,1354.1302,1362.2773,84103512.0
2022-01-05,1364.8102,1373.2227,1364.3887,1367.928,52227918.0
2022-01-06,1367.9515,1373.3064,1367.0589,1368.0418,98908361.0
2022-01-07,1360.9836,1364.4517,1355.8959,1357.4197,35362538.0
2022-01-10,1356.3256,1361.888,1354.3449,1355.5873,69088255.0
2022-01-11,1356.8105,1360.8708,1351.9594,1359.1898,51234303.0
2022-01-12,1356.8662,1358.486,1349.2601,1349.2601,91995791.0
2022-01-13,1351.4042,1354.8068,1349.5896,1352.3376,64235223.0
2022-01-14,1347.2139,1354.3175,1337.0222,1337.8109,82922952.0
2022-01-17,1336.2984,1343.8494,1330.4307,1332.7044,46757281.0
2022-01-18,1334.0232,1342.1654,1332.2902,1337.1031,32173617.0
2022-01-19,1336.9008,1338.0952,1331.4607,1334.8273,62922031.0
2022-01-20,1333.6653,1337.3368,1322.9872,1329.7651,57299008.0
2022-01-21,1329.7003,1330.1007,1324.0865,1329.6267,56497493.0
2022-01-24,1329.4114,1333.5437,1326.7688,1329.0391,55875714.0
2022-01-25,1327.1795,1328.4421,1309.2994,1309.4993,92380716.0
2022-01-26,1307.0982,1312.6221,1298.3155,1299.98,55070618.0
2022-01-27,1295.225,1299.7456,1292.7681,1292.7681,41515847.0
2022-01-28,1288.585,1288.585,1274.8081,1274.8081,66508795.0
2022-01-31,1267.5798,1269.6485,1259.6172,1259.8983,48561662.0
2022-02-01,1269.0763,1291.9178,1266.8524,1290.8845,73799679.0
2022-02-02,1291.3992,1305.4518,1282.1584,1304.9823,56210502.0
2022-02-03,1305.4424,1307.244,1294.9611,1306.6631,77943731.0
2022-02-04,1314.8143,1323.0054,1311.9393,1321.6465,37448794.0
2022-02-07,1314.728,1316.4987,1280.3957,1287.4994,55171146.0
2022-02-08,1288.4094,1298.9731,1285.9312,1293.0921,77751919.0
2022-02-09,1302.3692,1309.3926,1294.4442,1307.821,51473896.0
2022-02-10,1293.8016,1293.8456,1275.9336,1279.015,80971019.0
2022-02-11,1279.2373,1286.0467,1261.5201,1283.7405,116847357.0
2022-02-14,1286.7951,1299.8602,1281.9154,1290.1851,91472310.0
2022-02-15,1285.2859,1289.6342,1270.7503,1270.7503,68054551.0
2022-02-16,1269.6353,1272.7737,1258.7826,1268.152,53070402.0
2022-02-17,1264.3425,1267.3153,1258.6452,1262.8655,69654189.0
2022-02-18,1256.926,1258.5476,1244.7447,1250.8666,54060149.0
2022-02-21,1255.4349,1270.7962,1253.8517,1262.5184,57765372.0
2022-02-22,1261.658,1263.259,1248.9676,1253.3495,38476524.0
2022-02-23,1254.4389,1258.4783,1233.484,1258.4783,80685408.0
2022-02-24,1255.3156,1258.235,1243.1779,1245.0072,53569662.0
2022-02-25,1240.8526,1241.9042,1224.0749,1230.0557,64239036.0
2022-02-28,1234.8208,1245.3534,1227.7802,1243.3029,85400810.0
2022-03-01,1253.5733,1262.5763,1253.5733,1261.7229,36205358.0
2022-03-02,1261.7904,1267.5335,1254.8729,1262.4276,58834636.0
2022-03-03,1249.8565,1250.4604,1230.117,1233.2884,48276936.0
2022-03-04,1233.3651,1240.1086,1223.5788,1235.1343,77882251.0
2022-03-07,1235.8495,1249.0091,1229.4038,1238.1969,130136350.0
2022-03-08,1229.7142,1231.0695,1216.4585,1221.8247,112827616.0
2022-03-09,1222.4883,1229.2561,1218.9456,1224.0231,36813953.0
2022-03-10,1223.9889,1227.4037,1207.2484,1217.7947,55213505.0
2022-03-11,1215.6436,1221.093,1203.9223,1209.1154,86971761.0
2022-03-14,1206.64,1210.7565,1186.2725,1190.2658,94323625.0
2022-03-15,1188.7043,1192.5414,1174.9901,1183.519,45315004.0
2022-03-16,1189.0884,1202.2073,1188.2781,1195.5154,50079881.0
2022-03-17,1200.6775,1219.8026,1193.0037,1210.2708,46952959.0
2022-03-18,1209.5627,1215.6269,1204.6922,1208.1015,50476287.0
2022-03-21,1203.8993,1203.9837,1194.3743,1198.9698,51216614.0
2022-03-22,1199.1844,1209.4791,1189.1436,1200.5156,62422656.0
2022-03-23,1206.9162,1228.0788,1205.9549,1225.2847,47672300.0
2022-03-24,1226.0385,1231.9077,1220.2468,1226.7354,59523291.0
2022-03-25,1226.5998,1232.3189,1221.1417,1225.8657,101698580.0
2022-03-28,1224.807,1227.6568,1216.7664,1216.7715,66761018.0
2022-03-29,1215.2671,1221.3062,1209.4278,1212.2086,42237331.0
2022-03-30,1215.2359,1223.0592,1210.2043,1221.0399,100487645.0
2022-03-31,1223.1829,1227.7523,1218.9001,1227.7523,52021174.0
2022-04-01,1227.9505,1233.2386,1222.3954,1228.6166,54906100.0
2022-04-04,1221.9196,1224.8442,1211.7722,1212.2568,77119382.0
2022-04-05,1208.2386,1209.3498,1194.3807,1202.3694,67003943.0
2022-04-06,1200.4548,1205.6084,1194.7198,1198.2888,62679542.0
2022-04-07,1198.9606,1207.6241,1196.8499,1202.8371,60763766.0
2022-04-08,1202.6602,1206.8866,1195.2261,1200.9728,55039564.0
2022-04-11,1206.3506,1215.4622,1200.2657,1212.481,80677321.0
2022-04-12,1215.9659,1233.0867,1215.8953,1223.3338,45292081.0
2022-04-13,1218.696,1219.6371,1209.1101,1213.1518,60577133.0
2022-04-14,1217.6007,1227.0394,1211.8945,1226.0151,48909459.0
2022-04-15,1228.5637,1237.0437,1228.5637,1234.2019,52114955.0
2022-04-18,1231.8541,1232.6871,1224.5722,1228.3946,120355343.0
2022-04-19,1227.36,1228.5908,1211.9006,1213.6845,49532298.0
2022-04-20,1215.45,1226.3311,1215.1002,1224.8286,41439454.0
2022-04-21,1222.0273,1226.2876,1215.3894,1218.0096,46283078.0
2022-04-22,1225.1787,1232.5965,1223.8923,1230.3107,161303219.0
2022-04-25,1229.3908,1232.7696,1216.94,1221.2343,39258911.0
2022-04-26,1219.6888,1219.9822,1210.0872,1214.233,128030083.0
2022-04-27,1213.0002,1217.8443,1208.9227,1211.5491,62630376.0
2022-04-28,1211.3394,1217.7669,1207.4335,1208.793,39232154.0
2022-04-29,1208.6029,1214.5061,1204.965,1206.9879,36780224.0
2022-05-02,1208.4115,1214.2292,1205.9587,1210.655,104202169.0
2022-05-03,1210.7217,1218.1516,1207.3932,1211.8329,26779321.0
2022-05-04,1210.5409,1215.2903,1205.2579,1206.7807,87107545.0
2022-05-05,1205.8855,1206.4361,1198.961,1205.4669,79988876.0
2022-05-06,1204.8797,1207.6599,1197.5598,1203.4553,72890577.0
2022-05-09,1205.9172,1212.4003,1205.5386,1210.7806,87945134.0
2022-05-10,1209.5609,1213.5602,1203.6986,1203.6986,31362086.0
2022-05-11,1201.6666,1203.1595,1194.8839,1196.2974,60249530.0
2022-05-12,1195.1723,1195.8514,1183.3015,1186.0695,53386601.0
2022-05-13,1188.8908,1194.2445,1183.0909,1193.947,34297419.0
2022-05-16,1195.7341,1208.7595,1193.7857,1207.7528,44548027.0
2022-05-17,1206.1614,1209.5188,1199.3087,1201.9025,104938313.0
2022-05-18,1202.1762,1210.771,1196.9431,1204.8463,81687332.0
2022-05-19,1207.248,1221.5045,1206.3667,1219.8183,45226835.0
2022-05-20,1220.4706,1223.2871,1214.3541,1222.4957,102618063.0
2022-05-23,1222.9008,1232.8955,1215.7385,1228.0363,37607265.0
2022-05-24,1227.9609,1232.8033,1223.4024,1226.6408,108277383.0
2022-05-25,1227.5788,1234.9289,1222.8158,1230.1918,57181318.0
2022-05-26,1229.2913,1231.6962,1223.079,1227.1003,50176964.0
2022-05-27,1226.6777,1232.0404,1225.6793,1226.198,85458550.0
2022-05-30,1226.8596,1230.8915,1222.0259,1228.3045,68530318.0
2022-05-31,1224.6609,1225.2078,1217.0142,1220.6211,88149282.0
2022-06-01,1220.619,1222.5643,1214.9202,1220.6092,54186869.0
2022-06-02,1220.3738,1229.9867,1212.9306,1216.759,77896598.0
2022-06-03,1215.1696,1217.2873,1211.1713,1214.0337,61297631.0
2022-06-06,1212.867,1214.2632,1205.8676,1210.4092,102138707.0
2022-06-07,1209.9973,1211.8946,1203.3345,1207.1116,41403258.0
2022-06-08,1205.7489,1208.4074,1201.7976,1202.5491,48786214.0
2022-06-09,1204.1701,1206.9859,1202.2745,1204.5141,60147418.0
2022-06-10,1204.5291,1209.3328,1201.6582,1204.646,96668207.0
2022-06-13,1203.6765,1205.4802,1194.9684,1200.8953,79158898.0
2022-06-14,1202.9145,1210.9123,1201.0711,1209.7092,90508691.0
2022-06-15,1207.1549,1208.9286,1200.9569,1203.8299,34558655.0
2022-06-16,1206.2288,1209.1039,1203.4646,1208.487,45649898.0
2022-06-17,1209.5282,1214.7077,1204.9916,1214.3701,77801727.0
2022-06-20,1213.166,1215.667,1209.892,1211.3414,79114719.0
2022-06-21,1212.0599,1215.8863,1211.1072,1214.961,119765383.0
2022-06-22,1216.6727,1221.0714,1214.738,1219.0799,38753089.0
2022-06-23,1209.5893,1210.8246,1201.3206,1205.0806,69304489.0
2022-06-24,1207.1724,1214.2784,1206.8573,1210.9173,70830441.0
2022-06-27,1216.8207,1222.1163,1215.0323,1220.9004,44106012.0
2022-06-28,1218.933,1219.5755,1208.8024,1209.1388,52765740.0
2022-06-29,1210.8101,1220.3051,1210.5527,1214.1334,54550587.0
2022-06-30,1213.1196,1218.1216,1205.8103,1207.1961,53875017.0
2022-07-01,1206.0461,1206.0461,1199.6623,1203.4997,59134180.0
2022-07-04,1203.4684,1206.2695,1195.4516,1203.3197,52611379.0
2022-07-05,1208.3956,1217.5843,1206.7708,1215.1417,55598850.0
2022-07-06,1212.022,1212.7909,1199.5513,1205.8446,83095412.0
2022-07-07,1205.6332,1208.7271,1199.485,1203.2469,60422327.0
2022-07-08,1204.6693,1214.3213,1197.2769,1213.9744,48216055.0
2022-07-11,1218.2654,1226.7626,1216.6456,1225.7645,87784677.0
2022-07-12,1225.2872,1231.4424,1220.9205,1221.7402,60585823.0
2022-07-13,1219.573,1221.0507,1213.7178,1216.8123,90487661.0
2022-07-14,1216.5211,1221.0275,1212.3901,1214.7529,53493598.0
2022-07-15,1214.4138,1218.0568,1207.0149,1212.1682,31536692.0
2022-07-18,1212.4653,1220.5298,1212.4653,1213.4935,47021672.0
2022-07-19,1213.8131,1214.803,1210.4737,1214.1642,102931595.0
2022-07-20,1220.965,1232.6177,1220.7784,1232.5022,51238097.0
2022-07-21,1237.573,1242.8977,1235.1452,1241.9443,92468935.0
2022-07-22,1241.0556,1242.6949,1233.0047,1234.6803,80831285.0
2022-07-25,1235.1801,1239.8008,1230.021,1235.6646,85421209.0
2022-07-26,1235.0684,1236.78,1231.17,1232.4432,106293808.0
2022-07-27,1233.1562,1240.0237,1230.2212,1238.5998,83750195.0
2022-07-28,1242.2859,1251.6385,1241.1311,1251.6385,52061951.0
2022-07-29,1250.0073,1250.3992,1240.5095,1241.7311,75771853.0
2022-08-01,1234.1275,1237.6503,1216.0187,1216.0358,60461774.0
2022-08-02,1219.92,1231.0176,1216.4584,1229.2963,83176258.0
2022-08-03,1232.1729,1248.9299,1232.0036,1246.4177,46514200.0
2022-08-04,1251.2503,1270.139,1251.2503,1266.2181,68940778.0
2022-08-05,1264.3641,1268.7043,1252.7528,1253.5804,73797986.0
2022-08-08,1252.7881,1259.9206,1245.6273,1248.7821,51804661.0
2022-08-09,1248.9133,1259.684,1245.1713,1250.7944,42127663.0
2022-08-10,1243.8259,1247.8386,1230.8138,1231.4005,99655051.0
2022-08-11,1236.6458,1258.663,1236.6458,1250.0242,59644154.0
2022-08-12,1244.8957,1249.0643,1237.1667,1240.4665,54445472.0
2022-08-15,1239.5648,1242.958,1227.8766,1227.8766,74136520.0
2022-08-16,1228.2758,1242.1929,1226.9259,1232.1069,36154950.0
2022-08-17,1229.0877,1233.115,1213.9377,1218.4451,122366592.0
2022-08-18,1219.5804,1230.0476,1216.9708,1227.9527,68682442.0
2022-08-19,1229.3515,1239.32,1225.4912,1239.32,97966181.0
2022-08-22,1239.513,1251.0802,1232.8181,1241.0786,76552495.0
2022-08-23,1243.7905,1256.054,1241.2491,1255.3608,41232639.0
2022-08-24,1259.9179,1267.5152,1258.8377,1262.6916,88957652.0
2022-08-25,1262.2003,1265.4827,1256.6541,1259.4108,30900140.0
2022-08-26,1256.0113,1256.8599,1242.8253,1245.1335,54953352.0
2022-08-29,1245.0859,1250.5509,1240.8463,1244.9672,42995086.0
2022-08-30,1235.9496,1235.9496,1218.4606,1223.1883,67575521.0
2022-08-31,1219.4832,1219.4832,1198.4825,1202.0767,66393970.0
2022-09-01,1202.5871,1210.329,1193.1798,1204.201,80957093.0
2022-09-02,1204.4823,1216.5086,1197.7992,1214.2634,82052690.0
2022-09-05,1218.6235,1229.1447,1206.1793,1229.1087,132692289.0
2022-09-06,1230.6872,1236.0587,1226.1642,1232.9953,59628947.0
2022-09-07,1224.4252,1227.0336,1197.0578,1198.2579,55522168.0
2022-09-08,1185.8945,1188.5874,1165.0056,1166.2858,79953024.0
2022-09-09,1166.9742,1180.8794,1159.5605,1169.2803,59203615.0
2022-09-12,1171.6977,1182.5536,1169.0067,1173.699,41281721.0
2022-09-13,1179.3516,1197.7371,1179.0541,1185.9718,78193063.0
2022-09-14,1189.0281,1203.4784,1186.7743,1200.9628,81508327.0
2022-09-15,1199.9549,1204.4844,1186.3562,1196.1457,60000640.0
2022-09-16,1194.0888,1198.4491,1181.9202,1187.0963,103124621.0
2022-09-19,1186.1812,1189.0469,1170.4954,1182.3232,55519753.0
2022-09-20,1181.7509,1196.262,1179.2824,1179.2824,104480565.0
2022-09-21,1179.1609,1181.2977,1171.1667,1178.9316,55976482.0
2022-09-22,1180.6376,1196.0769,1177.4281,1196.0769,55175708.0
2022-09-23,1214.5802,1229.2273,1206.8814,1228.4688,62311639.0
2022-09-26,1232.8748,1241.2795,1228.9792,1237.9338,120495168.0
2022-09-27,1237.0527,1237.3887,1227.5824,1234.3465,100570810.0
2022-09-28,1232.8735,1241.3811,1230.0449,1231.1435,64056907.0
2022-09-29,1228.7739,1231.2552,1217.5131,1219.7839,98139422.0
2022-09-30,1219.6148,1223.0242,1201.2317,1213.6719,83330688.0
2022-10-03,1213.8371,1218.4097,1210.1734,1214.1834,54081001.0
2022-10-04,1215.3771,1230.6412,1210.9274,1229.1675,41999012.0
2022-10-05,1244.0297,1251.1431,1243.4123,1249.1593,55107364.0
2022-10-06,1241.8945,1246.5453,1221.0465,1221.6563,141683596.0
2022-10-07,1216.3867,1218.2651,1208.4732,1212.2776,44282293.0
2022-10-10,1207.5495,1207.5616,1187.3965,1195.5066,42442744.0
2022-10-11,1198.8317,1207.0398,1194.577,1201.9442,93853727.0
2022-10-12,1208.4756,1218.8102,1206.2015,1218.8102,37421821.0
2022-10-13,1214.4681,1220.8239,1189.2674,1194.1419,125428329.0
2022-10-14,1195.3524,1209.4291,1179.575,1206.4508,46952284.0
2022-10-17,1205.9749,1211.053,1197.3126,1204.0981,101557209.0
2022-10-18,1200.8637,1203.3736,1183.9826,1184.5685,77146646.0
2022-10-19,1184.9743,1211.9761,1184.9743,1205.2664,38072294.0
2022-10-20,1209.98,1224.8245,1206.9553,1216.4027,101556041.0
2022-10-21,1219.1265,1232.0453,1215.0642,1227.077,112312875.0
2022-10-24,1229.3093,1246.7648,1228.9587,1242.336,61317453.0
2022-10-25,1245.3598,1257.9017,1244.2952,1250.8349,80562205.0
2022-10-26,1245.6583,1251.2739,1235.4175,1236.8145,149881209.0
2022-10-27,1235.5235,1244.1735,1226.0759,1228.4169,53785694.0
2022-10-28,1231.9608,1245.2153,1230.3672,1240.9319,59996580.0
2022-10-31,1228.1369,1232.5768,1215.7381,1217.4242,108168844.0
2022-11-01,1224.886,1238.7375,1224.7332,1236.0705,43573680.0
2022-11-02,1233.8702,1240.7406,1218.9724,1221.9405,67505778.0
2022-11-03,1217.217,1229.5702,1201.6785,1201.6785,47555233.0
2022-11-04,1196.0866,1197.6982,1168.4735,1177.5495,170694182.0
2022-11-07,1179.2271,1191.4793,1173.8834,1186.2368,100172718.0
2022-11-08,1160.75,1163.894,1143.0516,1146.9851,45487319.0
2022-11-09,1137.5792,1148.517,1118.6461,1123.4886,28365189.0
2022-11-10,1126.2864,1140.0148,1110.3891,1135.8,57714100.0
2022-11-11,1146.5601,1179.1571,1146.5601,1162.7533,73899299.0
2022-11-14,1162.9148,1177.724,1153.4531,1165.8889,99905029.0
2022-11-15,1184.0333,1196.661,1181.7196,1194.6983,82153028.0
2022-11-16,1197.8065,1220.2309,1195.4945,1219.1571,49290010.0
2022-11-17,1219.1338,1231.0105,1214.7211,1219.0343,62447512.0
2022-11-18,1211.2457,1222.4781,1174.9653,1178.5816,70638621.0
2022-11-21,1179.1547,1201.1933,1173.8108,1184.0037,90634495.0
2022-11-22,1183.1319,1189.5673,1173.9802,1181.2754,42689054.0
2022-11-23,1191.9192,1202.9897,1185.384,1199.357,49926474.0
2022-11-24,1199.3403,1209.1915,1190.6292,1199.2099,39079877.0
2022-11-25,1193.0132,1194.8484,1175.9986,1180.7009,89661043.0
2022-11-28,1180.3548,1186.7202,1166.775,1178.8843,56392658.0
2022-11-29,1173.0129,1176.8585,1153.3981,1160.9359,57135511.0
2022-11-30,1157.8383,1159.0052,1146.6332,1146.6332,66813922.0
2022-12-01,1148.5437,1168.078,1145.4865,1159.3193,108316533.0
2022-12-02,1157.4421,1163.6537,1143.8634,1148.9198,84340593.0
2022-12-05,1153.3573,1171.9442,1147.825,1166.5141,72124819.0
2022-12-06,1162.7992,1166.3013,1152.2076,1159.6914,55524235.0
2022-12-07,1157.4074,1161.6121,1151.5824,1155.6054,90866371.0
2022-12-08,1155.4572,1161.1808,1140.1481,1146.7084,64679599.0
2022-12-09,1147.8797,1158.0283,1145.6557,1149.9359,84231283.0
2022-12-12,1153.1191,1161.1724,1143.9868,1159.5103,44661479.0
2022-12-13,1160.6377,1164.5547,1151.4738,1163.6202,43553731.0
2022-12-14,1165.8334,1174.225,1165.7773,1169.3477,93763164.0
2022-12-15,1162.2407,1165.4025,1155.2632,1158.2689,97672774.0
2022-12-16,1161.4556,1164.2389,1156.8928,1163.0435,68375755.0
2022-12-19,1163.4125,1165.819,1153.7801,1164.1221,65959828.0
2022-12-20,1168.3059,1183.3249,1166.8667,1176.2204,41668165.0
2022-12-21,1175.6977,1180.9534,1167.2855,1172.988,58434593.0
2022-12-22,1172.8668,1175.5761,1162.5429,1168.429,48546490.0
2022-12-23,1166.144,1166.934,1154.4007,1157.7682,63501584.0
2022-12-26,1163.4055,1178.5008,1155.9979,1174.6711,83017868.0
2022-12-27,1174.8771,1178.0503,1171.9803,1175.602,53506222.0
2022-12-28,1175.8573,1187.8248,1174.3793,1176.368,113396378.0
2022-12-29,1179.0044,1193.8308,1175.1739,1192.7603,110875168.0
2022-12-30,1194.7765,1201.9861,1193.1624,1197.7458,40609662.0
2023-01-02,1194.797,1197.5848,1183.3663,1183.972,104462166.0
2023-01-03,1184.3949,1187.2001,1177.7764,1185.1387,108691371.0
2023-01-04,1184.7695,1188.143,1180.2041,1184.1203,41952975.0
2023-01-05,1187.1419,1202.2958,1187.1419,1200.6302,52726882.0
2023-01-06,1199.7715,1201.7448,1190.4916,1190.8388,72657213.0
2023-01-09,1188.612,1191.2008,1181.8486,1182.947,69248746.0
2023-01-10,1179.0114,1180.2596,1165.092,1173.7716,58547334.0
2023-01-11,1170.5752,1171.0697,1155.3214,1163.5482,90281777.0
2023-01-12,1161.3866,1167.5199,1158.2429,1158.6698,107088784.0
2023-01-13,1161.4867,1166.5927,1157.1005,1164.2826,173229454.0
2023-01-16,1165.2471,1170.157,1162.4737,1168.0697,82920778.0
2023-01-17,1175.8907,1189.4748,1175.8907,1186.3647,109091438.0
2023-01-18,1190.3186,1197.0917,1186.3434,1197.0917,37262070.0
2023-01-19,1198.8947,1208.8759,1198.0123,1206.7949,77791076.0
2023-01-20,1207.6207,1220.8502,1207.299,1213.5958,114099033.0
2023-01-23,1213.4973,1215.8756,1204.7549,1212.9799,34162933.0
2023-01-24,1213.3379,1215.0742,1206.5716,1213.756,106026890.0
2023-01-25,1213.8385,1215.4772,1207.2145,1213.9945,71073527.0
2023-01-26,1213.8016,1221.9423,1209.1477,1211.5914,55927649.0
2023-01-27,1210.0464,1211.9387,1205.6464,1205.9898,79347971.0
2023-01-30,1205.0795,1205.3642,1193.1847,1199.4491,38250747.0
2023-01-31,1205.3607,1220.1554,1200.7952,1219.554,123975967.0
2023-02-01,1223.5815,1229.1727,1221.9569,1228.1181,77390206.0
2023-02-02,1227.1796,1227.5617,1217.4998,1222.3874,66045853.0
2023-02-03,1219.9424,1222.9044,1209.8215,1210.5995,83129277.0
2023-02-06,1207.9182,1211.8859,1201.7948,1205.9166,61339607.0
2023-02-07,1204.3677,1206.5051,1197.6209,1201.0729,43512075.0
2023-02-08,1198.8495,1205.1029,1183.1661,1185.2202,98412386.0
2023-02-09,1185.8344,1198.3934,1185.8344,1189.5428,81474131.0
2023-02-10,1190.1656,1201.6848,1186.479,1195.5862,41499359.0
2023-02-13,1191.4645,1197.2508,1184.4049,1184.4049,38751205.0
2023-02-14,1183.3833,1190.753,1178.1732,1178.1732,60021930.0
2023-02-15,1179.0072,1187.7811,1176.3377,1184.8759,44718787.0
2023-02-16,1188.8621,1199.8168,1183.9192,1198.3024,43012896.0
2023-02-17,1198.5454,1209.507,1197.4003,1199.1998,85416224.0
2023-02-20,1197.4135,1200.5471,1193.9326,1194.6988,54238836.0
2023-02-21,1190.5435,1191.2374,1169.2261,1169.8716,37996460.0
2023-02-22,1170.4643,1181.8692,1169.1781,1175.4784,104816433.0
2023-02-23,1175.3637,1177.824,1169.8743,1175.0631,89818425.0
2023-02-24,1172.9457,1175.1488,1160.7871,1163.9796,81792544.0
2023-02-27,1164.7851,1180.3211,1159.5496,1173.1587,56778399.0
2023-02-28,1170.689,1184.1248,1167.0292,1167.0292,89794417.0
2023-03-01,1173.2337,1185.0178,1172.6428,1181.7069,55800665.0
2023-03-02,1186.5164,1191.5388,1184.2785,1190.231,66818392.0
2023-03-03,1190.5194,1195.1522,1181.6609,1192.8445,49470284.0
2023-03-06,1193.0325,1198.7584,1191.3167,1193.5489,47935297.0
2023-03-07,1192.0999,1192.4166,1186.4918,1189.7617,81535335.0
2023-03-08,1187.8956,1191.918,1181.9342,1185.584,58267301.0
2023-03-09,1185.9706,1193.6082,1183.9918,1187.3728,40884082.0
2023-03-10,1183.0234,1184.9224,1175.4938,1179.2288,116534810.0
2023-03-13,1179.9631,1189.5253,1178.378,1184.0369,46189435.0
2023-03-14,1187.3116,1199.0432,1187.2783,1195.901,93110804.0
2023-03-15,1197.173,1203.9846,1194.0065,1200.9633,103688659.0
2023-03-16,1196.9176,1199.6021,1191.4387,1194.3705,94428422.0
2023-03-17,1196.8939,1201.5129,1193.1237,1201.1468,73385249.0
2023-03-20,1201.8884,1209.1305,1199.7561,1205.3955,95250601.0
2023-03-21,1204.5149,1205.4383,1194.3256,1197.3479,44239948.0
2023-03-22,1197.5687,1198.922,1191.3527,1197.67,99072805.0
2023-03-23,1201.8875,1211.2543,1201.4256,1209.4886,80787297.0
2023-03-24,1205.1584,1208.2628,1202.4969,1202.6332,72741885.0
2023-03-27,1208.759,1225.2019,1207.375,1223.4899,59288647.0
2023-03-28,1223.6294,1224.2207,1215.4532,1224.2207,101302759.0
2023-03-29,1221.4778,1227.163,1218.3181,1218.3181,66170995.0
2023-03-30,1219.4131,1226.3038,1213.935,1221.9939,83880740.0
2023-03-31,1228.845,1236.7525,1227.4325,1234.2838,50452770.0
2023-04-03,1225.6097,1228.4562,1216.2598,1216.9153,51039223.0
2023-04-04,1216.9293,1224.4847,1215.4923,1217.3888,35863607.0
2023-04-05,1210.9303,1210.9303,1193.1774,1194.9267,46871085.0
2023-04-06,1196.278,1200.3481,1190.0711,1198.5011,50835252.0
2023-04-07,1198.7032,1201.5353,1185.4373,1199.7702,65011874.0
2023-04-10,1203.2493,1218.5969,1199.0621,1216.5856,81021461.0
2023-04-11,1216.8092,1223.7474,1210.5536,1217.6132,107166121.0
2023-04-12,1213.6517,1215.2754,1205.3392,1206.9605,49760815.0
2023-04-13,1203.1992,1204.8521,1185.3634,1187.4262,92343781.0
2023-04-14,1187.7926,1195.2588,1182.9702,1189.1187,78709749.0
2023-04-17,1183.8936,1187.7398,1167.3248,1171.8112,51872561.0
2023-04-18,1170.8849,1171.7809,1162.9183,1168.3343,44468867.0
2023-04-19,1167.1184,1175.3681,1162.0224,1163.5909,18680992.0
2023-04-20,1164.4167,1167.9355,1158.3953,1166.8026,64678345.0
2023-04-21,1172.0391,1184.2344,1170.9938,1179.4537,46037911.0
2023-04-24,1177.3987,1186.6304,1174.0307,1174.0415,32480559.0
2023-04-25,1176.3261,1193.9891,1167.7391,1191.4379,63494441.0
2023-04-26,1187.6647,1190.394,1181.705,1185.2337,54213704.0
2023-04-27,1179.8787,1183.1914,1171.4119,1173.102,68087158.0
2023-04-28,1172.9691,1176.6044,1161.8475,1170.8911,51730298.0
2023-05-01,1175.0978,1187.9879,1170.8368,1187.9879,44526597.0
2023-05-02,1187.2728,1191.3821,1182.1487,1186.2346,99079051.0
2023-05-03,1183.0731,1184.3048,1177.5331,1179.4358,83116401.0
2023-05-04,1177.4756,1177.4894,1162.3663,1164.0038,85967655.0
2023-05-05,1163.9442,1173.9785,1161.0201,1162.6971,62813050.0
2023-05-08,1163.6736,1169.6216,1159.7556,1165.0528,93618231.0
2023-05-09,1165.7359,1175.883,1165.172,1172.0655,82596567.0
2023-05-10,1174.0202,1181.9896,1173.4599,1181.0951,46157369.0
2023-05-11,1177.9179,1178.5222,1160.8609,1170.5621,43767263.0
2023-05-12,1167.7792,1171.253,1150.551,1151.087,109140417.0
2023-05-15,1151.0944,1162.322,1146.4191,1151.1512,63356370.0
2023-05-16,1153.0002,1173.0412,1150.1363,1169.2014,46328380.0
2023-05-17,1169.7267,1179.0079,1165.9528,1170.3198,79752567.0
2023-05-18,1169.0205,1170.691,1156.0558,1158.7305,42664763.0
2023-05-19,1153.9937,1154.719,1134.6298,1141.1858,47216997.0
2023-05-22,1141.128,1152.6541,1134.3568,1140.6194,55882136.0
2023-05-23,1142.9876,1156.623,1136.8504,1156.3204,66430970.0
2023-05-24,1158.0756,1162.4563,1156.4367,1158.7556,73148470.0
2023-05-25,1161.6131,1169.6935,1151.7196,1169.6935,58762119.0
2023-05-26,1169.6107,1169.6107,1155.4095,1167.6206,80082986.0
2023-05-29,1166.1559,1169.7954,1154.5394,1157.9221,65524115.0
2023-05-30,1158.7156,1171.1537,1157.6925,1163.7655,136594023.0
2023-05-31,1163.8988,1170.3219,1160.6491,1165.6065,65731057.0
2023-06-01,1168.0549,1175.8946,1164.3455,1172.2151,138829533.0
2023-06-02,1177.755,1190.7114,1177.755,1185.2565,48355835.0
2023-06-05,1189.928,1199.6799,1189.2789,1198.7694,102311295.0
2023-06-06,1197.1506,1197.5342,1188.8752,1195.5579,50442320.0
2023-06-07,1198.2784,1212.0909,1195.8805,1204.7341,49857338.0
2023-06-08,1204.2996,1208.6116,1201.8187,1203.3357,70127251.0
2023-06-09,1199.3126,1199.5482,1187.524,1189.6593,79579498.0
2023-06-12,1186.9984,1187.9342,1179.2585,1183.121,75903200.0
2023-06-13,1182.3475,1188.1794,1174.6368,1175.356,45424117.0
2023-06-14,1181.7805,1194.5292,1181.6584,1192.4849,62852588.0
2023-06-15,1192.9494,1201.652,1192.5725,1198.4596,65135747.0
2023-06-16,1188.3149,1188.8146,1176.0646,1176.2019,55332286.0
2023-06-19,1175.6856,1178.2784,1165.217,1171.021,48769438.0
2023-06-20,1174.211,1185.8274,1173.2064,1181.3965,37688063.0
2023-06-21,1180.4128,1182.3058,1175.0383,1177.1237,72994612.0
2023-06-22,1176.2459,1178.5269,1167.7897,1171.4725,37253404.0
2023-06-23,1168.1081,1170.0353,1154.1502,1154.1502,116953701.0
2023-06-26,1163.5032,1172.9802,1161.402,1168.2368,90222170.0
2023-06-27,1170.8009,1175.5996,1167.3281,1172.9417,35417942.0
2023-06-28,1173.584,1176.4593,1167.1303,1174.8352,64552284.0
2023-06-29,1175.6914,1178.654,1167.8077,1177.2516,56735153.0
2023-06-30,1179.7879,1191.9067,1176.0251,1189.4783,73867041.0
2023-07-03,1187.4199,1195.9014,1173.6186,1174.3119,88124996.0
2023-07-04,1175.6334,1184.1449,1172.6305,1181.5481,138696984.0
2023-07-05,1184.2993,1196.2468,1181.7188,1190.6857,105880479.0
2023-07-06,1187.8419,1189.0998,1176.4636,1181.5002,86136944.0
2023-07-07,1182.9317,1197.4903,1182.9317,1192.5525,77466579.0
2023-07-10,1199.0817,1208.5091,1198.2283,1205.1352,72754258.0
2023-07-11,1204.1625,1204.6649,1195.9503,1200.5142,90309880.0
2023-07-12,1202.6665,1210.148,1200.4251,1206.7761,89663822.0
2023-07-13,1207.0099,1224.4862,1206.7736,1215.5418,64077062.0
2023-07-14,1215.6623,1216.202,1211.5458,1215.7291,45855095.0
2023-07-17,1215.0755,1216.6525,1209.2388,1212.8674,60283028.0
2023-07-18,1212.0316,1213.7045,1201.62,1205.1664,45510344.0
2023-07-19,1203.8737,1206.9578,1198.9207,1199.3149,55209230.0
2023-07-20,1202.6887,1212.2325,1202.5181,1211.8617,125678301.0
2023-07-21,1213.2333,1216.4175,1210.8475,1216.3276,52715785.0
2023-07-24,1215.898,1219.15,1210.9897,1214.1709,126101951.0
2023-07-25,1210.9821,1214.4616,1204.7771,1206.2455,78555588.0
2023-07-26,1203.897,1204.9869,1194.4983,1194.8912,87165243.0
2023-07-27,1199.6061,1219.6191,1198.7814,1216.623,44666118.0
2023-07-28,1215.1192,1216.9336,1210.8041,1212.6127,62669562.0
2023-07-31,1212.7631,1217.3397,1208.7187,1213.1647,51624687.0
2023-08-01,1209.3805,1212.4226,1200.6907,1202.1916,70240146.0
2023-08-02,1205.8823,1230.7124,1203.5928,1230.5622,66367375.0
2023-08-03,1228.5397,1234.2494,1223.3746,1224.0053,38882478.0
2023-08-04,1218.4616,1218.702,1206.0808,1207.9206,46267775.0
2023-08-07,1208.1119,1214.3506,1204.123,1209.0335,55734316.0
2023-08-08,1209.2655,1213.6375,1205.4135,1209.9668,75201853.0
2023-08-09,1208.231,1208.231,1194.5834,1201.4177,57130337.0
2023-08-10,1202.6845,1213.4279,1198.3626,1210.7243,66418484.0
2023-08-11,1209.0856,1214.946,1203.4319,1204.6686,94217014.0
2023-08-14,1207.4469,1222.7809,1206.559,1222.7809,58696371.0
2023-08-15,1222.278,1225.7299,1215.185,1220.1202,63271723.0
2023-08-16,1218.2448,1219.724,1206.7569,1211.9007,70509365.0
2023-08-17,1211.8236,1214.5269,1204.7225,1211.6961,70062620.0
2023-08-18,1213.4891,1231.1586,1213.4891,1230.382,64198449.0
2023-08-21,1233.1598,1240.2733,1229.8832,1238.4782,74452275.0
2023-08-22,1239.2688,1255.1949,1238.3162,1246.4073,35153209.0
2023-08-23,1235.6268,1236.67,1227.5073,1227.5106,36494751.0
2023-08-24,1230.3938,1239.0219,1224.7947,1235.9175,84521556.0
2023-08-25,1241.5458,1250.2936,1241.5458,1249.422,57497131.0
2023-08-28,1247.5241,1251.8942,1237.2349,1238.2305,75955486.0
2023-08-29,1236.7003,1242.0735,1224.8822,1228.1974,69006930.0
2023-08-30,1229.4369,1242.0158,1229.4209,1233.3802,134072866.0
2023-08-31,1231.719,1234.2985,1213.0912,1215.1752,55833051.0
2023-09-01,1215.4586,1217.5272,1197.9698,1216.1671,54401535.0
2023-09-04,1211.9212,1220.529,1202.5681,1203.5086,97141799.0
2023-09-05,1204.4183,1217.8012,1201.6871,1211.1857,60584266.0
2023-09-06,1211.7783,1221.0929,1211.107,1212.8805,69282819.0
2023-09-07,1217.1917,1229.2363,1214.5293,1226.8265,61537524.0
2023-09-08,1225.8072,1233.8228,1220.2023,1224.3092,87507310.0
2023-09-11,1221.0033,1226.8765,1208.0605,1209.875,59827197.0
2023-09-12,1207.4283,1213.7277,1204.3119,1205.5886,66917617.0
2023-09-13,1205.1145,1206.8018,1196.7541,1201.3634,61261384.0
2023-09-14,1204.1484,1209.3057,1196.7656,1209.0745,26949813.0
2023-09-15,1210.0048,1217.7221,1202.2744,1215.4064,74398780.0
2023-09-18,1214.2304,1224.4955,1209.463,1209.6939,47663523.0
2023-09-19,1212.974,1225.5192,1209.6274,1222.9258,100008240.0
2023-09-20,1217.8693,1220.9253,1210.6601,1212.0888,67276841.0
2023-09-21,1214.7871,1220.2051,1213.7887,1217.8592,47143784.0
2023-09-22,1208.5306,1208.5306,1190.3875,1192.7565,52283836.0
2023-09-25,1190.193,1193.5617,1186.349,1188.1843,93271995.0
2023-09-26,1182.8443,1186.2208,1163.9517,1167.2061,57510756.0
2023-09-27,1169.754,1173.2549,1160.4501,1173.2549,147677307.0
2023-09-28,1173.2592,1184.6391,1165.7062,1173.3082,76838396.0
2023-09-29,1172.3374,1173.6038,1151.7306,1157.1782,50474718.0
2023-10-02,1157.9313,1168.4151,1156.4739,1166.3126,71485441.0
2023-10-03,1165.434,1170.3503,1160.1602,1163.6992,48140935.0
2023-10-04,1163.0457,1165.3699,1155.3746,1161.5937,68629878.0
2023-10-05,1163.4173,1175.9469,1162.4932,1166.1531,40477569.0
2023-10-06,1167.8187,1187.4468,1167.3184,1181.5268,84641861.0
2023-10-09,1183.6487,1198.4282,1182.7342,1194.8913,82019214.0
2023-10-10,1191.2842,1199.6495,1183.3014,1184.8787,66190804.0
2023-10-11,1188.813,1206.3649,1186.2699,1201.3521,71247171.0
2023-10-12,1202.8082,1217.7749,1200.7903,1213.7465,70231272.0
2023-10-13,1216.2022,1228.2904,1214.3456,1218.8977,58475312.0
2023-10-16,1218.8055,1219.8094,1208.6991,1217.9917,49176207.0
2023-10-17,1216.9077,1216.9601,1208.2846,1212.3532,64408606.0
2023-10-18,1213.357,1216.2639,1210.2547,1214.7217,32004396.0
2023-10-19,1210.8048,1212.8285,1186.3015,1188.1407,90603382.0
2023-10-20,1199.5892,1220.4879,1198.1564,1219.8012,71124434.0
2023-10-23,1214.3835,1218.6452,1206.2262,1208.0055,42395251.0
2023-10-24,1214.6132,1221.9068,1212.5859,1217.1573,68061634.0
2023-10-25,1219.3089,1241.1132,1219.3089,1236.6033,75112509.0
2023-10-26,1243.6919,1258.81,1243.4771,1251.4431,153792017.0
2023-10-27,1252.1012,1260.2712,1248.4289,1256.1974,116566925.0
2023-10-30,1253.9289,1258.9588,1249.2642,1250.2731,61742798.0
2023-10-31,1252.3066,1259.6887,1252.0095,1253.5968,48030844.0
2023-11-01,1251.7193,1260.184,1243.3237,1243.3237,53217892.0
2023-11-02,1240.2947,1241.1389,1229.7962,1233.5063,62631637.0
2023-11-03,1234.9498,1245.1838,1233.8332,1240.7338,47814660.0
2023-11-06,1241.4753,1253.6078,1239.9762,1248.377,58890243.0
2023-11-07,1248.6591,1254.3755,1237.7617,1251.5073,74580047.0
2023-11-08,1250.5034,1255.7803,1248.6472,1249.6324,44168536.0
2023-11-09,1255.3002,1276.0505,1252.3275,1275.0997,49546930.0
2023-11-10,1274.8697,1276.5262,1269.914,1274.6692,59336596.0
2023-11-13,1274.0695,1283.5561,1272.3602,1273.0214,50620311.0
2023-11-14,1273.1024,1283.191,1270.808,1273.7128,95967399.0
2023-11-15,1276.3117,1291.9338,1273.7104,1287.6387,56769382.0
2023-11-16,1286.1896,1287.1066,1280.3643,1282.5952,57798575.0
2023-11-17,1282.7287,1289.4526,1279.463,1283.5721,58565295.0
2023-11-20,1281.9436,1288.6101,1276.3951,1276.5371,74569571.0
2023-11-21,1275.8465,1280.1783,1266.4661,1270.0333,79677136.0
2023-11-22,1272.1538,1278.7429,1270.6222,1276.6755,83355805.0
2023-11-23,1277.1989,1287.7758,1277.013,1283.1239,94944193.0
2023-11-24,1285.1236,1289.8258,1282.1278,1287.7781,94644108.0
2023-11-27,1288.1604,1297.7722,1282.6065,1289.8082,51018509.0
2023-11-28,1290.0365,1302.626,1288.594,1291.6927,41128821.0
2023-11-29,1294.8343,1308.803,1291.9748,1302.8811,47986070.0
2023-11-30,1296.5048,1298.3015,1286.4247,1287.0051,98835985.0
2023-12-01,1288.3747,1296.3279,1282.8876,1293.8751,50138693.0
2023-12-04,1296.4337,1310.2685,1288.0813,1305.0985,90171073.0
2023-12-05,1307.8314,1312.8553,1305.4735,1312.7325,123841525.0
2023-12-06,1313.3579,1317.6665,1308.9754,1314.4309,65342411.0
2023-12-07,1313.7667,1314.626,1303.4059,1311.2778,52103202.0
2023-12-08,1314.0269,1318.5623,1313.5393,1316.3791,60972566.0
2023-12-11,1315.9476,1323.615,1310.7521,1315.5434,87450107.0
2023-12-12,1311.8072,1314.8253,1306.6471,1307.0241,112398152.0
2023-12-13,1306.9072,1308.1265,1297.0864,1306.4422,39430779.0
2023-12-14,1305.3907,1307.8835,1301.3928,1304.3054,88060972.0
2023-12-15,1305.2324,1307.6484,1297.6749,1307.0433,52088206.0
2023-12-18,1305.667,1310.3808,1291.5051,1292.0214,36517996.0
2023-12-19,1293.0354,1309.5269,1286.7877,1308.1879,73742961.0
2023-12-20,1309.2816,1318.7291,1307.2291,1311.9266,125596368.0
2023-12-21,1312.9356,1316.4128,1310.0601,1313.6283,86226468.0
2023-12-22,1311.7513,1315.334,1303.6662,1307.9971,76777683.0
2023-12-25,1310.0355,1314.6222,1306.516,1311.7746,73428944.0
2023-12-26,1314.0843,1325.3471,1313.3129,1321.2792,109969520.0
2023-12-27,1320.8635,1324.4032,1310.9633,1316.0962,70672466.0
2023-12-28,1317.9871,1323.4835,1315.4877,1321.9793,45036353.0
2023-12-29,1324.9069,1329.9226,1321.3637,1327.6983,57654931.0
2024-01-01,1329.4956,1341.1316,1329.2012,1332.7644,72374342.0
2024-01-02,1331.3644,1336.3467,1325.8682,1326.0651,48937168.0
2024-01-03,1325.0565,1334.3463,1314.8741,1317.8754,59289066.0
2024-01-04,1322.7835,1330.5344,1318.4767,1329.0747,62473972.0
2024-01-05,1333.6442,1349.7821,1333.582,1345.25,63207577.0
2024-01-08,1345.1308,1353.8503,1343.0695,1344.4224,154425276.0
2024-01-09,1345.8304,1353.0096,1343.7193,1349.4401,43813898.0
2024-01-10,1350.0513,1356.9905,1343.6809,1354.1523,59605521.0
2024-01-11,1352.0604,1352.6675,1338.972,1346.637,138345348.0
2024-01-12,1347.6316,1356.2028,1343.0381,1353.9489,56543879.0
2024-01-15,1354.4378,1362.6678,1349.2946,1356.2098,111705130.0
2024-01-16,1351.6271,1351.6271,1342.2315,1345.8297,40438916.0
2024-01-17,1347.6798,1351.836,1345.463,1349.7373,60013010.0
2024-01-18,1350.0364,1351.0511,1342.0981,1350.6033,48336572.0
2024-01-19,1348.6686,1350.5622,1338.1434,1338.1434,71774540.0
2024-01-22,1336.2358,1336.3928,1328.1901,1330.9443,65397563.0
2024-01-23,1326.9512,1332.6766,1319.0213,1319.0213,54958157.0
2024-01-24,1319.5795,1329.6968,1317.7899,1324.3135,42549253.0
2024-01-25,1325.571,1337.3259,1324.0337,1335.3987,41432907.0
2024-01-26,1336.464,1343.4107,1334.6452,1340.0106,63511786.0
2024-01-29,1339.9105,1342.8117,1332.3841,1335.7672,75303442.0
2024-01-30,1335.2202,1337.4073,1329.8102,1334.4603,51782140.0
2024-01-31,1332.2024,1334.2945,1320.5857,1321.0544,41414008.0
2024-02-01,1323.2169,1328.4736,1317.4828,1326.2464,64628319.0
2024-02-02,1326.7345,1330.272,1322.8004,1327.4029,79100634.0
2024-02-05,1324.6029,1327.8276,1318.0054,1318.6378,53455917.0
2024-02-06,1318.6755,1320.3027,1310.1776,1318.8233,63763259.0
2024-02-07,1320.2384,1335.6918,1320.2384,1327.8556,46891296.0
2024-02-08,1325.3888,1325.3888,1306.3376,1309.2905,62523920.0
2024-02-09,1308.5924,1313.1202,1302.9216,1304.1129,40841217.0
2024-02-12,1309.9887,1321.7207,1309.706,1321.0014,241784752.0
2024-02-13,1324.3143,1341.9571,1323.2854,1341.6947,67162264.0
2024-02-14,1340.0467,1342.8015,1332.2211,1335.5502,102934054.0
2024-02-15,1335.0695,1343.5394,1324.6257,1326.4586,61459545.0
2024-02-16,1332.7475,1355.2483,1329.3416,1351.2529,84916263.0
2024-02-19,1346.5618,1350.5163,1338.2011,1339.852,51406651.0
2024-02-20,1345.332,1352.9512,1344.3984,1349.3997,63084069.0
2024-02-21,1340.0381,1340.9091,1310.2367,1310.279,100941537.0
2024-02-22,1286.1799,1286.1799,1263.3793,1267.7363,81489206.0
2024-02-23,1291.7957,1304.0294,1289.0606,1298.3644,77578349.0
2024-02-26,1311.3449,1356.4531,1308.9241,1354.0604,54526817.0
2024-02-27,1359.0026,1376.8487,1345.5141,1369.5393,42655269.0
2024-02-28,1375.8551,1392.5834,1372.4992,1381.2,104427898.0
2024-02-29,1386.3073,1400.8829,1382.9427,1398.9058,52453379.0
2024-03-01,1392.72,1402.8457,1382.6767,1384.9554,82720938.0
2024-03-04,1383.974,1397.7731,1367.7274,1380.1534,39740407.0
2024-03-05,1381.2995,1395.2679,1377.5997,1386.6077,70659366.0
2024-03-06,1391.6401,1400.523,1377.9121,1398.8494,59150723.0
2024-03-07,1402.564,1418.7359,1396.011,1415.8237,67390767.0
2024-03-08,1414.5722,1425.4058,1408.0483,1412.7223,77052537.0
2024-03-11,1412.8251,1418.4582,1398.5048,1417.8483,47272584.0
2024-03-12,1410.3517,1412.8157,1403.0848,1408.175,74033166.0
2024-03-13,1415.0089,1421.8353,1407.0014,1419.4402,61937626.0
2024-03-14,1419.0713,1422.4228,1407.7578,1418.4677,55668374.0
2024-03-15,1414.8411,1419.5241,1399.8199,1402.0998,34237140.0
2024-03-18,1388.7751,1395.8234,1374.7595,1375.3528,57357400.0
2024-03-19,1375.8101,1385.0622,1363.517,1379.7468,49753184.0
2024-03-20,1383.0247,1390.8797,1374.2982,1385.4844,85127213.0
2024-03-21,1387.9099,1403.8867,1387.9099,1399.6674,59037336.0
2024-03-22,1399.4402,1405.973,1394.0959,1399.1994,86888793.0
2024-03-25,1399.6502,1407.5033,1397.3827,1401.991,41166044.0
2024-03-26,1402.378,1405.6751,1395.3622,1403.1047,133146010.0
2024-03-27,1401.1551,1408.0984,1394.0929,1396.7773,153847959.0
2024-03-28,1397.7598,1406.2434,1391.1949,1399.6086,63852129.0
2024-03-29,1399.7095,1408.7671,1399.2994,1399.8867,44809503.0
2024-04-01,1402.4247,1407.2195,1391.4853,1406.0421,55915217.0
2024-04-02,1403.7004,1405.517,1394.1007,1400.0245,68605144.0
2024-04-03,1400.9968,1409.6244,1397.5941,1407.1989,51629819.0
2024-04-04,1408.29,1415.2005,1404.2678,1412.2295,59708634.0
2024-04-05,1415.1176,1431.4667,1414.3199,1429.3105,97445736.0
2024-04-08,1428.8626,1435.4246,1424.2635,1428.1876,68907428.0
2024-04-09,1429.6741,1441.3258,1422.8926,1435.4854,58854270.0
2024-04-10,1433.8591,1437.815,1426.7829,1428.3893,60032379.0
2024-04-11,1424.1307,1424.1307,1405.8503,1405.9536,37565465.0
2024-04-12,1405.2127,1406.3293,1388.8497,1398.6965,100001369.0
2024-04-15,1403.2641,1410.7208,1399.4907,1408.1004,53079206.0
2024-04-16,1399.6615,1403.8043,1384.9705,1386.5488,57425320.0
2024-04-17,1393.0134,1418.4437,1391.0669,1412.6014,63923164.0
2024-04-18,1408.4746,1414.3616,1394.5705,1400.3992,76307728.0
2024-04-19,1419.6091,1437.3158,1417.6884,1434.1365,41302257.0
2024-04-22,1426.7478,1427.7912,1415.7998,1417.8682,67917266.0
2024-04-23,1424.9849,1436.3595,1423.215,1433.4919,101435832.0
2024-04-24,1432.7327,1439.6997,1425.4805,1431.7535,75715254.0
2024-04-25,1432.1787,1439.6452,1426.7572,1436.0407,40187095.0
2024-04-26,1439.6482,1459.1323,1438.0364,1458.6354,49236595.0
2024-04-29,1463.5583,1470.3928,1461.7653,1467.9893,80807029.0
2024-04-30,1466.9047,1478.9811,1465.5339,1465.5339,63862318.0
2024-05-01,1467.2466,1474.6234,1460.8333,1473.8162,86904359.0
2024-05-02,1473.7861,1479.5395,1471.3108,1473.5053,91306375.0
2024-05-03,1474.6641,1479.0289,1471.4464,1475.9602,68468033.0
2024-05-06,1476.5284,1480.3728,1467.1798,1478.0286,27997088.0
2024-05-07,1479.6816,1487.4422,1476.0226,1483.7731,97471081.0
2024-05-08,1482.9109,1483.5656,1473.3622,1480.3058,79139058.0
2024-05-09,1480.4429,1485.2656,1472.9703,1481.7419,84596650.0
2024-05-10,1482.2208,1489.4627,1476.275,1489.4627,81775931.0
2024-05-13,1494.339,1516.7442,1493.1001,1515.1448,96894503.0
2024-05-14,1521.8909,1539.4829,1515.2553,1536.0979,49161002.0
2024-05-15,1537.0059,1540.7203,1534.4587,1539.0068,51696858.0
2024-05-16,1542.5599,1545.2864,1536.718,1543.6966,129384261.0
2024-05-17,1542.0843,1548.9722,1537.8012,1538.0673,75401340.0
2024-05-20,1539.7749,1554.6091,1538.652,1551.9467,100185198.0
2024-05-21,1548.6377,1552.981,1536.1764,1536.1764,69114993.0
2024-05-22,1540.2335,1542.4058,1537.8444,1541.8636,161142833.0
2024-05-23,1538.1402,1538.5005,1529.6487,1530.5884,114251516.0
2024-05-24,1523.583,1524.659,1509.6639,1510.0718,48512827.0
2024-05-27,1515.7706,1528.5315,1510.0453,1526.1572,39563444.0
2024-05-28,1522.9352,1531.9451,1502.9701,1508.4346,74679866.0
2024-05-29,1514.6961,1518.9579,1510.6497,1517.5031,63085855.0
2024-05-30,1521.2677,1535.8639,1513.8643,1529.85,121949455.0
2024-05-31,1534.8346,1548.0766,1533.4524,1546.6523,87297651.0
2024-06-03,1542.7739,1552.5391,1531.4023,1532.9003,54786556.0
2024-06-04,1533.8749,1544.7245,1528.9191,1536.1992,79854758.0
2024-06-05,1539.7544,1557.4181,1539.3343,1553.6972,67948186.0
2024-06-06,1556.6838,1573.4441,1556.6838,1572.4566,78748207.0
2024-06-07,1573.886,1592.1353,1561.8758,1585.0354,60194816.0
2024-06-10,1585.9438,1595.5816,1582.0341,1592.9381,61357939.0
2024-06-11,1594.4198,1598.4032,1588.2677,1596.961,51086553.0
2024-06-12,1606.153,1614.6686,1600.1634,1613.9751,62278720.0
2024-06-13,1614.8495,1624.1873,1607.2917,1623.5228,65406576.0
2024-06-14,1623.0321,1627.215,1617.8183,1621.6658,123943561.0
2024-06-17,1621.3971,1631.306,1618.4432,1620.9526,184892424.0
2024-06-18,1622.7495,1639.397,1622.2557,1626.3086,85805819.0
2024-06-19,1628.3879,1637.7254,1618.5347,1634.8089,28795910.0
2024-06-20,1636.5016,1641.4307,1631.0224,1638.7852,56398918.0
2024-06-21,1640.8692,1647.9838,1639.2922,1642.0162,126830754.0
2024-06-24,1641.6962,1645.6875,1633.4867,1639.7421,50914057.0
2024-06-25,1644.8037,1658.7052,1643.7018,1658.4891,125303407.0
2024-06-26,1651.9289,1651.9289,1596.1161,1596.1161,63334363.0
2024-06-27,1595.0663,1605.9816,1585.1429,1593.3799,82955575.0
2024-06-28,1592.1139,1606.3277,1571.5545,1577.2289,75844355.0
2024-07-01,1581.2695,1598.7177,1578.449,1594.0023,53007919.0
2024-07-02,1589.6693,1589.6693,1564.3225,1573.0408,31423653.0
2024-07-03,1568.0296,1570.2225,1544.8888,1553.4661,68334718.0
2024-07-04,1520.1038,1523.7076,1476.2717,1476.2717,61596778.0
2024-07-05,1476.2696,1512.3618,1467.5006,1476.2614,87655451.0
2024-07-08,1475.9692,1502.5198,1473.0024,1475.056,62932396.0
2024-07-09,1482.9294,1513.4437,1472.9631,1499.3724,72333313.0
2024-07-10,1486.3856,1491.4951,1458.557,1460.8878,25931547.0
2024-07-11,1448.5694,1453.6635,1420.0059,1420.4869,43168087.0
2024-07-12,1414.8782,1420.376,1388.4441,1407.1,53673944.0
2024-07-15,1405.3093,1411.896,1385.091,1399.6913,180273091.0
2024-07-16,1407.3008,1442.703,1405.1951,1423.3936,70677527.0
2024-07-17,1437.36,1464.6891,1434.6866,1463.9444,54570354.0
2024-07-18,1465.799,1474.0019,1451.5457,1472.6879,77033473.0
2024-07-19,1476.3221,1484.0545,1453.1803,1484.0545,94473702.0
2024-07-22,1485.0242,1524.0098,1480.7842,1512.0731,104938224.0
2024-07-23,1507.9029,1509.5967,1482.989,1488.5027,67175421.0
2024-07-24,1504.2638,1535.2723,1498.6099,1535.2723,79169449.0
2024-07-25,1536.5037,1551.009,1527.0013,1544.4232,64371980.0
2024-07-26,1531.5077,1532.9859,1497.7218,1508.9523,42687449.0
2024-07-29,1506.9009,1510.0535,1489.3005,1503.16,55363195.0
2024-07-30,1502.3622,1510.8799,1461.8577,1461.8577,53853215.0
2024-07-31,1465.1477,1493.2501,1464.9591,1481.4561,55057890.0
2024-08-01,1479.6038,1481.3242,1464.4198,1474.8174,63374628.0
2024-08-02,1474.8173,1497.3314,1463.9301,1474.8008,58003073.0
2024-08-05,1474.4433,1477.3369,1450.1516,1467.0963,123406806.0
2024-08-06,1465.5686,1469.3836,1447.6664,1459.8029,50585530.0
2024-08-07,1461.4327,1471.473,1453.0719,1466.8202,68341326.0
2024-08-08,1476.2017,1494.553,1473.1118,1490.3542,119465929.0
2024-08-09,1490.5933,1495.7727,1477.1358,1491.9956,53616798.0
2024-08-12,1494.0202,1507.095,1487.0107,1500.36,47210727.0
2024-08-13,1504.5593,1521.0393,1503.4733,1514.4966,98954625.0
2024-08-14,1513.5631,1534.2233,1510.829,1511.7129,61421979.0
2024-08-15,1513.5472,1531.2349,1509.3552,1516.2754,47088202.0
2024-08-16,1514.0908,1524.05,1499.8412,1508.5761,91816824.0
2024-08-19,1507.9248,1510.9911,1493.6141,1503.9883,67093560.0
2024-08-20,1507.619,1532.2889,1502.5385,1525.3676,117144715.0
2024-08-21,1527.5218,1535.2438,1524.8205,1531.5072,37704097.0
2024-08-22,1531.0739,1546.4191,1526.82,1528.0886,86514969.0
2024-08-23,1535.7098,1560.7899,1529.4588,1559.3203,55565029.0
2024-08-26,1563.8726,1582.8363,1563.6,1581.3076,68997441.0
2024-08-27,1580.621,1585.4306,1559.4516,1577.7058,32554550.0
2024-08-28,1578.4514,1585.6516,1568.8123,1584.6204,74139119.0
2024-08-29,1584.7795,1597.2944,1578.1257,1586.524,51643763.0
2024-08-30,1582.8031,1583.4095,1571.6766,1579.1179,60509231.0
2024-09-02,1579.1321,1595.7393,1574.9458,1579.1564,39770348.0
2024-09-03,1577.2831,1586.1891,1570.4009,1572.5367,47297958.0
2024-09-04,1572.2686,1576.0601,1557.2178,1561.9781,51284794.0
2024-09-05,1567.9388,1572.545,1565.8128,1569.5753,32236978.0
2024-09-06,1566.625,1569.9036,1559.7295,1563.4603,63222683.0
2024-09-09,1564.3475,1576.1835,1561.9467,1573.806,75065938.0
2024-09-10,1573.3017,1573.6952,1560.7524,1570.1977,143525534.0
2024-09-11,1567.3543,1567.3543,1554.2163,1561.0637,135683385.0
2024-09-12,1561.1552,1567.5153,1558.1396,1561.5018,57972565.0
2024-09-13,1564.3337,1584.1495,1563.2371,1583.2832,96951775.0
2024-09-16,1585.9329,1595.7318,1582.0813,1590.9339,122879844.0
2024-09-17,1591.3699,1595.4415,1579.9549,1592.4538,73972560.0
2024-09-18,1589.8406,1589.8406,1574.2541,1582.8396,44502175.0
2024-09-19,1583.1223,1585.0718,1575.8583,1583.4599,114981378.0
2024-09-20,1584.1224,1586.8462,1580.3889,1584.5898,84549243.0
2024-09-23,1586.7326,1597.3063,1586.5601,1589.7157,161519920.0
2024-09-24,1592.834,1601.3435,1591.7153,1600.8392,58991259.0
2024-09-25,1602.0506,1624.0825,1596.5353,1622.1053,70138070.0
2024-09-26,1623.6817,1635.1848,1623.6817,1629.3564,86114380.0
2024-09-27,1627.1905,1629.3267,1621.9785,1626.0828,41961407.0
2024-09-30,1630.1136,1643.1344,1629.7531,1634.3375,51497208.0
2024-10-01,1628.6679,1628.6679,1616.126,1622.7779,52058132.0
2024-10-02,1622.3029,1626.1287,1617.0008,1621.489,43629379.0
2024-10-03,1624.4422,1628.7404,1619.5639,1628.7404,63256990.0
2024-10-04,1627.3801,1630.0877,1615.4615,1623.4027,46279818.0
2024-10-07,1623.0953,1627.87,1618.3465,1622.491,64640678.0
2024-10-08,1622.4248,1627.1819,1618.3971,1622.3182,57435872.0
2024-10-09,1621.784,1625.3783,1613.5368,1617.7659,95665118.0
2024-10-10,1617.8034,1628.1082,1612.4235,1622.5182,53424470.0
2024-10-11,1621.0237,1623.9858,1610.4805,1615.8901,76427135.0
2024-10-14,1620.9543,1623.9577,1614.2406,1623.9242,83053617.0
2024-10-15,1611.817,1614.232,1601.9889,1603.0825,53155503.0
2024-10-16,1604.9082,1620.7893,1602.0975,1618.4539,137703961.0
2024-10-17,1620.234,1629.3195,1616.8977,1629.3195,57790915.0
2024-10-18,1632.2839,1639.238,1629.4146,1637.7217,52772273.0
2024-10-21,1638.9522,1651.0667,1638.1369,1642.6686,72429132.0
2024-10-22,1640.7204,1641.53,1629.8976,1633.8945,42675557.0
2024-10-23,1635.1194,1650.0127,1633.9467,1642.1852,42330311.0
2024-10-24,1643.1351,1655.2697,1640.2709,1648.699,44018812.0
2024-10-25,1646.9973,1651.5973,1635.8749,1641.7444,34029595.0
2024-10-28,1644.1146,1656.7415,1643.1943,1651.5876,75937148.0
2024-10-29,1653.4588,1666.8,1646.3046,1666.1195,67775116.0
2024-10-30,1667.4628,1676.5896,1664.9604,1670.5903,68240939.0
2024-10-31,1675.8334,1685.8943,1675.8334,1680.8319,72762299.0
